	0	1	2	3
0	http://people.aks.ac.kr/front/dirSer/exm/exmView.aks?exmId=EXM_KS_5COa_1032_240001&category=dirSer	정공지(鄭功志)	1032	G002+AKS-KHF_13C815ACF5C9C0U9999X0
1	http://people.aks.ac.kr/front/dirSer/exm/exmView.aks?exmId=EXM_KS_5COa_1049_240002&category=dirSer	한복(韓復)	1049	G002+AKS-KHF_12D55CBCF5FFFFU9999X2
2	http://people.aks.ac.kr/front/dirSer/exm/exmView.aks?exmId=EXM_KS_5COa_1071_240003&category=dirSer	■■■(■■■)	1071	_
3	http://people.aks.ac.kr/front/dirSer/exm/exmView.aks?exmId=EXM_KS_5COa_1082_240004&category=dirSer	김의원(金義元)	1082	G002+AKS-KHF_13AE40C758C6D0B1066X0
4	http://people.aks.ac.kr/front/dirSer/exm/exmView.aks?exmId=EXM_KS_5COa_1082_240005&category=dirSer	윤포(尹誧)	1082	G002+AKS-KHF_12C724D3ECFFFFB1063X0
5	http://people.aks.ac.kr/front/dirSer/exm/exmView.aks?exmId=EXM_KS_5COb_1091_240004&category=dirSer	김신(金藎)	1091	G002+AKS-KHF_12AE40C2E0FFFFU9999X3
6	http://people.aks.ac.kr/front/dirSer/exm/exmView.aks?exmId=EXM_KS_5COb_1091_240005&category=dirSer	유재(劉載)	1091	G002+AKS-KHF_12C720C7ACFFFFD1118X0
7	http://people.aks.ac.kr/front/dirSer/exm/exmView.aks?exmId=EXM_KS_5COb_1102_240006&category=dirSer	문공유(文公裕)	1102	G002+AKS-KHF_13BB38ACF5C720B1088X0
8	http://people.aks.ac.kr/front/dirSer/exm/exmView.aks?exmId=EXM_KS_5COb_1106_240005&category=dirSer	안지충(安之忠)	1106	G002+AKS-KHF_13C548C9C0CDA9U9999X0
9	http://people.aks.ac.kr/front/dirSer/exm/exmView.aks?exmId=EXM_KS_5COb_1116_240006&category=dirSer	유탄승(兪坦升)	1116	G002+AKS-KHF_13C720D0C4C2B9U9999X0
10	http://people.aks.ac.kr/front/dirSer/exm/exmView.aks?exmId=EXM_KS_5COb_1117_240007&category=dirSer	왕존(王存)	1117	G002+AKS-KHF_12C655C874FFFFU9999X0
11	http://people.aks.ac.kr/front/dirSer/exm/exmView.aks?exmId=EXM_KS_5COb_1122_240007&category=dirSer	호진경(胡晉卿)	1122	G002+AKS-KHF_13D638C9C4ACBDB1107X0
12	http://people.aks.ac.kr/front/dirSer/exm/exmView.aks?exmId=EXM_KS_5COb_1127_240008&category=dirSer	서순(徐淳)	1127	G002+AKS-KHF_12C11CC21CFFFFU9999X0
13	http://people.aks.ac.kr/front/dirSer/exm/exmView.aks?exmId=EXM_KS_5COb_1127_240009&category=dirSer	한정(韓靖)	1127	G002+AKS-KHF_12D55CC815FFFFU9999X0
14	http://people.aks.ac.kr/front/dirSer/exm/exmView.aks?exmId=EXM_KS_5COb_1127_240010&category=dirSer	고자사(高子思)	1127	G002+AKS-KHF_13ACE0C790C0ACU9999X0
15	http://people.aks.ac.kr/front/dirSer/exm/exmView.aks?exmId=EXM_KS_5COb_1127_240011&category=dirSer	허세수(許勢脩)	1127	G002+AKS-KHF_13D5C8C138C218U9999X0
16	http://people.aks.ac.kr/front/dirSer/exm/exmView.aks?exmId=EXM_KS_5COb_1127_240012&category=dirSer	이당인(李唐仁)	1127	G002+AKS-KHF_13C774B2F9C778U9999X1
17	http://people.aks.ac.kr/front/dirSer/exm/exmView.aks?exmId=EXM_KS_5COb_1127_240013&category=dirSer	최중거(崔仲居)	1127	G002+AKS-KHF_13CD5CC911AC70U9999X0
18	http://people.aks.ac.kr/front/dirSer/exm/exmView.aks?exmId=EXM_KS_5COb_1127_240014&category=dirSer	장영경(張令卿)	1127	G002+AKS-KHF_13C7A5C601ACBDU9999X0
19	http://people.aks.ac.kr/front/dirSer/exm/exmView.aks?exmId=EXM_KS_5COb_1127_240015&category=dirSer	김승온(金承溫)	1127	G002+AKS-KHF_13AE40C2B9C628U9999X0
20	http://people.aks.ac.kr/front/dirSer/exm/exmView.aks?exmId=EXM_KS_5COb_1127_240016&category=dirSer	진현광(陳玄光)	1127	G002+AKS-KHF_13C9C4D604AD11U9999X0
21	http://people.aks.ac.kr/front/dirSer/exm/exmView.aks?exmId=EXM_KS_5COb_1139_240008&category=dirSer	임경(林景)	1139	G002+AKS-KHF_12C784ACBDFFFFU9999X1
22	http://people.aks.ac.kr/front/dirSer/exm/exmView.aks?exmId=EXM_KS_5COb_1140_240009&category=dirSer	한자(韓梓)	1140	G002+AKS-KHF_12D55CC790FFFFU9999X0
23	http://people.aks.ac.kr/front/dirSer/exm/exmView.aks?exmId=EXM_KS_5COb_1141_240010&category=dirSer	탁광유(卓光裕)	1141	G002+AKS-KHF_13D0C1AD11C720U9999X0
24	http://people.aks.ac.kr/front/dirSer/exm/exmView.aks?exmId=EXM_KS_5COb_1143_240011&category=dirSer	황보존(皇甫存)	1143	G002+AKS-KHF_13D669BCF4C874U9999X0
25	http://people.aks.ac.kr/front/dirSer/exm/exmView.aks?exmId=EXM_KS_5COb_1145_240012&category=dirSer	박언유(朴彦猷)	1145	G002+AKS-KHF_13BC15C5B8C720U9999X0
26	http://people.aks.ac.kr/front/dirSer/exm/exmView.aks?exmId=EXM_KS_5COb_1146_240013&category=dirSer	김대년(金大年)	1146	G002+AKS-KHF_13AE40B300B144B9999X0
27	http://people.aks.ac.kr/front/dirSer/exm/exmView.aks?exmId=EXM_KS_5COb_1147_230014&category=dirSer	임유공(任裕公)	1147	G002+AKS-KHF_13C784C720ACF5U9999X0
28	http://people.aks.ac.kr/front/dirSer/exm/exmView.aks?exmId=EXM_KS_5COb_1147_240015&category=dirSer	박수(朴綬)	1147	G002+AKS-KHF_12BC15C218FFFFU9999X1
29	http://people.aks.ac.kr/front/dirSer/exm/exmView.aks?exmId=EXM_KS_5COb_1148_240016&category=dirSer	양충찬(梁忠贊)	1148	G002+AKS-KHF_13C591CDA9CC2CU9999X0
30	http://people.aks.ac.kr/front/dirSer/exm/exmView.aks?exmId=EXM_KS_5COb_1148_240017&category=dirSer	박유시(朴有時)	1148	G002+AKS-KHF_13BC15C720C2DCU9999X0
31	http://people.aks.ac.kr/front/dirSer/exm/exmView.aks?exmId=EXM_KS_5COb_1149_240018&category=dirSer	오광윤(吳光允)	1149	G002+AKS-KHF_13C624AD11C724U9999X0
32	http://people.aks.ac.kr/front/dirSer/exm/exmView.aks?exmId=EXM_KS_5COb_1149_240019&category=dirSer	조정시(趙挺時)	1149	G002+AKS-KHF_13C870C815C2DCU9999X0
33	http://people.aks.ac.kr/front/dirSer/exm/exmView.aks?exmId=EXM_KS_5COb_1151_240020&category=dirSer	고영근(高英瑾)	1151	G002+AKS-KHF_13ACE0C601ADFCU9999X1
34	http://people.aks.ac.kr/front/dirSer/exm/exmView.aks?exmId=EXM_KS_5COb_1151_240021&category=dirSer	하정재(河挺材)	1151	G002+AKS-KHF_13D558C815C7ACU9999X0
35	http://people.aks.ac.kr/front/dirSer/exm/exmView.aks?exmId=EXM_KS_5COb_1151_240022&category=dirSer	오세재(吳世才)	1151	G002+AKS-KHF_13C624C138C7ACB1133X0
36	http://people.aks.ac.kr/front/dirSer/exm/exmView.aks?exmId=EXM_KS_5COb_1152_230022&category=dirSer	오세문(吳世文)	1152	G002+AKS-KHF_13C624C138BB38U9999X0
37	http://people.aks.ac.kr/front/dirSer/exm/exmView.aks?exmId=EXM_KS_5COb_1153_240023&category=dirSer	김세뢰(金世頼)	1153	G002+AKS-KHF_13AE40C138B8B0U9999X0
38	http://people.aks.ac.kr/front/dirSer/exm/exmView.aks?exmId=EXM_KS_5COb_1153_240024&category=dirSer	이동수(李東粹)	1153	G002+AKS-KHF_13C774B3D9C218U9999X0
39	http://people.aks.ac.kr/front/dirSer/exm/exmView.aks?exmId=EXM_KS_5COb_1154_240025&category=dirSer	박세남(朴世南)	1154	G002+AKS-KHF_13BC15C138B0A8U9999X0
40	http://people.aks.ac.kr/front/dirSer/exm/exmView.aks?exmId=EXM_KS_5COb_1154_240026&category=dirSer	김우(金遇)	1154	G002+AKS-KHF_12AE40C6B0FFFFU9999X2
41	http://people.aks.ac.kr/front/dirSer/exm/exmView.aks?exmId=EXM_KS_5COb_1155_240027&category=dirSer	김단보(金端寶)	1155	G002+AKS-KHF_13AE40B2E8BCF4U9999X0
42	http://people.aks.ac.kr/front/dirSer/exm/exmView.aks?exmId=EXM_KS_5COb_1155_240028&category=dirSer	황문장(黃文莊)	1155	G002+AKS-KHF_13D669BB38C7A5U9999X0
43	http://people.aks.ac.kr/front/dirSer/exm/exmView.aks?exmId=EXM_KS_5COb_1155_240101&category=dirSer	유공권(柳公權)	1155	G002+AKS-KHF_13C720ACF5AD8CB1132X0
44	http://people.aks.ac.kr/front/dirSer/exm/exmView.aks?exmId=EXM_KS_5COb_1157_240029&category=dirSer	이양수(李陽秀)	1157	G002+AKS-KHF_13C774C591C218U9999X0
45	http://people.aks.ac.kr/front/dirSer/exm/exmView.aks?exmId=EXM_KS_5COb_1158_230030&category=dirSer	윤돈서(尹敦叙)	1158	G002+AKS-KHF_13C724B3C8C11CU9999X0
46	http://people.aks.ac.kr/front/dirSer/exm/exmView.aks?exmId=EXM_KS_5COb_1159_240031&category=dirSer	■■■(■■■)	1159	_
47	http://people.aks.ac.kr/front/dirSer/exm/exmView.aks?exmId=EXM_KS_5COb_1161_240032&category=dirSer	고극중(高克中)	1161	G002+AKS-KHF_13ACE0ADF9C911U9999X0
48	http://people.aks.ac.kr/front/dirSer/exm/exmView.aks?exmId=EXM_KS_5COb_1163_240033&category=dirSer	정성택(鄭成澤)	1163	G002+AKS-KHF_13C815C131D0DDU9999X0
49	http://people.aks.ac.kr/front/dirSer/exm/exmView.aks?exmId=EXM_KS_5COb_1164_240034&category=dirSer	김모직(金謀直)	1164	G002+AKS-KHF_13AE40BAA8C9C1U9999X0
50	http://people.aks.ac.kr/front/dirSer/exm/exmView.aks?exmId=EXM_KS_5COb_1165_240035&category=dirSer	김등(金縢)	1165	G002+AKS-KHF_12AE40B4F1FFFFU9999X0
51	http://people.aks.ac.kr/front/dirSer/exm/exmView.aks?exmId=EXM_KS_5COb_1165_240036&category=dirSer	■■■(■■■)	1165	_
52	http://people.aks.ac.kr/front/dirSer/exm/exmView.aks?exmId=EXM_KS_5COb_1167_240037&category=dirSer	민식(閔湜)	1167	G002+AKS-KHF_12BBFCC2DDFFFFD1201X0
53	http://people.aks.ac.kr/front/dirSer/exm/exmView.aks?exmId=EXM_KS_5COb_1168_240038&category=dirSer	왕광순(王光純)	1168	G002+AKS-KHF_13C655AD11C21CU9999X0
54	http://people.aks.ac.kr/front/dirSer/exm/exmView.aks?exmId=EXM_KS_5COb_1169_240039&category=dirSer	임정(林廷)	1169	G002+AKS-KHF_12C784C815FFFFU9999X0
55	http://people.aks.ac.kr/front/dirSer/exm/exmView.aks?exmId=EXM_KS_5COb_1171_240040&category=dirSer	이희우(李希祐)	1171	G002+AKS-KHF_13C774D76CC6B0U9999X0
56	http://people.aks.ac.kr/front/dirSer/exm/exmView.aks?exmId=EXM_KS_5COb_1171_240041&category=dirSer	이세경(李世卿)	1171	G002+AKS-KHF_13C774C138ACBDU9999X1
57	http://people.aks.ac.kr/front/dirSer/exm/exmView.aks?exmId=EXM_KS_5COb_1172_240043&category=dirSer	김광조(金光祖)	1172	G002+AKS-KHF_13AE40AD11C870U9999X1
58	http://people.aks.ac.kr/front/dirSer/exm/exmView.aks?exmId=EXM_KS_5COb_1172_230042&category=dirSer	이명학(李鳴鶴)	1172	G002+AKS-KHF_13C774BA85D559U9999X0
59	http://people.aks.ac.kr/front/dirSer/exm/exmView.aks?exmId=EXM_KS_5COb_1173_240044&category=dirSer	김징위(金徵魏)	1173	G002+AKS-KHF_13AE40C9D5C704U9999X0
60	http://people.aks.ac.kr/front/dirSer/exm/exmView.aks?exmId=EXM_KS_5COb_1173_240045&category=dirSer	이자우(李滋祐)	1173	G002+AKS-KHF_13C774C790C6B0U9999X0
61	http://people.aks.ac.kr/front/dirSer/exm/exmView.aks?exmId=EXM_KS_5COb_1175_240046&category=dirSer	승구원(承丘源)	1175	G002+AKS-KHF_13C2B9AD6CC6D0U9999X0
62	http://people.aks.ac.kr/front/dirSer/exm/exmView.aks?exmId=EXM_KS_5COb_1175_240047&category=dirSer	방희진(方希進)	1175	G002+AKS-KHF_13BC29D76CC9C4U9999X0
63	http://people.aks.ac.kr/front/dirSer/exm/exmView.aks?exmId=EXM_KS_5COb_1176_240049&category=dirSer	이진승(李晉升)	1176	G002+AKS-KHF_13C774C9C4C2B9U9999X0
64	http://people.aks.ac.kr/front/dirSer/exm/exmView.aks?exmId=EXM_KS_5COb_1176_240050&category=dirSer	정세준(鄭世俊)	1176	G002+AKS-KHF_13C815C138C900U9999X0
65	http://people.aks.ac.kr/front/dirSer/exm/exmView.aks?exmId=EXM_KS_5COb_1176_230048&category=dirSer	황보항(皇甫沆)	1176	G002+AKS-KHF_13D669BCF4D56DU9999X0
66	http://people.aks.ac.kr/front/dirSer/exm/exmView.aks?exmId=EXM_KS_5COb_1177_240051&category=dirSer	박돈장(朴敦章)	1177	G002+AKS-KHF_13BC15B3C8C7A5U9999X0
67	http://people.aks.ac.kr/front/dirSer/exm/exmView.aks?exmId=EXM_KS_5COb_1177_240052&category=dirSer	김각장(金角章)	1177	G002+AKS-KHF_13AE40AC01C7A5U9999X0
68	http://people.aks.ac.kr/front/dirSer/exm/exmView.aks?exmId=EXM_KS_5COb_1178_230053&category=dirSer	고득일(高得一)	1178	G002+AKS-KHF_13ACE0B4DDC77CU9999X0
69	http://people.aks.ac.kr/front/dirSer/exm/exmView.aks?exmId=EXM_KS_5COb_1179_240054&category=dirSer	이척고(李陟高)	1179	G002+AKS-KHF_13C774CC99ACE0U9999X0
70	http://people.aks.ac.kr/front/dirSer/exm/exmView.aks?exmId=EXM_KS_5COb_1180_230055&category=dirSer	박중장(朴仲臧)	1180	G002+AKS-KHF_13BC15C911C7A5U9999X0
71	http://people.aks.ac.kr/front/dirSer/exm/exmView.aks?exmId=EXM_KS_5COb_1181_240056&category=dirSer	홍영식(洪永植)	1181	G002+AKS-KHF_13D64DC601C2DDB1820X0
72	http://people.aks.ac.kr/front/dirSer/exm/exmView.aks?exmId=EXM_KS_5COb_1183_240057&category=dirSer	오몽림(吳夢霖)	1183	G002+AKS-KHF_13C624BABDB9BCU9999X0
73	http://people.aks.ac.kr/front/dirSer/exm/exmView.aks?exmId=EXM_KS_5COb_1183_240058&category=dirSer	김우(金瑀)	1183	G002+AKS-KHF_12AE40C6B0FFFFB1748X0
74	http://people.aks.ac.kr/front/dirSer/exm/exmView.aks?exmId=EXM_KS_5COb_1185_240059&category=dirSer	최문목(崔文牧)	1185	G002+AKS-KHF_13CD5CBB38BAA9U9999X0
75	http://people.aks.ac.kr/front/dirSer/exm/exmView.aks?exmId=EXM_KS_5COb_1185_240060&category=dirSer	정광우(丁光祐)	1185	G002+AKS-KHF_13C815AD11C6B0U9999X1
76	http://people.aks.ac.kr/front/dirSer/exm/exmView.aks?exmId=EXM_KS_5COb_1186_240061&category=dirSer	양공준(梁公俊)	1186	G002+AKS-KHF_13C591ACF5C900U9999X1
77	http://people.aks.ac.kr/front/dirSer/exm/exmView.aks?exmId=EXM_KS_5COb_1187_240062&category=dirSer	지종준(池宗濬)	1187	G002+AKS-KHF_13C9C0C885C900U9999X0
78	http://people.aks.ac.kr/front/dirSer/exm/exmView.aks?exmId=EXM_KS_5COb_1189_240063&category=dirSer	정수강(鄭守剛)	1189	G002+AKS-KHF_13C815C218AC15U9999X0
79	http://people.aks.ac.kr/front/dirSer/exm/exmView.aks?exmId=EXM_KS_5COb_1189_240064&category=dirSer	이규보(李奎報)	1189	G002+AKS-KHF_13C774ADDCBCF4B1168X0
80	http://people.aks.ac.kr/front/dirSer/exm/exmView.aks?exmId=EXM_KS_5COb_1189_240065&category=dirSer	오천유(吳闡猷)	1189	G002+AKS-KHF_13C624CC9CC720B1168X0
81	http://people.aks.ac.kr/front/dirSer/exm/exmView.aks?exmId=EXM_KS_5COb_1190_230065&category=dirSer	안사기(安社基)	1190	G002+AKS-KHF_13C548C0ACAE30U9999X0
82	http://people.aks.ac.kr/front/dirSer/exm/exmView.aks?exmId=EXM_KS_5COb_1191_240066&category=dirSer	홍경(洪儆)	1191	G002+AKS-KHF_12D64DACBDFFFFB1695X0
83	http://people.aks.ac.kr/front/dirSer/exm/exmView.aks?exmId=EXM_KS_5COb_1192_230067&category=dirSer	이중함(李仲諴)	1192	G002+AKS-KHF_13C774C911D568U9999X0
84	http://people.aks.ac.kr/front/dirSer/exm/exmView.aks?exmId=EXM_KS_5COb_1195_240068&category=dirSer	신서(申叙)	1195	G002+AKS-KHF_12C2E0C11CFFFFU9999X0
85	http://people.aks.ac.kr/front/dirSer/exm/exmView.aks?exmId=EXM_KS_5COb_1195_240069&category=dirSer	이응분(李膺賁)	1195	G002+AKS-KHF_13C774C751BD84U9999X0
86	http://people.aks.ac.kr/front/dirSer/exm/exmView.aks?exmId=EXM_KS_5COb_1197_240070&category=dirSer	■■■(■■■)	1197	_
87	http://people.aks.ac.kr/front/dirSer/exm/exmView.aks?exmId=EXM_KS_5COb_1198_240071&category=dirSer	지대성(智大成)	1198	G002+AKS-KHF_13C9C0B300C131U9999X0
88	http://people.aks.ac.kr/front/dirSer/exm/exmView.aks?exmId=EXM_KS_5COb_1198_240072&category=dirSer	단세유(段世儒)	1198	G002+AKS-KHF_13B2E8C138C720U9999X0
89	http://people.aks.ac.kr/front/dirSer/exm/exmView.aks?exmId=EXM_KS_5COb_1198_240081&category=dirSer	백분화(白賁華)	1198	G002+AKS-KHF_13BC31BD84D654B1180X0
90	http://people.aks.ac.kr/front/dirSer/exm/exmView.aks?exmId=EXM_KS_5COb_1199_240073&category=dirSer	육영의(陸永儀)	1199	G002+AKS-KHF_13C721C601C758U9999X0
91	http://people.aks.ac.kr/front/dirSer/exm/exmView.aks?exmId=EXM_KS_5COb_1199_240074&category=dirSer	이당인(李唐仁)	1199	G002+AKS-KHF_13C774B2F9C778U9999X0
92	http://people.aks.ac.kr/front/dirSer/exm/exmView.aks?exmId=EXM_KS_5COb_1200_240075&category=dirSer	진화(陳澕)	1200	G002+AKS-KHF_12C9C4D654FFFFU9999X1
93	http://people.aks.ac.kr/front/dirSer/exm/exmView.aks?exmId=EXM_KS_5COb_1200_240076&category=dirSer	노원규(魯元規)	1200	G002+AKS-KHF_13B178C6D0ADDCU9999X0
94	http://people.aks.ac.kr/front/dirSer/exm/exmView.aks?exmId=EXM_KS_5COb_1201_240077&category=dirSer	정공찰(鄭公札)	1201	G002+AKS-KHF_13C815ACF5CC30U9999X0
95	http://people.aks.ac.kr/front/dirSer/exm/exmView.aks?exmId=EXM_KS_5COb_1201_240078&category=dirSer	박유필(朴維弼)	1201	G002+AKS-KHF_13BC15C720D544U9999X0
96	http://people.aks.ac.kr/front/dirSer/exm/exmView.aks?exmId=EXM_KS_5COb_1202_240080&category=dirSer	진양윤(秦陽胤)	1202	G002+AKS-KHF_13C9C4C591C724U9999X0
97	http://people.aks.ac.kr/front/dirSer/exm/exmView.aks?exmId=EXM_KS_5COb_1202_240081&category=dirSer	송함(宋咸)	1202	G002+AKS-KHF_12C1A1D568FFFFU9999X1
98	http://people.aks.ac.kr/front/dirSer/exm/exmView.aks?exmId=EXM_KS_5COb_1202_230079&category=dirSer	최천우(崔天祐)	1202	G002+AKS-KHF_13CD5CCC9CC6B0U9999X0
99	http://people.aks.ac.kr/front/dirSer/exm/exmView.aks?exmId=EXM_KS_5COb_1203_240082&category=dirSer	김명여(金命予)	1203	G002+AKS-KHF_13AE40BA85C5ECU9999X0
100	http://people.aks.ac.kr/front/dirSer/exm/exmView.aks?exmId=EXM_KS_5COb_1203_240083&category=dirSer	이세흥(李世興)	1203	G002+AKS-KHF_13C774C138D765U9999X1
101	http://people.aks.ac.kr/front/dirSer/exm/exmView.aks?exmId=EXM_KS_5COb_1204_230084&category=dirSer	정승조(鄭丞祖)	1204	G002+AKS-KHF_13C815C2B9C870U9999X1
102	http://people.aks.ac.kr/front/dirSer/exm/exmView.aks?exmId=EXM_KS_5COb_1205_240085&category=dirSer	이위(李葳)	1205	G002+AKS-KHF_12C774C704FFFFU9999X6
103	http://people.aks.ac.kr/front/dirSer/exm/exmView.aks?exmId=EXM_KS_5COb_1207_240086&category=dirSer	김남석(金南石)	1207	G002+AKS-KHF_13AE40B0A8C11DU9999X0
104	http://people.aks.ac.kr/front/dirSer/exm/exmView.aks?exmId=EXM_KS_5COb_1207_240087&category=dirSer	권시위(權時偉)	1207	G002+AKS-KHF_13AD8CC2DCC704U9999X0
105	http://people.aks.ac.kr/front/dirSer/exm/exmView.aks?exmId=EXM_KS_5COb_1209_240088&category=dirSer	추영수(秋永壽)	1209	G002+AKS-KHF_13CD94C601C218U9999X0
106	http://people.aks.ac.kr/front/dirSer/exm/exmView.aks?exmId=EXM_KS_5COb_1209_240089&category=dirSer	신계백(申季伯)	1209	G002+AKS-KHF_13C2E0ACC4BC31U9999X0
107	http://people.aks.ac.kr/front/dirSer/exm/exmView.aks?exmId=EXM_KS_5COb_1211_240090&category=dirSer	정종서(鄭宗諝)	1211	G002+AKS-KHF_12C815C9C0FFFFD1264X0
108	http://people.aks.ac.kr/front/dirSer/exm/exmView.aks?exmId=EXM_KS_5COb_1211_240091&category=dirSer	정홍주(鄭弘柱)	1211	G002+AKS-KHF_13C815D64DC8FCU9999X0
109	http://people.aks.ac.kr/front/dirSer/exm/exmView.aks?exmId=EXM_KS_5COb_1212_240092&category=dirSer	민부(閔𣞒)	1212	G002+AKS-KHF_12BBFCBD80FFFFU9999X0
110	http://people.aks.ac.kr/front/dirSer/exm/exmView.aks?exmId=EXM_KS_5COb_1212_240093&category=dirSer	위대여(魏大輿)	1212	G002+AKS-KHF_13C704B300C5ECU9999X0
111	http://people.aks.ac.kr/front/dirSer/exm/exmView.aks?exmId=EXM_KS_5COb_1213_240094&category=dirSer	진교(陳璬)	1213	G002+AKS-KHF_12C9C4AD50FFFFU9999X0
112	http://people.aks.ac.kr/front/dirSer/exm/exmView.aks?exmId=EXM_KS_5COb_1213_240095&category=dirSer	김혁량(金革良)	1213	G002+AKS-KHF_13AE40D601B7C9U9999X0
113	http://people.aks.ac.kr/front/dirSer/exm/exmView.aks?exmId=EXM_KS_5COc_1214_240096&category=dirSer	윤득지(尹得之)	1214	G002+AKS-KHF_13C724B4DDC9C0U9999X0
114	http://people.aks.ac.kr/front/dirSer/exm/exmView.aks?exmId=EXM_KS_5COc_1214_240097&category=dirSer	장초(張貂)	1214	G002+AKS-KHF_12C7A5CD08FFFFU9999X0
115	http://people.aks.ac.kr/front/dirSer/exm/exmView.aks?exmId=EXM_KS_5COc_1215_240098&category=dirSer	김문로(金文老)	1215	G002+AKS-KHF_13AE40BB38B85CU9999X0
116	http://people.aks.ac.kr/front/dirSer/exm/exmView.aks?exmId=EXM_KS_5COc_1216_240099&category=dirSer	문창서(文昌瑞)	1216	G002+AKS-KHF_13BB38CC3DC11CU9999X0
117	http://people.aks.ac.kr/front/dirSer/exm/exmView.aks?exmId=EXM_KS_5COc_1219_240100&category=dirSer	김수견(金守堅)	1219	G002+AKS-KHF_13AE40C218ACACU9999X0
118	http://people.aks.ac.kr/front/dirSer/exm/exmView.aks?exmId=EXM_KS_5COc_1219_240101&category=dirSer	소문열(蘇文悅)	1219	G002+AKS-KHF_13C18CBB38C5F4U9999X0
119	http://people.aks.ac.kr/front/dirSer/exm/exmView.aks?exmId=EXM_KS_5COc_1220_240102&category=dirSer	진창덕(陳昌德)	1220	G002+AKS-KHF_13C9C4CC3DB355U9999X0
120	http://people.aks.ac.kr/front/dirSer/exm/exmView.aks?exmId=EXM_KS_5COc_1220_240103&category=dirSer	서자민(徐子敏)	1220	G002+AKS-KHF_13C11CC790BBFCU9999X0
121	http://people.aks.ac.kr/front/dirSer/exm/exmView.aks?exmId=EXM_KS_5COc_1221_240105&category=dirSer	이양무(李陽茂)	1221	G002+AKS-KHF_13C774C591BB34U9999X0
122	http://people.aks.ac.kr/front/dirSer/exm/exmView.aks?exmId=EXM_KS_5COc_1221_230104&category=dirSer	김수강(金守剛)	1221	G002+AKS-KHF_13AE40C218AC15U9999X2
123	http://people.aks.ac.kr/front/dirSer/exm/exmView.aks?exmId=EXM_KS_5COc_1223_240106&category=dirSer	한경윤(韓景允)	1223	G002+AKS-KHF_13D55CACBDC724U9999X0
124	http://people.aks.ac.kr/front/dirSer/exm/exmView.aks?exmId=EXM_KS_5COc_1224_240107&category=dirSer	김찬(金璨)	1224	G002+AKS-KHF_12AE40CC2CFFFFU9999X2
125	http://people.aks.ac.kr/front/dirSer/exm/exmView.aks?exmId=EXM_KS_5COc_1224_240108&category=dirSer	양용장(梁龍藏)	1224	G002+AKS-KHF_13C591C6A9C7A5U9999X0
126	http://people.aks.ac.kr/front/dirSer/exm/exmView.aks?exmId=EXM_KS_5COc_1225_240109&category=dirSer	이유신(李惟信)	1225	G002+AKS-KHF_13C774C720C2E0U9999X1
127	http://people.aks.ac.kr/front/dirSer/exm/exmView.aks?exmId=EXM_KS_5COc_1225_240110&category=dirSer	원양윤(元良允)	1225	G002+AKS-KHF_13C6D0C591C724U9999X0
128	http://people.aks.ac.kr/front/dirSer/exm/exmView.aks?exmId=EXM_KS_5COc_1226_240111&category=dirSer	유송백(庾松栢)	1226	G002+AKS-KHF_13C720C1A1BC31U9999X0
129	http://people.aks.ac.kr/front/dirSer/exm/exmView.aks?exmId=EXM_KS_5COc_1226_240112&category=dirSer	장양윤(張良允)	1226	G002+AKS-KHF_13C7A5C591C724U9999X0
130	http://people.aks.ac.kr/front/dirSer/exm/exmView.aks?exmId=EXM_KS_5COc_1227_240113&category=dirSer	유량(兪亮)	1227	G002+AKS-KHF_13C720CC9CC6B0B1209X0
131	http://people.aks.ac.kr/front/dirSer/exm/exmView.aks?exmId=EXM_KS_5COc_1227_240114&category=dirSer	고종뢰(高宗賚)	1227	G002+AKS-KHF_13ACE0C885B8B0U9999X0
132	http://people.aks.ac.kr/front/dirSer/exm/exmView.aks?exmId=EXM_KS_5COc_1228_230118&category=dirSer	석연년(石延年)	1228	G002+AKS-KHF_13C11DC5F0B144U9999X0
133	http://people.aks.ac.kr/front/dirSer/exm/exmView.aks?exmId=EXM_KS_5COc_1229_240119&category=dirSer	김양순(金良純)	1229	G002+AKS-KHF_13AE40C591C21CU9999X0
134	http://people.aks.ac.kr/front/dirSer/exm/exmView.aks?exmId=EXM_KS_5COc_1229_240120&category=dirSer	노희관(盧希管)	1229	G002+AKS-KHF_13B178D76CAD00U9999X0
135	http://people.aks.ac.kr/front/dirSer/exm/exmView.aks?exmId=EXM_KS_5COc_1231_240121&category=dirSer	이단(李旦)	1231	G002+AKS-KHF_12C774B2E8FFFFU9999X1
136	http://people.aks.ac.kr/front/dirSer/exm/exmView.aks?exmId=EXM_KS_5COc_1231_240122&category=dirSer	이인(李仁)	1231	G002+AKS-KHF_12C774C778FFFFU9999X0
137	http://people.aks.ac.kr/front/dirSer/exm/exmView.aks?exmId=EXM_KS_5COc_1233_240123&category=dirSer	강홍정(康洪正)	1233	G002+AKS-KHF_13AC15D64DC815U9999X0
138	http://people.aks.ac.kr/front/dirSer/exm/exmView.aks?exmId=EXM_KS_5COc_1233_240124&category=dirSer	조백(曹伯)	1233	G002+AKS-KHF_12C870BC31FFFFU9999X0
139	http://people.aks.ac.kr/front/dirSer/exm/exmView.aks?exmId=EXM_KS_5COc_1237_240125&category=dirSer	오수(吳壽)	1237	G002+AKS-KHF_12C624C218FFFFU9999X1
140	http://people.aks.ac.kr/front/dirSer/exm/exmView.aks?exmId=EXM_KS_5COc_1237_240126&category=dirSer	조희보(曹希甫)	1237	G002+AKS-KHF_13C870D76CBCF4U9999X0
141	http://people.aks.ac.kr/front/dirSer/exm/exmView.aks?exmId=EXM_KS_5COc_1240_240127&category=dirSer	오순(吳恂)	1240	G002+AKS-KHF_12C624C21CFFFFU9999X3
142	http://people.aks.ac.kr/front/dirSer/exm/exmView.aks?exmId=EXM_KS_5COc_1240_240128&category=dirSer	이석숭(李石崇)	1240	G002+AKS-KHF_13C774C11DC22DU9999X0
143	http://people.aks.ac.kr/front/dirSer/exm/exmView.aks?exmId=EXM_KS_5COc_1242_240129&category=dirSer	권후(權珝)	1242	G002+AKS-KHF_12AD8CD6C4FFFFU9999X0
144	http://people.aks.ac.kr/front/dirSer/exm/exmView.aks?exmId=EXM_KS_5COc_1242_240130&category=dirSer	유발충(劉勃忠)	1242	G002+AKS-KHF_13C720BC1CCDA9U9999X0
145	http://people.aks.ac.kr/front/dirSer/exm/exmView.aks?exmId=EXM_KS_5COc_1242_240131&category=dirSer	위순(魏珣)	1242	G002+AKS-KHF_12C704C21CFFFFB1226X0
146	http://people.aks.ac.kr/front/dirSer/exm/exmView.aks?exmId=EXM_KS_5COc_1243_240131&category=dirSer	한경(韓璟)	1243	G002+AKS-KHF_12D55CAC15FFFFB1228X0
147	http://people.aks.ac.kr/front/dirSer/exm/exmView.aks?exmId=EXM_KS_5COc_1243_240132&category=dirSer	■■■(■■■)	1243	_
148	http://people.aks.ac.kr/front/dirSer/exm/exmView.aks?exmId=EXM_KS_5COc_1245_240133&category=dirSer	민양선(閔陽宣)	1245	G002+AKS-KHF_13BBFCC591C120U9999X0
149	http://people.aks.ac.kr/front/dirSer/exm/exmView.aks?exmId=EXM_KS_5COc_1245_240134&category=dirSer	박문정(朴文正)	1245	G002+AKS-KHF_13BC15BB38C815U9999X1
150	http://people.aks.ac.kr/front/dirSer/exm/exmView.aks?exmId=EXM_KS_5COc_1247_240135&category=dirSer	정순(鄭淳)	1247	G002+AKS-KHF_12C815C21CFFFFU9999X0
151	http://people.aks.ac.kr/front/dirSer/exm/exmView.aks?exmId=EXM_KS_5COc_1247_240136&category=dirSer	염수정(廉守貞)	1247	G002+AKS-KHF_13C5FCC218C815U9999X0
152	http://people.aks.ac.kr/front/dirSer/exm/exmView.aks?exmId=EXM_KS_5COc_1249_240137&category=dirSer	손창연(孫昌衍)	1249	G002+AKS-KHF_13C190CC3DC5F0U9999X0
153	http://people.aks.ac.kr/front/dirSer/exm/exmView.aks?exmId=EXM_KS_5COc_1249_240138&category=dirSer	정일린(鄭一麟)	1249	G002+AKS-KHF_13C815C77CB9B0U9999X0
154	http://people.aks.ac.kr/front/dirSer/exm/exmView.aks?exmId=EXM_KS_5COc_1251_240139&category=dirSer	노원(盧元)	1251	G002+AKS-KHF_12B178C6D0FFFFU9999X1
155	http://people.aks.ac.kr/front/dirSer/exm/exmView.aks?exmId=EXM_KS_5COc_1251_240140&category=dirSer	■■■(■■■)	1251	_
156	http://people.aks.ac.kr/front/dirSer/exm/exmView.aks?exmId=EXM_KS_5COc_1251_240141&category=dirSer	허공(許珙)	1251	G002+AKS-KHF_12D5C8ACF5FFFFB1233X0
157	http://people.aks.ac.kr/front/dirSer/exm/exmView.aks?exmId=EXM_KS_5COc_1251_240142&category=dirSer	이존비(李尊庇)	1251	G002+AKS-KHF_13C774C874BE44B1233X0
158	http://people.aks.ac.kr/front/dirSer/exm/exmView.aks?exmId=EXM_KS_5COc_1251_240143&category=dirSer	박녹지(朴祿之)	1251	G002+AKS-KHF_13BC15B179C9C0B9999X0
159	http://people.aks.ac.kr/front/dirSer/exm/exmView.aks?exmId=EXM_KS_5COc_1253_240141&category=dirSer	김중위(金仲偉)	1253	G002+AKS-KHF_13AE40C911C704U9999X0
160	http://people.aks.ac.kr/front/dirSer/exm/exmView.aks?exmId=EXM_KS_5COc_1253_240142&category=dirSer	김명(金命)	1253	G002+AKS-KHF_12AE40BA85FFFFU9999X0
161	http://people.aks.ac.kr/front/dirSer/exm/exmView.aks?exmId=EXM_KS_5COc_1254_240143&category=dirSer	이소(李邵)	1254	G002+AKS-KHF_12C774C18CFFFFU9999X1
162	http://people.aks.ac.kr/front/dirSer/exm/exmView.aks?exmId=EXM_KS_5COc_1254_240144&category=dirSer	곽홍조(郭洪祚)	1254	G002+AKS-KHF_13ACFDD64DC870U9999X0
163	http://people.aks.ac.kr/front/dirSer/exm/exmView.aks?exmId=EXM_KS_5COc_1255_240145&category=dirSer	왕윤(王胤)	1255	G002+AKS-KHF_12C655C724FFFFU9999X0
164	http://people.aks.ac.kr/front/dirSer/exm/exmView.aks?exmId=EXM_KS_5COc_1255_240146&category=dirSer	이수경(李受庚)	1255	G002+AKS-KHF_13C774C218ACBDU9999X1
165	http://people.aks.ac.kr/front/dirSer/exm/exmView.aks?exmId=EXM_KS_5COc_1257_240147&category=dirSer	임춘수(林椿壽)	1257	G002+AKS-KHF_13C784CD98C218U9999X0
166	http://people.aks.ac.kr/front/dirSer/exm/exmView.aks?exmId=EXM_KS_5COc_1257_240148&category=dirSer	황공석(黃公石)	1257	G002+AKS-KHF_13D669ACF5C11DU9999X0
167	http://people.aks.ac.kr/front/dirSer/exm/exmView.aks?exmId=EXM_KS_5COc_1258_240149&category=dirSer	이원(李源)	1258	G002+AKS-KHF_12C774C6D0FFFFU9999X5
168	http://people.aks.ac.kr/front/dirSer/exm/exmView.aks?exmId=EXM_KS_5COc_1260_240150&category=dirSer	오한경(吳漢卿)	1260	G002+AKS-KHF_13C624D55CACBDB1242X0
169	http://people.aks.ac.kr/front/dirSer/exm/exmView.aks?exmId=EXM_KS_5COc_1260_240151&category=dirSer	김득균(金得鈞)	1260	G002+AKS-KHF_13AE40B4DDADE0U9999X0
170	http://people.aks.ac.kr/front/dirSer/exm/exmView.aks?exmId=EXM_KS_5COc_1261_240152&category=dirSer	김수연(金守衍)	1261	G002+AKS-KHF_13AE40C218C5F0U9999X0
171	http://people.aks.ac.kr/front/dirSer/exm/exmView.aks?exmId=EXM_KS_5COc_1261_240153&category=dirSer	임기(林杞)	1261	G002+AKS-KHF_12C784AE30FFFFU9999X1
172	http://people.aks.ac.kr/front/dirSer/exm/exmView.aks?exmId=EXM_KS_5COc_1263_240154&category=dirSer	김양유(金良裕)	1263	G002+AKS-KHF_13AE40C591C720U9999X0
173	http://people.aks.ac.kr/front/dirSer/exm/exmView.aks?exmId=EXM_KS_5COc_1264_240132&category=dirSer	민지(閔漬)	1264	G002+AKS-KHF_12BBFCC9C0FFFFB1248X0
174	http://people.aks.ac.kr/front/dirSer/exm/exmView.aks?exmId=EXM_KS_5COc_1264_230155&category=dirSer	이방연(李芳衍)	1264	G002+AKS-KHF_12C774C9C4FFFFB1244X0
175	http://people.aks.ac.kr/front/dirSer/exm/exmView.aks?exmId=EXM_KS_5COc_1265_240156&category=dirSer	박안(朴安)	1265	G002+AKS-KHF_12BC15C548FFFFU9999X0
176	http://people.aks.ac.kr/front/dirSer/exm/exmView.aks?exmId=EXM_KS_5COc_1266_230157&category=dirSer	정시(鄭試)	1266	G002+AKS-KHF_12C815C2DCFFFFU9999X0
177	http://people.aks.ac.kr/front/dirSer/exm/exmView.aks?exmId=EXM_KS_5COc_1267_240158&category=dirSer	이회(李繪)	1267	G002+AKS-KHF_12C774D68CFFFFU9999X1
178	http://people.aks.ac.kr/front/dirSer/exm/exmView.aks?exmId=EXM_KS_5COc_1269_240159&category=dirSer	방선로(方宣老)	1269	G002+AKS-KHF_13BC29C6B0C120U9999X0
179	http://people.aks.ac.kr/front/dirSer/exm/exmView.aks?exmId=EXM_KS_5COc_1271_240160&category=dirSer	양순(梁淳)	1271	G002+AKS-KHF_12C591C21CFFFFU9999X1
180	http://people.aks.ac.kr/front/dirSer/exm/exmView.aks?exmId=EXM_KS_5COc_1273_240161&category=dirSer	문관지(文貫之)	1273	G002+AKS-KHF_13BB38AD00C9C0U9999X0
181	http://people.aks.ac.kr/front/dirSer/exm/exmView.aks?exmId=EXM_KS_5COc_1273_240162&category=dirSer	양균(梁均)	1273	G002+AKS-KHF_12C591ADE0FFFFU9999X0
182	http://people.aks.ac.kr/front/dirSer/exm/exmView.aks?exmId=EXM_KS_5COc_1275_240163&category=dirSer	김태현(金台鉉)	1275	G002+AKS-KHF_13AE40D0DCD604B1261X0
183	http://people.aks.ac.kr/front/dirSer/exm/exmView.aks?exmId=EXM_KS_5COc_1275_240164&category=dirSer	조전(趙戬)	1275	G002+AKS-KHF_12C870C804FFFFU9999X2
184	http://people.aks.ac.kr/front/dirSer/exm/exmView.aks?exmId=EXM_KS_5COc_1276_240166&category=dirSer	이지환(李之桓)	1276	G002+AKS-KHF_13C774C9C0D658U9999X0
185	http://people.aks.ac.kr/front/dirSer/exm/exmView.aks?exmId=EXM_KS_5COc_1276_240167&category=dirSer	이연(李緣)	1276	G002+AKS-KHF_12C774C5F0FFFFU9999X1
186	http://people.aks.ac.kr/front/dirSer/exm/exmView.aks?exmId=EXM_KS_5COc_1277_240168&category=dirSer	정공단(鄭公旦)	1277	G002+AKS-KHF_13C815ACF5B2E8U9999X0
187	http://people.aks.ac.kr/front/dirSer/exm/exmView.aks?exmId=EXM_KS_5COc_1277_240169&category=dirSer	정귀(鄭龜)	1277	G002+AKS-KHF_12C815AD6CFFFFU9999X1
188	http://people.aks.ac.kr/front/dirSer/exm/exmView.aks?exmId=EXM_KS_5COc_1279_240170&category=dirSer	백원항(白元恒)	1279	G002+AKS-KHF_13BC31C6D0D56DU9999X0
189	http://people.aks.ac.kr/front/dirSer/exm/exmView.aks?exmId=EXM_KS_5COc_1279_240171&category=dirSer	채홍철(蔡洪哲)	1279	G002+AKS-KHF_13CC44D64DCCA0B1262X0
190	http://people.aks.ac.kr/front/dirSer/exm/exmView.aks?exmId=EXM_KS_5COc_1279_240172&category=dirSer	정시(鄭時)	1279	G002+AKS-KHF_12C815C2DCFFFFU9999X0
191	http://people.aks.ac.kr/front/dirSer/exm/exmView.aks?exmId=EXM_KS_5COc_1282_240172&category=dirSer	박문정(朴文靖)	1282	G002+AKS-KHF_13BC15BB38C815U9999X2
192	http://people.aks.ac.kr/front/dirSer/exm/exmView.aks?exmId=EXM_KS_5COc_1282_240173&category=dirSer	안석(安碩)	1282	G002+AKS-KHF_12C548C11DFFFFU9999X0
193	http://people.aks.ac.kr/front/dirSer/exm/exmView.aks?exmId=EXM_KS_5COc_1283_240174&category=dirSer	이부(李榑)	1283	G002+AKS-KHF_12C774BD80FFFFU9999X2
194	http://people.aks.ac.kr/front/dirSer/exm/exmView.aks?exmId=EXM_KS_5COc_1283_240175&category=dirSer	이응(李膺)	1283	G002+AKS-KHF_12C774C751FFFFU9999X0
195	http://people.aks.ac.kr/front/dirSer/exm/exmView.aks?exmId=EXM_KS_5COc_1284_230176&category=dirSer	남선용(南宣用)	1284	G002+AKS-KHF_13B0A8C120C6A9U9999X0
196	http://people.aks.ac.kr/front/dirSer/exm/exmView.aks?exmId=EXM_KS_5COc_1285_240178&category=dirSer	윤신걸(尹莘傑)	1285	G002+AKS-KHF_13C724C2E0AC78B1266X0
197	http://people.aks.ac.kr/front/dirSer/exm/exmView.aks?exmId=EXM_KS_5COc_1285_240179&category=dirSer	■■■(■■■)	1285	_
198	http://people.aks.ac.kr/front/dirSer/exm/exmView.aks?exmId=EXM_KS_5COc_1285_230177&category=dirSer	이서(李瑞)	1285	G002+AKS-KHF_12C774C11CFFFFU9999X1
199	http://people.aks.ac.kr/front/dirSer/exm/exmView.aks?exmId=EXM_KS_5COc_1286_240181&category=dirSer	임홍기(任弘基)	1286	G002+AKS-KHF_13C784D64DAE30U9999X1
200	http://people.aks.ac.kr/front/dirSer/exm/exmView.aks?exmId=EXM_KS_5COc_1286_240182&category=dirSer	■■■(■■■)	1286	_
201	http://people.aks.ac.kr/front/dirSer/exm/exmView.aks?exmId=EXM_KS_5COc_1286_230180&category=dirSer	권휴(權烋)	1286	G002+AKS-KHF_12AD8CD734FFFFU9999X0
202	http://people.aks.ac.kr/front/dirSer/exm/exmView.aks?exmId=EXM_KS_5COc_1287_240183&category=dirSer	이규(李樛)	1287	G002+AKS-KHF_12C774ADDCFFFFU9999X2
203	http://people.aks.ac.kr/front/dirSer/exm/exmView.aks?exmId=EXM_KS_5COc_1289_240184&category=dirSer	김승인(金承印)	1289	G002+AKS-KHF_13AE40C2B9C778U9999X0
204	http://people.aks.ac.kr/front/dirSer/exm/exmView.aks?exmId=EXM_KS_5COc_1292_240185&category=dirSer	이언충(李彦冲)	1292	G002+AKS-KHF_13C774C5B8CDA9B1273X0
205	http://people.aks.ac.kr/front/dirSer/exm/exmView.aks?exmId=EXM_KS_5COc_1295_240186&category=dirSer	이관(李琯)	1295	G002+AKS-KHF_12C774AD00FFFFU9999X5
206	http://people.aks.ac.kr/front/dirSer/exm/exmView.aks?exmId=EXM_KS_5COc_1296_240187&category=dirSer	최응(崔凝)	1296	G002+AKS-KHF_12CD5CC751FFFFB0898X1
207	http://people.aks.ac.kr/front/dirSer/exm/exmView.aks?exmId=EXM_KS_5COc_1299_240188&category=dirSer	이천(李蒨)	1299	G002+AKS-KHF_12C774CC9CFFFFD1349X0
208	http://people.aks.ac.kr/front/dirSer/exm/exmView.aks?exmId=EXM_KS_5COc_1300_240189&category=dirSer	김낭운(金琅韻)	1300	G002+AKS-KHF_13AE40B0ADC6B4U9999X0
209	http://people.aks.ac.kr/front/dirSer/exm/exmView.aks?exmId=EXM_KS_5COc_1301_240191&category=dirSer	이봉룡(李鳳龍)	1301	G002+AKS-KHF_13C774BD09B8E1U9999X0
210	http://people.aks.ac.kr/front/dirSer/exm/exmView.aks?exmId=EXM_KS_5COc_1301_240192&category=dirSer	이제현(李齊賢)	1301	G002+AKS-KHF_13C774C81CD604B1287X0
211	http://people.aks.ac.kr/front/dirSer/exm/exmView.aks?exmId=EXM_KS_5COc_1301_230190&category=dirSer	최응(崔凝)	1301	G002+AKS-KHF_12CD5CC751FFFFB0898X1
212	http://people.aks.ac.kr/front/dirSer/exm/exmView.aks?exmId=EXM_KS_5COc_1302_240192&category=dirSer	양성자(梁成梓)	1302	G002+AKS-KHF_13C591C131C790U9999X0
213	http://people.aks.ac.kr/front/dirSer/exm/exmView.aks?exmId=EXM_KS_5COc_1302_240193&category=dirSer	최해(崔瀣)	1302	G002+AKS-KHF_12CD5CD574FFFFB1287X0
214	http://people.aks.ac.kr/front/dirSer/exm/exmView.aks?exmId=EXM_KS_5COc_1302_240194&category=dirSer	박인지(朴仁祉)	1302	G002+AKS-KHF_13BC15C778C9C0U9999X0
215	http://people.aks.ac.kr/front/dirSer/exm/exmView.aks?exmId=EXM_KS_5COc_1303_240193&category=dirSer	구환(具桓)	1303	G002+AKS-KHF_12AD6CD658FFFFU9999X0
216	http://people.aks.ac.kr/front/dirSer/exm/exmView.aks?exmId=EXM_KS_5COc_1305_240194&category=dirSer	이문언(李文彦)	1305	G002+AKS-KHF_13C774BB38C5B8U9999X0
217	http://people.aks.ac.kr/front/dirSer/exm/exmView.aks?exmId=EXM_KS_5COc_1317_240196&category=dirSer	김현구(金玄具)	1317	G002+AKS-KHF_13AE40D604AD6CU9999X1
218	http://people.aks.ac.kr/front/dirSer/exm/exmView.aks?exmId=EXM_KS_5COc_1317_240197&category=dirSer	이곡(李穀)	1317	G002+AKS-KHF_12C774ACE1FFFFB1298X0
219	http://people.aks.ac.kr/front/dirSer/exm/exmView.aks?exmId=EXM_KS_5COc_1317_240198&category=dirSer	정공연(鄭公衍)	1317	G002+AKS-KHF_13C815ACF5C5F0U9999X0
220	http://people.aks.ac.kr/front/dirSer/exm/exmView.aks?exmId=EXM_KS_5COc_1317_240199&category=dirSer	윤택(尹澤)	1317	G002+AKS-KHF_12C724D0DDFFFFB1288X0
221	http://people.aks.ac.kr/front/dirSer/exm/exmView.aks?exmId=EXM_KS_5COc_1320_240198&category=dirSer	정을보(鄭乙輔)	1320	G002+AKS-KHF_13C815C744BCF4U9999X0
222	http://people.aks.ac.kr/front/dirSer/exm/exmView.aks?exmId=EXM_KS_5COc_1320_240199&category=dirSer	배중보(裵仲輔)	1320	G002+AKS-KHF_13BC30C911BCF4U9999X1
223	http://people.aks.ac.kr/front/dirSer/exm/exmView.aks?exmId=EXM_KS_5COc_1320_240200&category=dirSer	안보(安輔)	1320	G002+AKS-KHF_12C548BCF4FFFFB1302X0
224	http://people.aks.ac.kr/front/dirSer/exm/exmView.aks?exmId=EXM_KS_5COc_1320_230197&category=dirSer	정종보(鄭宗輔)	1320	G002+AKS-KHF_13C815C885BCF4U9999X0
225	http://people.aks.ac.kr/front/dirSer/exm/exmView.aks?exmId=EXM_KS_5COc_1326_240200&category=dirSer	이달중(李達中)	1326	G002+AKS-KHF_13C774B2ECCDA9D1385X0
226	http://people.aks.ac.kr/front/dirSer/exm/exmView.aks?exmId=EXM_KS_5COc_1326_240201&category=dirSer	정운경(鄭云敬)	1326	G002+AKS-KHF_13C815C6B4ACBDB1305X0
227	http://people.aks.ac.kr/front/dirSer/exm/exmView.aks?exmId=EXM_KS_5COc_1330_240201&category=dirSer	손광사(孫光嗣)	1330	G002+AKS-KHF_13C190AD11C0ACU9999X0
228	http://people.aks.ac.kr/front/dirSer/exm/exmView.aks?exmId=EXM_KS_5COc_1339_240203&category=dirSer	안원룡(安元龍)	1339	G002+AKS-KHF_13C548C6D0B8E1U9999X0
229	http://people.aks.ac.kr/front/dirSer/exm/exmView.aks?exmId=EXM_KS_5COc_1331_240202&category=dirSer	탁광무(卓光茂)	1331	G002+AKS-KHF_13D0C1AD11BB34U9999X0
230	http://people.aks.ac.kr/front/dirSer/exm/exmView.aks?exmId=EXM_KS_5COc_1340_240204&category=dirSer	양윤식(梁允軾)	1340	G002+AKS-KHF_13C591C724C2DDU9999X0
231	http://people.aks.ac.kr/front/dirSer/exm/exmView.aks?exmId=EXM_KS_5COc_1340_240205&category=dirSer	오동(吳仝)	1340	G002+AKS-KHF_12C624B3D9FFFFU9999X0
232	http://people.aks.ac.kr/front/dirSer/exm/exmView.aks?exmId=EXM_KS_5COc_1341_240205&category=dirSer	성사달(成士達)	1341	G002+AKS-KHF_13C131C0ACB2ECD1380X0
233	http://people.aks.ac.kr/front/dirSer/exm/exmView.aks?exmId=EXM_KS_5COc_1341_240206&category=dirSer	한홍도(韓弘度)	1341	G002+AKS-KHF_13D55CD64DB3C4U9999X0
234	http://people.aks.ac.kr/front/dirSer/exm/exmView.aks?exmId=EXM_KS_5COc_1341_240207&category=dirSer	신익지(申翌之)	1341	G002+AKS-KHF_13C2E0C775C9C0U9999X0
235	http://people.aks.ac.kr/front/dirSer/exm/exmView.aks?exmId=EXM_KS_5COc_1341_240208&category=dirSer	송숙통(宋淑通)	1341	G002+AKS-KHF_13C1A1C219D1B5U9999X0
236	http://people.aks.ac.kr/front/dirSer/exm/exmView.aks?exmId=EXM_KS_5COc_1341_240209&category=dirSer	곽충수(郭忠秀)	1341	G002+AKS-KHF_13ACFDCDA9C218U9999X0
237	http://people.aks.ac.kr/front/dirSer/exm/exmView.aks?exmId=EXM_KS_5COc_1341_240210&category=dirSer	이색(李穡)	1341	G002+AKS-KHF_12C774C0C9FFFFB1328X0
238	http://people.aks.ac.kr/front/dirSer/exm/exmView.aks?exmId=EXM_KS_5COc_1341_240211&category=dirSer	이몽유(李夢游)	1341	G002+AKS-KHF_13C774BABDC720U9999X0
239	http://people.aks.ac.kr/front/dirSer/exm/exmView.aks?exmId=EXM_KS_5COc_1341_240212&category=dirSer	안종원(安宗源)	1341	G002+AKS-KHF_13C548C885C6D0B1325X0
240	http://people.aks.ac.kr/front/dirSer/exm/exmView.aks?exmId=EXM_KS_5COc_1341_240213&category=dirSer	안면(安勉)	1341	G002+AKS-KHF_12C548BA74FFFFU9999X0
241	http://people.aks.ac.kr/front/dirSer/exm/exmView.aks?exmId=EXM_KS_5COc_1341_240214&category=dirSer	서영(徐穎)	1341	G002+AKS-KHF_12C11CC601FFFFU9999X0
242	http://people.aks.ac.kr/front/dirSer/exm/exmView.aks?exmId=EXM_KS_5COc_1341_240215&category=dirSer	김군필(金君弼)	1341	G002+AKS-KHF_13AE40AD70D544U9999X0
243	http://people.aks.ac.kr/front/dirSer/exm/exmView.aks?exmId=EXM_KS_5COc_1342_240206&category=dirSer	김응(金鷹)	1342	G002+AKS-KHF_12AE40C751FFFFU9999X1
244	http://people.aks.ac.kr/front/dirSer/exm/exmView.aks?exmId=EXM_KS_5COc_1344_240207&category=dirSer	안보린(安保麟)	1344	G002+AKS-KHF_13C548BCF4B9B0U9999X1
245	http://people.aks.ac.kr/front/dirSer/exm/exmView.aks?exmId=EXM_KS_5COc_1345_230208&category=dirSer	이천기(李天驥)	1345	G002+AKS-KHF_13C774CC9CAE30B1324X0
246	http://people.aks.ac.kr/front/dirSer/exm/exmView.aks?exmId=EXM_KS_5COc_1347_240209&category=dirSer	박형(朴形)	1347	G002+AKS-KHF_12BC15D615FFFFD1398X0
247	http://people.aks.ac.kr/front/dirSer/exm/exmView.aks?exmId=EXM_KS_5COc_1347_240210&category=dirSer	김득제(金得齊)	1347	G002+AKS-KHF_13AE40B4DDC81CU9999X0
248	http://people.aks.ac.kr/front/dirSer/exm/exmView.aks?exmId=EXM_KS_5COc_1350_230211&category=dirSer	이구(李玖)	1350	G002+AKS-KHF_12C774AD6CFFFFU9999X3
249	http://people.aks.ac.kr/front/dirSer/exm/exmView.aks?exmId=EXM_KS_5COc_1353_240213&category=dirSer	한달한(韓達漢)	1353	G002+AKS-KHF_13D55CBC29C2E0U9999X0
250	http://people.aks.ac.kr/front/dirSer/exm/exmView.aks?exmId=EXM_KS_5COc_1353_240214&category=dirSer	김구용(金九容)	1353	G002+AKS-KHF_13AE40AD6CC6A9B1338X0
251	http://people.aks.ac.kr/front/dirSer/exm/exmView.aks?exmId=EXM_KS_5COc_1353_230212&category=dirSer	양이시(楊以時)	1353	G002+AKS-KHF_13C591C774C2DCU9999X0
252	http://people.aks.ac.kr/front/dirSer/exm/exmView.aks?exmId=EXM_KS_5COc_1355_240214&category=dirSer	전익(全翊)	1355	G002+AKS-KHF_12C804C775FFFFU9999X0
253	http://people.aks.ac.kr/front/dirSer/exm/exmView.aks?exmId=EXM_KS_5COc_1357_240215&category=dirSer	이준(李竴)	1357	G002+AKS-KHF_12C774C900FFFFB1338X0
254	http://people.aks.ac.kr/front/dirSer/exm/exmView.aks?exmId=EXM_KS_5COc_1357_240216&category=dirSer	정몽주(鄭夢周)	1357	G002+AKS-KHF_13C815BABDC8FCB1337X0
255	http://people.aks.ac.kr/front/dirSer/exm/exmView.aks?exmId=EXM_KS_5COc_1357_240217&category=dirSer	강시(姜蓍)	1357	G002+AKS-KHF_12AC15C2DCFFFFB1339X0
256	http://people.aks.ac.kr/front/dirSer/exm/exmView.aks?exmId=EXM_KS_5COc_1357_240218&category=dirSer	노숭(盧崇)	1357	G002+AKS-KHF_12B178C22DFFFFB1337X0
257	http://people.aks.ac.kr/front/dirSer/exm/exmView.aks?exmId=EXM_KS_5COc_1360_240217&category=dirSer	박계양(朴季陽)	1360	G002+AKS-KHF_13BC15B3C8C9C0B1342X0
258	http://people.aks.ac.kr/front/dirSer/exm/exmView.aks?exmId=EXM_KS_5COc_1360_240219&category=dirSer	이숭인(李崇仁)	1360	G002+AKS-KHF_13C774C22DC778B1347X0
259	http://people.aks.ac.kr/front/dirSer/exm/exmView.aks?exmId=EXM_KS_5COc_1360_240220&category=dirSer	정도전(鄭道傳)	1360	G002+AKS-KHF_13C815B3C4C804B1342X0
260	http://people.aks.ac.kr/front/dirSer/exm/exmView.aks?exmId=EXM_KS_5COc_1360_240221&category=dirSer	김균(金稛)	1360	G002+AKS-KHF_12AE40ADE0FFFFD1398X0
261	http://people.aks.ac.kr/front/dirSer/exm/exmView.aks?exmId=EXM_KS_5COc_1360_240222&category=dirSer	윤소종(尹紹宗)	1360	G002+AKS-KHF_13C724C18CC885B1345X0
262	http://people.aks.ac.kr/front/dirSer/exm/exmView.aks?exmId=EXM_KS_5COc_1360_240223&category=dirSer	원천석(元天錫)	1360	G002+AKS-KHF_13C6D0CC9CC11DB1330X0
263	http://people.aks.ac.kr/front/dirSer/exm/exmView.aks?exmId=EXM_KS_5COc_1360_240224&category=dirSer	심방철(沈方哲)	1360	G002+AKS-KHF_13C2ECBC29CCA0B9999X0
264	http://people.aks.ac.kr/front/dirSer/exm/exmView.aks?exmId=EXM_KS_5COc_1360_240226&category=dirSer	나계종(羅繼從)	1360	G002+AKS-KHF_13B098ACC4C885B1339X0
265	http://people.aks.ac.kr/front/dirSer/exm/exmView.aks?exmId=EXM_KS_5COc_1361_230218&category=dirSer	■■■(■■■)	1361	_
266	http://people.aks.ac.kr/front/dirSer/exm/exmView.aks?exmId=EXM_KS_5COc_1362_240220&category=dirSer	허시(許時)	1362	G002+AKS-KHF_12D5C8C2DCFFFFU9999X1
267	http://people.aks.ac.kr/front/dirSer/exm/exmView.aks?exmId=EXM_KS_5COc_1362_230219&category=dirSer	정천익(鄭天益)	1362	G002+AKS-KHF_13C815CC9CC775U9999X0
268	http://people.aks.ac.kr/front/dirSer/exm/exmView.aks?exmId=EXM_KS_5COc_1365_240221&category=dirSer	민안인(閔安仁)	1365	G002+AKS-KHF_13BBFCC548C778B1343X0
269	http://people.aks.ac.kr/front/dirSer/exm/exmView.aks?exmId=EXM_KS_5COc_1365_240222&category=dirSer	안경공(安景恭)	1365	G002+AKS-KHF_13C548ACBDACF5B1347X0
270	http://people.aks.ac.kr/front/dirSer/exm/exmView.aks?exmId=EXM_KS_5COc_1365_240223&category=dirSer	임간(林幹)	1365	G002+AKS-KHF_12C784AC04FFFFU9999X1
271	http://people.aks.ac.kr/front/dirSer/exm/exmView.aks?exmId=EXM_KS_5COc_1365_240224&category=dirSer	이첨(李詹)	1365	G002+AKS-KHF_12C774CCA8FFFFB1345X0
272	http://people.aks.ac.kr/front/dirSer/exm/exmView.aks?exmId=EXM_KS_5COc_1368_230223&category=dirSer	전백영(全伯英)	1368	G002+AKS-KHF_13C804BC31C601U9999X0
273	http://people.aks.ac.kr/front/dirSer/exm/exmView.aks?exmId=EXM_KS_5COc_1371_230224&category=dirSer	유량(柳亮)	1371	G002+AKS-KHF_12C720B7C9FFFFB1355X0
274	http://people.aks.ac.kr/front/dirSer/exm/exmView.aks?exmId=EXM_KS_5COc_1374_230224&category=dirSer	이취(李就)	1374	G002+AKS-KHF_12C774CDE8FFFFU9999X0
275	http://people.aks.ac.kr/front/dirSer/exm/exmView.aks?exmId=EXM_KS_5COc_1374_230225&category=dirSer	이종학(李種學)	1374	G002+AKS-KHF_13C774C885D559B1361X0
276	http://people.aks.ac.kr/front/dirSer/exm/exmView.aks?exmId=EXM_KS_5COc_1374_230226&category=dirSer	남은(南誾)	1374	G002+AKS-KHF_12B0A8C740FFFFB1354X0
277	http://people.aks.ac.kr/front/dirSer/exm/exmView.aks?exmId=EXM_KS_5COc_1374_230227&category=dirSer	길재(吉再)	1374	G002+AKS-KHF_12AE38C7ACFFFFB1353X0
278	http://people.aks.ac.kr/front/dirSer/exm/exmView.aks?exmId=EXM_KS_5COc_1376_240229&category=dirSer	정희(鄭熙)	1376	G002+AKS-KHF_12C815D76CFFFFU9999X1
279	http://people.aks.ac.kr/front/dirSer/exm/exmView.aks?exmId=EXM_KS_5COc_1376_230228&category=dirSer	양인손(梁印孫)	1376	G002+AKS-KHF_13C591C778C190U9999X0
280	http://people.aks.ac.kr/front/dirSer/exm/exmView.aks?exmId=EXM_KS_5COc_1377_240227&category=dirSer	정전(鄭悛)	1377	G002+AKS-KHF_12C815C804FFFFB1356X0
281	http://people.aks.ac.kr/front/dirSer/exm/exmView.aks?exmId=EXM_KS_5COc_1377_240228&category=dirSer	이여신(李汝信)	1377	G002+AKS-KHF_13C774C5ECC2E0U9999X0
282	http://people.aks.ac.kr/front/dirSer/exm/exmView.aks?exmId=EXM_KS_5COc_1377_240229&category=dirSer	이백순(李百順)	1377	G002+AKS-KHF_13C774BC31C21CU9999X0
283	http://people.aks.ac.kr/front/dirSer/exm/exmView.aks?exmId=EXM_KS_5COc_1377_240230&category=dirSer	옥사온(玉斯溫)	1377	G002+AKS-KHF_13C625C0ACC628U9999X0
284	http://people.aks.ac.kr/front/dirSer/exm/exmView.aks?exmId=EXM_KS_5COc_1377_240231&category=dirSer	이회(李薈)	1377	G002+AKS-KHF_12C774D68CFFFFU9999X0
285	http://people.aks.ac.kr/front/dirSer/exm/exmView.aks?exmId=EXM_KS_5COc_1377_240232&category=dirSer	최관(崔關)	1377	G002+AKS-KHF_12CD5CAD00FFFFD1424X0
286	http://people.aks.ac.kr/front/dirSer/exm/exmView.aks?exmId=EXM_KS_5COc_1377_240233&category=dirSer	지희로(智希魯)	1377	G002+AKS-KHF_13C9C0D76CB85CU9999X0
287	http://people.aks.ac.kr/front/dirSer/exm/exmView.aks?exmId=EXM_KS_5COc_1377_240234&category=dirSer	한환(韓環)	1377	G002+AKS-KHF_12D55CD658FFFFU9999X0
288	http://people.aks.ac.kr/front/dirSer/exm/exmView.aks?exmId=EXM_KS_5COc_1377_240235&category=dirSer	최긍(崔兢)	1377	G002+AKS-KHF_12CD5CAE0DFFFFU9999X0
289	http://people.aks.ac.kr/front/dirSer/exm/exmView.aks?exmId=EXM_KS_5COc_1377_240236&category=dirSer	권준경(權準經)	1377	G002+AKS-KHF_13AD8CC900ACBDU9999X0
290	http://people.aks.ac.kr/front/dirSer/exm/exmView.aks?exmId=EXM_KS_5COc_1377_240237&category=dirSer	김양(金讓)	1377	G002+AKS-KHF_12AE40C591FFFFB1346X0
291	http://people.aks.ac.kr/front/dirSer/exm/exmView.aks?exmId=EXM_KS_5COc_1377_240238&category=dirSer	황원서(黃元瑞)	1377	G002+AKS-KHF_13D669C6D0C11CU9999X0
292	http://people.aks.ac.kr/front/dirSer/exm/exmView.aks?exmId=EXM_KS_5COc_1377_240239&category=dirSer	이치(李稚)	1377	G002+AKS-KHF_12C774CE58FFFFU9999X3
293	http://people.aks.ac.kr/front/dirSer/exm/exmView.aks?exmId=EXM_KS_5COc_1377_240240&category=dirSer	권완(權緩)	1377	G002+AKS-KHF_12AD8CC644FFFFD1417X0
294	http://people.aks.ac.kr/front/dirSer/exm/exmView.aks?exmId=EXM_KS_5COc_1377_240241&category=dirSer	변창(卞昌)	1377	G002+AKS-KHF_12BCC0CC3DFFFFU9999X1
295	http://people.aks.ac.kr/front/dirSer/exm/exmView.aks?exmId=EXM_KS_5COc_1377_240242&category=dirSer	정귀진(鄭龜晉)	1377	G002+AKS-KHF_13C815AD6CC9C4U9999X0
296	http://people.aks.ac.kr/front/dirSer/exm/exmView.aks?exmId=EXM_KS_5COc_1377_240243&category=dirSer	박개(朴開)	1377	G002+AKS-KHF_12BC15AC1CFFFFU9999X0
297	http://people.aks.ac.kr/front/dirSer/exm/exmView.aks?exmId=EXM_KS_5COc_1377_240244&category=dirSer	최하영(崔河泳)	1377	G002+AKS-KHF_13CD5CD558C601U9999X0
298	http://people.aks.ac.kr/front/dirSer/exm/exmView.aks?exmId=EXM_KS_5COc_1377_240245&category=dirSer	장지화(張至和)	1377	G002+AKS-KHF_13C7A5C9C0D654D1398X0
299	http://people.aks.ac.kr/front/dirSer/exm/exmView.aks?exmId=EXM_KS_5COc_1377_240246&category=dirSer	고사원(高士元)	1377	G002+AKS-KHF_13ACE0C0ACC6D0U9999X0
300	http://people.aks.ac.kr/front/dirSer/exm/exmView.aks?exmId=EXM_KS_5COc_1377_240247&category=dirSer	이후(李詡)	1377	G002+AKS-KHF_12C774D6C4FFFFU9999X5
301	http://people.aks.ac.kr/front/dirSer/exm/exmView.aks?exmId=EXM_KS_5COc_1377_240248&category=dirSer	김여진(金麗珍)	1377	G002+AKS-KHF_13AE40C5ECC9C4U9999X0
302	http://people.aks.ac.kr/front/dirSer/exm/exmView.aks?exmId=EXM_KS_5COc_1377_240249&category=dirSer	최회(崔匯)	1377	G002+AKS-KHF_12CD5CD68CFFFFU9999X1
303	http://people.aks.ac.kr/front/dirSer/exm/exmView.aks?exmId=EXM_KS_5COc_1377_240250&category=dirSer	김가성(金可成)	1377	G002+AKS-KHF_13AE40AC00C131U9999X0
304	http://people.aks.ac.kr/front/dirSer/exm/exmView.aks?exmId=EXM_KS_5COc_1377_240251&category=dirSer	박수기(朴竪基)	1377	G002+AKS-KHF_13BC15C218AE30U9999X0
305	http://people.aks.ac.kr/front/dirSer/exm/exmView.aks?exmId=EXM_KS_5COc_1377_240252&category=dirSer	양윤약(梁允若)	1377	G002+AKS-KHF_13C591C724C57DU9999X0
306	http://people.aks.ac.kr/front/dirSer/exm/exmView.aks?exmId=EXM_KS_5COc_1377_240253&category=dirSer	김윤수(金允綏)	1377	G002+AKS-KHF_13AE40C724C218U9999X0
307	http://people.aks.ac.kr/front/dirSer/exm/exmView.aks?exmId=EXM_KS_5COc_1377_240254&category=dirSer	배규(裵規)	1377	G002+AKS-KHF_12BC30ADDCFFFFU9999X0
308	http://people.aks.ac.kr/front/dirSer/exm/exmView.aks?exmId=EXM_KS_5COc_1377_240255&category=dirSer	김대(金對)	1377	G002+AKS-KHF_12AE40B300FFFFU9999X1
309	http://people.aks.ac.kr/front/dirSer/exm/exmView.aks?exmId=EXM_KS_5COc_1377_240256&category=dirSer	함부림(咸傅霖)	1377	G002+AKS-KHF_13D568BD80B9BCB1360X0
310	http://people.aks.ac.kr/front/dirSer/exm/exmView.aks?exmId=EXM_KS_5COc_1377_240257&category=dirSer	김한경(金漢卿)	1377	G002+AKS-KHF_13AE40D55CACBDU9999X2
311	http://people.aks.ac.kr/front/dirSer/exm/exmView.aks?exmId=EXM_KS_5COc_1377_240258&category=dirSer	조사보(趙思補)	1377	G002+AKS-KHF_13C870C0ACBCF4U9999X0
312	http://people.aks.ac.kr/front/dirSer/exm/exmView.aks?exmId=EXM_KS_5COc_1377_240259&category=dirSer	조사수(趙士秀)	1377	G002+AKS-KHF_13C870C0ACC218U9999X0
313	http://people.aks.ac.kr/front/dirSer/exm/exmView.aks?exmId=EXM_KS_5COc_1377_240260&category=dirSer	최유하(崔有河)	1377	G002+AKS-KHF_13CD5CC720D558U9999X0
314	http://people.aks.ac.kr/front/dirSer/exm/exmView.aks?exmId=EXM_KS_5COc_1377_240261&category=dirSer	곽구(郭久)	1377	G002+AKS-KHF_12ACFDAD6CFFFFU9999X0
315	http://people.aks.ac.kr/front/dirSer/exm/exmView.aks?exmId=EXM_KS_5COc_1377_240262&category=dirSer	경인(景寅)	1377	G002+AKS-KHF_12ACBDC778FFFFU9999X0
316	http://people.aks.ac.kr/front/dirSer/exm/exmView.aks?exmId=EXM_KS_5COc_1377_240263&category=dirSer	김상덕(金尙德)	1377	G002+AKS-KHF_13AE40C0C1B355U9999X0
317	http://people.aks.ac.kr/front/dirSer/exm/exmView.aks?exmId=EXM_KS_5COc_1377_240264&category=dirSer	전목(全穆)	1377	G002+AKS-KHF_12C804BAA9FFFFU9999X0
318	http://people.aks.ac.kr/front/dirSer/exm/exmView.aks?exmId=EXM_KS_5COc_1377_240265&category=dirSer	김제(金淛)	1377	G002+AKS-KHF_12AE40C81CFFFFU9999X2
319	http://people.aks.ac.kr/front/dirSer/exm/exmView.aks?exmId=EXM_KS_5COc_1377_240266&category=dirSer	유휘겸(柳撝謙)	1377	G002+AKS-KHF_13C720D718ACB8U9999X0
320	http://people.aks.ac.kr/front/dirSer/exm/exmView.aks?exmId=EXM_KS_5COc_1377_240267&category=dirSer	송전실(宋田實)	1377	G002+AKS-KHF_13C1A1C804C2E4U9999X0
321	http://people.aks.ac.kr/front/dirSer/exm/exmView.aks?exmId=EXM_KS_5COc_1377_240268&category=dirSer	문경(文褧)	1377	G002+AKS-KHF_12BB38ACBDFFFFU9999X0
322	http://people.aks.ac.kr/front/dirSer/exm/exmView.aks?exmId=EXM_KS_5COc_1377_240269&category=dirSer	윤상(尹相)	1377	G002+AKS-KHF_12C724C0C1FFFFU9999X1
323	http://people.aks.ac.kr/front/dirSer/exm/exmView.aks?exmId=EXM_KS_5COc_1377_240270&category=dirSer	정제(鄭悌)	1377	G002+AKS-KHF_12C815C81CFFFFU9999X1
324	http://people.aks.ac.kr/front/dirSer/exm/exmView.aks?exmId=EXM_KS_5COc_1377_240271&category=dirSer	서취(徐就)	1377	G002+AKS-KHF_12C11CCDE8FFFFU9999X0
325	http://people.aks.ac.kr/front/dirSer/exm/exmView.aks?exmId=EXM_KS_5COc_1377_240272&category=dirSer	정빙(鄭憑)	1377	G002+AKS-KHF_12C815BE59FFFFU9999X0
326	http://people.aks.ac.kr/front/dirSer/exm/exmView.aks?exmId=EXM_KS_5COc_1377_240273&category=dirSer	최인(崔寅)	1377	G002+AKS-KHF_12CD5CC778FFFFU9999X1
327	http://people.aks.ac.kr/front/dirSer/exm/exmView.aks?exmId=EXM_KS_5COc_1377_240274&category=dirSer	정여해(鄭汝諧)	1377	G002+AKS-KHF_13C815C5ECD574U9999X0
328	http://people.aks.ac.kr/front/dirSer/exm/exmView.aks?exmId=EXM_KS_5COc_1377_240275&category=dirSer	박윤(朴允)	1377	G002+AKS-KHF_12BC15C724FFFFU9999X0
329	http://people.aks.ac.kr/front/dirSer/exm/exmView.aks?exmId=EXM_KS_5COc_1377_240276&category=dirSer	우근(禹謹)	1377	G002+AKS-KHF_12C6B0ADFCFFFFU9999X0
330	http://people.aks.ac.kr/front/dirSer/exm/exmView.aks?exmId=EXM_KS_5COc_1377_240277&category=dirSer	김흡(金翕)	1377	G002+AKS-KHF_12AE40D761FFFFU9999X2
331	http://people.aks.ac.kr/front/dirSer/exm/exmView.aks?exmId=EXM_KS_5COc_1377_240278&category=dirSer	고안명(高安命)	1377	G002+AKS-KHF_13ACE0C548BA85U9999X0
332	http://people.aks.ac.kr/front/dirSer/exm/exmView.aks?exmId=EXM_KS_5COc_1377_240279&category=dirSer	김순생(金筍生)	1377	G002+AKS-KHF_13AE40C21CC0DDU9999X2
333	http://people.aks.ac.kr/front/dirSer/exm/exmView.aks?exmId=EXM_KS_5COc_1377_240280&category=dirSer	최형(崔衡)	1377	G002+AKS-KHF_12CD5CD615FFFFU9999X2
334	http://people.aks.ac.kr/front/dirSer/exm/exmView.aks?exmId=EXM_KS_5COc_1377_240281&category=dirSer	안사검(安思儉)	1377	G002+AKS-KHF_13C548C0ACAC80U9999X0
335	http://people.aks.ac.kr/front/dirSer/exm/exmView.aks?exmId=EXM_KS_5COc_1377_240282&category=dirSer	이양(李揚)	1377	G002+AKS-KHF_12C774C591FFFFU9999X4
336	http://people.aks.ac.kr/front/dirSer/exm/exmView.aks?exmId=EXM_KS_5COc_1377_240283&category=dirSer	유인관(兪仁琯)	1377	G002+AKS-KHF_13C720C778AD00U9999X0
337	http://people.aks.ac.kr/front/dirSer/exm/exmView.aks?exmId=EXM_KS_5COc_1377_240284&category=dirSer	권원(權遠)	1377	G002+AKS-KHF_12AD8CC6D0FFFFB1363X0
338	http://people.aks.ac.kr/front/dirSer/exm/exmView.aks?exmId=EXM_KS_5COc_1377_240285&category=dirSer	이즐(李隲)	1377	G002+AKS-KHF_12C774C990FFFFB1363X0
339	http://people.aks.ac.kr/front/dirSer/exm/exmView.aks?exmId=EXM_KS_5COc_1377_240286&category=dirSer	이종(李悰)	1377	G002+AKS-KHF_12C774C885FFFFU9999X1
340	http://people.aks.ac.kr/front/dirSer/exm/exmView.aks?exmId=EXM_KS_5COc_1377_240287&category=dirSer	이강실(李岡實)	1377	G002+AKS-KHF_13C774AC15C2E4U9999X0
341	http://people.aks.ac.kr/front/dirSer/exm/exmView.aks?exmId=EXM_KS_5COc_1377_240288&category=dirSer	경습(慶習)	1377	G002+AKS-KHF_12ACBDC2B5FFFFU9999X0
342	http://people.aks.ac.kr/front/dirSer/exm/exmView.aks?exmId=EXM_KS_5COc_1377_240289&category=dirSer	김제두(金齊斗)	1377	G002+AKS-KHF_13AE40C81CB450U9999X0
343	http://people.aks.ac.kr/front/dirSer/exm/exmView.aks?exmId=EXM_KS_5COc_1377_240290&category=dirSer	정도(鄭蹈)	1377	G002+AKS-KHF_12C815B3C4FFFFU9999X0
344	http://people.aks.ac.kr/front/dirSer/exm/exmView.aks?exmId=EXM_KS_5COc_1377_240291&category=dirSer	허동(許董)	1377	G002+AKS-KHF_12D5C8B3D9FFFFU9999X0
345	http://people.aks.ac.kr/front/dirSer/exm/exmView.aks?exmId=EXM_KS_5COc_1377_240292&category=dirSer	이지(李持)	1377	G002+AKS-KHF_13C774BC31C9C0D1419X0
346	http://people.aks.ac.kr/front/dirSer/exm/exmView.aks?exmId=EXM_KS_5COc_1377_240293&category=dirSer	서좌(徐坐)	1377	G002+AKS-KHF_12C11CC88CFFFFU9999X0
347	http://people.aks.ac.kr/front/dirSer/exm/exmView.aks?exmId=EXM_KS_5COc_1377_240294&category=dirSer	이준(李雋)	1377	G002+AKS-KHF_13C774C900FFFFU9999X0
348	http://people.aks.ac.kr/front/dirSer/exm/exmView.aks?exmId=EXM_KS_5COc_1377_240295&category=dirSer	윤사제(尹思齊)	1377	G002+AKS-KHF_13C724C0ACC81CU9999X0
349	http://people.aks.ac.kr/front/dirSer/exm/exmView.aks?exmId=EXM_KS_5COc_1377_240296&category=dirSer	이건(李虔)	1377	G002+AKS-KHF_12C774AC74FFFFU9999X0
350	http://people.aks.ac.kr/front/dirSer/exm/exmView.aks?exmId=EXM_KS_5COc_1377_240297&category=dirSer	유극성(柳克成)	1377	G002+AKS-KHF_13C720ADF9C131U9999X0
351	http://people.aks.ac.kr/front/dirSer/exm/exmView.aks?exmId=EXM_KS_5COc_1377_240298&category=dirSer	곽돈(郭惇)	1377	G002+AKS-KHF_12ACFDB3C8FFFFU9999X0
352	http://people.aks.ac.kr/front/dirSer/exm/exmView.aks?exmId=EXM_KS_5COc_1377_240299&category=dirSer	왕흥덕(王興德)	1377	G002+AKS-KHF_13C655D765B355B1365X0
353	http://people.aks.ac.kr/front/dirSer/exm/exmView.aks?exmId=EXM_KS_5COc_1377_240300&category=dirSer	배온(裵蘊)	1377	G002+AKS-KHF_12BC30C628FFFFU9999X0
354	http://people.aks.ac.kr/front/dirSer/exm/exmView.aks?exmId=EXM_KS_5COc_1377_240301&category=dirSer	이보자(李甫刺)	1377	G002+AKS-KHF_12C774C870FFFFD1411X0
355	http://people.aks.ac.kr/front/dirSer/exm/exmView.aks?exmId=EXM_KS_5COc_1377_240302&category=dirSer	박정실(朴廷實)	1377	G002+AKS-KHF_13BC15C815C2E4U9999X0
356	http://people.aks.ac.kr/front/dirSer/exm/exmView.aks?exmId=EXM_KS_5COc_1377_240303&category=dirSer	신포시(申包翅)	1377	G002+AKS-KHF_13C2E0D3ECC2DCB1361X0
357	http://people.aks.ac.kr/front/dirSer/exm/exmView.aks?exmId=EXM_KS_5COc_1377_240304&category=dirSer	왕원(王瑗)	1377	G002+AKS-KHF_12C655B834FFFFU9999X1
358	http://people.aks.ac.kr/front/dirSer/exm/exmView.aks?exmId=EXM_KS_5COc_1377_240305&category=dirSer	김거(金據)	1377	G002+AKS-KHF_12AE40AC70FFFFU9999X0
359	http://people.aks.ac.kr/front/dirSer/exm/exmView.aks?exmId=EXM_KS_5COc_1377_240306&category=dirSer	김희경(金熙敬)	1377	G002+AKS-KHF_13AE40D76CACBDU9999X0
360	http://people.aks.ac.kr/front/dirSer/exm/exmView.aks?exmId=EXM_KS_5COc_1377_240307&category=dirSer	배무(裵懋)	1377	G002+AKS-KHF_12BC30BB34FFFFU9999X0
361	http://people.aks.ac.kr/front/dirSer/exm/exmView.aks?exmId=EXM_KS_5COc_1377_240308&category=dirSer	권만(權蔓)	1377	G002+AKS-KHF_12AD8CB9CCFFFFD1423X0
362	http://people.aks.ac.kr/front/dirSer/exm/exmView.aks?exmId=EXM_KS_5COc_1377_240309&category=dirSer	김기지(金器之)	1377	G002+AKS-KHF_13AE40AE30C9C0U9999X1
363	http://people.aks.ac.kr/front/dirSer/exm/exmView.aks?exmId=EXM_KS_5COc_1377_240310&category=dirSer	김자척(金自惕)	1377	G002+AKS-KHF_13AE40C790CC99U9999X0
364	http://people.aks.ac.kr/front/dirSer/exm/exmView.aks?exmId=EXM_KS_5COc_1377_240311&category=dirSer	손귀생(孫貴生)	1377	G002+AKS-KHF_13C190ADC0C0DDU9999X0
365	http://people.aks.ac.kr/front/dirSer/exm/exmView.aks?exmId=EXM_KS_5COc_1377_240312&category=dirSer	조민(趙敏)	1377	G002+AKS-KHF_12C870BBFCFFFFU9999X1
366	http://people.aks.ac.kr/front/dirSer/exm/exmView.aks?exmId=EXM_KS_5COc_1377_240313&category=dirSer	최니(崔泥)	1377	G002+AKS-KHF_12CD5CB2C8FFFFU9999X0
367	http://people.aks.ac.kr/front/dirSer/exm/exmView.aks?exmId=EXM_KS_5COc_1377_240314&category=dirSer	박효생(朴孝生)	1377	G002+AKS-KHF_13BC15D6A8C0DDU9999X0
368	http://people.aks.ac.kr/front/dirSer/exm/exmView.aks?exmId=EXM_KS_5COc_1377_240315&category=dirSer	김원덕(金元德)	1377	G002+AKS-KHF_13AE40C6D0B355U9999X0
369	http://people.aks.ac.kr/front/dirSer/exm/exmView.aks?exmId=EXM_KS_5COc_1377_240316&category=dirSer	김흥도(金興道)	1377	G002+AKS-KHF_13AE40D765B3C4U9999X0
370	http://people.aks.ac.kr/front/dirSer/exm/exmView.aks?exmId=EXM_KS_5COc_1377_240317&category=dirSer	김수영(金壽英)	1377	G002+AKS-KHF_13AE40C218C601U9999X2
371	http://people.aks.ac.kr/front/dirSer/exm/exmView.aks?exmId=EXM_KS_5COc_1377_240318&category=dirSer	임숙보(林叔𥙷)	1377	G002+AKS-KHF_13C784C219BCF4U9999X0
372	http://people.aks.ac.kr/front/dirSer/exm/exmView.aks?exmId=EXM_KS_5COc_1377_240319&category=dirSer	신유충(愼由衷)	1377	G002+AKS-KHF_13C2E0C774CDA9U9999X0
373	http://people.aks.ac.kr/front/dirSer/exm/exmView.aks?exmId=EXM_KS_5COc_1377_240320&category=dirSer	민귀생(閔貴生)	1377	G002+AKS-KHF_13BBFCADC0C0DDU9999X0
374	http://people.aks.ac.kr/front/dirSer/exm/exmView.aks?exmId=EXM_KS_5COc_1377_240321&category=dirSer	조렴(趙廉)	1377	G002+AKS-KHF_12C870B834FFFFU9999X0
375	http://people.aks.ac.kr/front/dirSer/exm/exmView.aks?exmId=EXM_KS_5COc_1377_240322&category=dirSer	조계림(曺桂林)	1377	G002+AKS-KHF_13C870ACC4B9BCU9999X0
376	http://people.aks.ac.kr/front/dirSer/exm/exmView.aks?exmId=EXM_KS_5COc_1377_240323&category=dirSer	신후(辛候)	1377	G002+AKS-KHF_12C2E0D6C4FFFFU9999X0
377	http://people.aks.ac.kr/front/dirSer/exm/exmView.aks?exmId=EXM_KS_5COc_1377_240324&category=dirSer	변옹(卞雍)	1377	G002+AKS-KHF_12BCC0C639FFFFU9999X0
378	http://people.aks.ac.kr/front/dirSer/exm/exmView.aks?exmId=EXM_KS_5COc_1377_240325&category=dirSer	최온(崔穩)	1377	G002+AKS-KHF_12CD5CC628FFFFU9999X2
379	http://people.aks.ac.kr/front/dirSer/exm/exmView.aks?exmId=EXM_KS_5COc_1377_240326&category=dirSer	이하(李何)	1377	G002+AKS-KHF_12C774D558FFFFU9999X3
380	http://people.aks.ac.kr/front/dirSer/exm/exmView.aks?exmId=EXM_KS_5COc_1377_230230&category=dirSer	문경(文褧)	1377	G002+AKS-KHF_12BB38ACBDFFFFU9999X0
381	http://people.aks.ac.kr/front/dirSer/exm/exmView.aks?exmId=EXM_KS_5COc_1380_240330&category=dirSer	이여량(李汝良)	1380	G002+AKS-KHF_13C774C5ECB7C9U9999X0
382	http://people.aks.ac.kr/front/dirSer/exm/exmView.aks?exmId=EXM_KS_5COc_1380_240331&category=dirSer	김명양(金明揚)	1380	G002+AKS-KHF_13AE40BA85C591U9999X0
383	http://people.aks.ac.kr/front/dirSer/exm/exmView.aks?exmId=EXM_KS_5COc_1380_230328&category=dirSer	홍상빈(洪尙賓)	1380	G002+AKS-KHF_13D64DC0C1BE48D1388X0
384	http://people.aks.ac.kr/front/dirSer/exm/exmView.aks?exmId=EXM_KS_5COc_1380_230329&category=dirSer	심효생(沈孝生)	1380	G002+AKS-KHF_13C2ECD6A8C0DDB1349X0
385	http://people.aks.ac.kr/front/dirSer/exm/exmView.aks?exmId=EXM_KS_5COc_1382_240332&category=dirSer	이승상(李升商)	1382	G002+AKS-KHF_13C774C2B9C0C1D1413X0
386	http://people.aks.ac.kr/front/dirSer/exm/exmView.aks?exmId=EXM_KS_5COc_1382_240333&category=dirSer	민수산(閔壽山)	1382	G002+AKS-KHF_13BBFCC218C0B0U9999X0
387	http://people.aks.ac.kr/front/dirSer/exm/exmView.aks?exmId=EXM_KS_5COc_1382_240334&category=dirSer	태종대왕(太宗大王)	1382	G002+AKS-KHF_12D0DCC885FFFFB1367X0
388	http://people.aks.ac.kr/front/dirSer/exm/exmView.aks?exmId=EXM_KS_5COc_1382_240335&category=dirSer	이맹유(李孟㽥)	1382	G002+AKS-KHF_13C774B9F9C720B9999X0
389	http://people.aks.ac.kr/front/dirSer/exm/exmView.aks?exmId=EXM_KS_5COc_1382_240336&category=dirSer	변계량(卞季良)	1382	G002+AKS-KHF_13BCC0ACC4B7C9B1369X0
390	http://people.aks.ac.kr/front/dirSer/exm/exmView.aks?exmId=EXM_KS_5COc_1382_240337&category=dirSer	김명리(金明理)	1382	G002+AKS-KHF_13AE40BA85B9ACB1368X0
391	http://people.aks.ac.kr/front/dirSer/exm/exmView.aks?exmId=EXM_KS_5COc_1382_240338&category=dirSer	오승(吳陞)	1382	G002+AKS-KHF_12C624C2B9FFFFB1364X0
392	http://people.aks.ac.kr/front/dirSer/exm/exmView.aks?exmId=EXM_KS_5COc_1382_230332&category=dirSer	정귀진(鄭龜晉)	1382	G002+AKS-KHF_13C815AD6CC9C4U9999X0
393	http://people.aks.ac.kr/front/dirSer/exm/exmView.aks?exmId=EXM_KS_5COc_1382_230333&category=dirSer	권원(權遠)	1382	G002+AKS-KHF_12AD8CC6D0FFFFB1363X0
394	http://people.aks.ac.kr/front/dirSer/exm/exmView.aks?exmId=EXM_KS_5COc_1382_230371&category=dirSer	오승(吳陞)	1382	G002+AKS-KHF_12C624C2B9FFFFB1364X0
395	http://people.aks.ac.kr/front/dirSer/exm/exmView.aks?exmId=EXM_KS_5COc_1382_230372&category=dirSer	최자해(崔自海)	1382	G002+AKS-KHF_13CD5CC790D574B1363X0
396	http://people.aks.ac.kr/front/dirSer/exm/exmView.aks?exmId=EXM_KS_5COc_1383_230337&category=dirSer	왕비(王禆)	1383	G002+AKS-KHF_12C655BE44FFFFU9999X0
397	http://people.aks.ac.kr/front/dirSer/exm/exmView.aks?exmId=EXM_KS_5COc_1383_230338&category=dirSer	변계량(卞季良)	1383	G002+AKS-KHF_13BCC0ACC4B7C9B1369X0
398	http://people.aks.ac.kr/front/dirSer/exm/exmView.aks?exmId=EXM_KS_5COc_1383_230339&category=dirSer	황희(黃喜)	1383	G002+AKS-KHF_12D669D76CFFFFB1363X0
399	http://people.aks.ac.kr/front/dirSer/exm/exmView.aks?exmId=EXM_KS_5COc_1383_240340&category=dirSer	우홍명(禹洪命)	1383	G002+AKS-KHF_13C6B0D64DBA85D1392X0
400	http://people.aks.ac.kr/front/dirSer/exm/exmView.aks?exmId=EXM_KS_5COc_1383_240341&category=dirSer	길재(吉再)	1383	G002+AKS-KHF_12AE38C7ACFFFFB1353X0
401	http://people.aks.ac.kr/front/dirSer/exm/exmView.aks?exmId=EXM_KS_5COc_1383_240342&category=dirSer	안순(安純)	1383	G002+AKS-KHF_12C548C21CFFFFB1371X0
402	http://people.aks.ac.kr/front/dirSer/exm/exmView.aks?exmId=EXM_KS_5COc_1383_240343&category=dirSer	이맹균(李孟畇)	1383	G002+AKS-KHF_13C774B9F9ADE0B1371X0
403	http://people.aks.ac.kr/front/dirSer/exm/exmView.aks?exmId=EXM_KS_5COc_1383_240344&category=dirSer	최자해(崔自海)	1383	G002+AKS-KHF_13CD5CC790D574B1363X0
404	http://people.aks.ac.kr/front/dirSer/exm/exmView.aks?exmId=EXM_KS_5COc_1385_240341&category=dirSer	허조(許稠)	1385	G002+AKS-KHF_12D5C8C870FFFFB1369X0
405	http://people.aks.ac.kr/front/dirSer/exm/exmView.aks?exmId=EXM_KS_5COc_1385_240345&category=dirSer	임공위(任公緯)	1385	G002+AKS-KHF_13C784ACF5C704D1388X0
406	http://people.aks.ac.kr/front/dirSer/exm/exmView.aks?exmId=EXM_KS_5COc_1385_240346&category=dirSer	박은(朴訔)	1385	G002+AKS-KHF_12BC15C740FFFFB1370X0
407	http://people.aks.ac.kr/front/dirSer/exm/exmView.aks?exmId=EXM_KS_5COc_1385_240347&category=dirSer	이하(李賀)	1385	G002+AKS-KHF_12C774D558FFFFU9999X0
408	http://people.aks.ac.kr/front/dirSer/exm/exmView.aks?exmId=EXM_KS_5COc_1385_240348&category=dirSer	황희(黃喜)	1385	G002+AKS-KHF_12D669D76CFFFFB1363X0
409	http://people.aks.ac.kr/front/dirSer/exm/exmView.aks?exmId=EXM_KS_5COc_1385_230343&category=dirSer	최견(崔蠲)	1385	G002+AKS-KHF_12CD5CACACFFFFD1437X0
410	http://people.aks.ac.kr/front/dirSer/exm/exmView.aks?exmId=EXM_KS_5COc_1385_230344&category=dirSer	심온(沈溫)	1385	G002+AKS-KHF_12C2ECC628FFFFD1418X0
411	http://people.aks.ac.kr/front/dirSer/exm/exmView.aks?exmId=EXM_KS_5COc_1386_240341&category=dirSer	정곤(鄭坤)	1386	G002+AKS-KHF_12C815ACE4FFFFU9999X1
412	http://people.aks.ac.kr/front/dirSer/exm/exmView.aks?exmId=EXM_KS_5COc_1386_240342&category=dirSer	박흥생(朴興生)	1386	G002+AKS-KHF_13BC15D765C0DDB1374X0
413	http://people.aks.ac.kr/front/dirSer/exm/exmView.aks?exmId=EXM_KS_5COc_1386_240343&category=dirSer	신상(申商)	1386	G002+AKS-KHF_12C2E0C0C1FFFFB1372X0
414	http://people.aks.ac.kr/front/dirSer/exm/exmView.aks?exmId=EXM_KS_5COc_1388_240345&category=dirSer	맹사겸(孟思謙)	1388	G002+AKS-KHF_13B9F9C0ACACB8B1372X0
415	http://people.aks.ac.kr/front/dirSer/exm/exmView.aks?exmId=EXM_KS_5COc_1388_230343&category=dirSer	신상(申商)	1388	G002+AKS-KHF_12C2E0C0C1FFFFB1372X0
416	http://people.aks.ac.kr/front/dirSer/exm/exmView.aks?exmId=EXM_KS_5COc_1388_230344&category=dirSer	안순(安純)	1388	G002+AKS-KHF_12C548C21CFFFFB1371X0
417	http://people.aks.ac.kr/front/dirSer/exm/exmView.aks?exmId=EXM_KS_5COc_1388_230345&category=dirSer	허조(許稠)	1388	G002+AKS-KHF_12D5C8C870FFFFB1369X0
418	http://people.aks.ac.kr/front/dirSer/exm/exmView.aks?exmId=EXM_KS_5COc_1389_240347&category=dirSer	황눌(黃訥)	1389	G002+AKS-KHF_12D669B20CFFFFU9999X0
419	http://people.aks.ac.kr/front/dirSer/exm/exmView.aks?exmId=EXM_KS_5COc_1389_230346&category=dirSer	황현(黃鉉)	1389	G002+AKS-KHF_12D669D604FFFFB1372X0
420	http://people.aks.ac.kr/front/dirSer/exm/exmView.aks?exmId=EXM_KS_5COc_1389_230347&category=dirSer	김명리(金明理)	1389	G002+AKS-KHF_13AE40BA85B9ACB1368X0
421	http://people.aks.ac.kr/front/dirSer/exm/exmView.aks?exmId=EXM_KS_5COc_1390_230348&category=dirSer	조유인(曹由仁)	1390	G002+AKS-KHF_13C870C720C778U9999X0
422	http://people.aks.ac.kr/front/dirSer/exm/exmView.aks?exmId=EXM_KS_5COc_1390_230349&category=dirSer	신개(申槩)	1390	G002+AKS-KHF_12C2E0AC1CFFFFB1374X0
423	http://people.aks.ac.kr/front/dirSer/exm/exmView.aks?exmId=EXM_KS_5COc_1390_230350&category=dirSer	박흥생(朴興生)	1390	G002+AKS-KHF_13BC15D765C0DDB1374X0
424	http://people.aks.ac.kr/front/dirSer/exm/exmView.aks?exmId=EXM_KS_5COc_1390_230351&category=dirSer	성달생(成達生)	1390	G002+AKS-KHF_13C131B2ECC0DDB1376X0
425	http://people.aks.ac.kr/front/dirSer/exm/exmView.aks?exmId=EXM_KS_5COc_1390_240352&category=dirSer	이적(李逖)	1390	G002+AKS-KHF_12C774C801FFFFU9999X7
426	http://people.aks.ac.kr/front/dirSer/exm/exmView.aks?exmId=EXM_KS_5COc_1390_240353&category=dirSer	김명윤(金明允)	1390	G002+AKS-KHF_13AE40BA85C724U9999X0
427	http://people.aks.ac.kr/front/dirSer/exm/exmView.aks?exmId=EXM_KS_5COc_1390_240354&category=dirSer	신개(申槩)	1390	G002+AKS-KHF_12C2E0AC1CFFFFB1374X0
428	http://people.aks.ac.kr/front/dirSer/exm/exmView.aks?exmId=EXM_KS_5COc_1392_230355&category=dirSer	허적(許逷)	1392	G002+AKS-KHF_12D5C8C801FFFFU9999X1
429	http://people.aks.ac.kr/front/dirSer/exm/exmView.aks?exmId=EXM_KS_5COc_1392_413121&category=dirSer	이각(李恪)	1392	G002+AKS-KHF_12C774AC01FFFFB1374X0
430	http://people.aks.ac.kr/front/dirSer/exm/exmView.aks?exmId=EXM_KS_5COc_1392_240356&category=dirSer	이맹준(李孟畯)	1392	G002+AKS-KHF_13C774B9F9C900U9999X0
431	http://people.aks.ac.kr/front/dirSer/exm/exmView.aks?exmId=EXM_KS_5COc_1392_240357&category=dirSer	윤상(尹祥)	1392	G002+AKS-KHF_12C724C0C1FFFFB1373X0
