munjip_id	문집	文集	성명	姓名	birthyear	deathyear	ancestralseat	choronym
ITKC_MI_0001A	계원필경집	桂苑筆耕集	최치원	崔致遠	857		慶州	慶州 崔
ITKC_MI_0002A	고운집	孤雲集	최치원	崔致遠	857		慶州	慶州 崔
ITKC_MI_0003A	서하집	西河集	임춘	林椿			醴泉	醴泉 林
ITKC_MI_0004A	동국이상국집	東國李相國集	이규보	李奎報	1168	1241	驪州	驪州 李
ITKC_MI_0005A	매호유고	梅湖遺稿	진화	陳澕			驪陽	驪陽 陳
ITKC_MI_0006A	남양시집	南陽詩集	백비화	白賁華	1180	1224	藍浦	藍浦 白
ITKC_MI_0007A	지포집	止浦集	김구	金坵	1211	1278	扶寧	扶寧 金
ITKC_MI_0008A	동안거사집	動安居士集	이승휴	李承休	1224	1300	嘉利	嘉利 李
ITKC_MI_0009A	홍애유고	洪崖遺槀	홍간	洪侃		1304	豐山	豐山 洪
ITKC_MI_0010A	근재집	謹齋集	안축	安軸	1282	1348	順興	順興 安
ITKC_MI_0011A	익재난고	益齋亂藁	이제현	李齊賢	1287	1367	慶州	慶州 李
ITKC_MI_0012A	졸고천백	拙藁千百	최해	崔瀣	1287	1340	慶州	慶州 崔
ITKC_MI_0013A	급암시집	及菴詩集	민사평	閔思平	1295	1359	驪興	驪興 閔
ITKC_MI_0014A	가정집	稼亭集	이곡	李穀	1298	1351	韓山	韓山 李
ITKC_MI_0015A	설곡집	雪谷集	정포	鄭誧	1309	1345	淸州	淸州 鄭
ITKC_MI_0016A	제정집	霽亭集	이달충	李達衷	1309	1385	慶州	慶州 李
ITKC_MI_0017A	담암일집	淡庵逸集	백문보	白文寶	1303	1374	稷山	稷山 白
ITKC_MI_0018A	둔촌잡영	遁村雜詠	이집	李集	1327	1387	廣州	廣州 李
ITKC_MI_0019A	야은일고	壄隱逸稿	전녹생	田祿生	1318	1375	潭陽	潭陽 田
ITKC_MI_0020A	목은고	牧隱藁	이색	李穡	1328	1396	韓山	韓山 李
ITKC_MI_0021A	원재고	圓齋槀	정추	鄭樞	1333	1382	淸州	淸州 鄭
ITKC_MI_0022A	송은집	松隱集	박익	朴翊	1332	1398	密陽	密陽 朴
ITKC_MI_0023A	유항시집	柳巷詩集	한수	韓脩	1333	1384	淸州	淸州 韓
ITKC_MI_0024A	삼봉집	三峯集	정도전	鄭道傳	1342	1398	奉化	奉化 鄭
ITKC_MI_0025A	포은집	圃隱集	정몽주	鄭夢周	1337	1392	迎日	迎日 鄭
ITKC_MI_0026A	척약재학음집	惕若齋學吟集	김구용	金九容	1338	1384	安東	安東 金
ITKC_MI_0027A	독곡집	獨谷集	성석린	成石璘	1338	1423	昌寧	昌寧 成
ITKC_MI_0028A	운곡행록	耘谷行錄	원천석	元天錫	1330		原州	原州 元
ITKC_MI_0029A	경렴정집	景濂亭集	탁광무	卓光茂	1330	1410	光州	光州 卓
ITKC_MI_0030A	석탄집	石灘集	이존오	李存吾	1341	1371	慶州	慶州 李
ITKC_MI_0031A	쌍매당협장집	雙梅堂篋藏集	이첨	李詹	1345	1405	新平	新平 李
ITKC_MI_0032A	송당집	松堂集	조준	趙浚	1346	1405	平壤	平壤 趙
ITKC_MI_0033A	호정집	浩亭集	하륜	河崙	1347	1416	晉州	晉州 河
ITKC_MI_0034A	도은집	陶隱集	이숭인	李崇仁	1347	1392	京山	京山 李
ITKC_MI_0035A	구정유고	龜亭遺藁	남재	南在	1351	1419	宜寧	宜寧 南
ITKC_MI_0036A	양촌집	陽村集	권근	權近	1352	1409	安東	安東 權
ITKC_MI_0037A	기우집	騎牛集	이행	李行	1352	1432	驪興	驪興 李
ITKC_MI_0038A	야은집	冶隱集	길재	吉再	1353	1419	海平	海平 吉
ITKC_MI_0039A	복재집	復齋集	정총	鄭摠	1358	1397	淸州	淸州 鄭
ITKC_MI_0040A	인재유고	麟齋遺稿	이종학	李種學	1361	1392	韓山	韓山 李
ITKC_MI_0041A	형재시집	亨齋詩集	이직	李稷	1362	1431	星州	星州 李
ITKC_MI_0042A	용헌집	容軒集	이원	李原	1368	1429	鐵城	鐵城 李
ITKC_MI_0043A	춘정집	春亭集	변계량	卞季良	1369	1430	密陽	密陽 卞
ITKC_MI_0044A	별동집	別洞集	윤상	尹祥	1373	1455	醴泉	醴泉 尹
ITKC_MI_0045A	국당유고	菊堂遺稿	박흥생	朴興生	1374	1446	密陽	密陽 朴
ITKC_MI_0046A	인재집	寅齋集	신개	申槩	1374	1446	平山	平山 申
ITKC_MI_0047A	경재집	敬齋集	하연	河演	1376	1453	晉州	晉州 河
ITKC_MI_0048A	정재일고	貞齋逸稿	박의중	朴宜中	1337	1403	密陽	密陽 朴
ITKC_MI_0049A	단계유고	丹溪遺稿	하위지	河緯地	1412	1456	丹城	丹城 河
ITKC_MI_0050A	태재집	泰齋集	유방선	柳方善	1388	1443	瑞山	瑞山 柳
ITKC_MI_0051A	불우헌집	不憂軒集	정극인	丁克仁	1401	1481	靈光	靈光 丁
ITKC_MI_0052A	경재유고	敬齋遺稿	남수문	南秀文	1408	1442	固城	固城 南
ITKC_MI_0053A	식우집	拭疣集	김수온	金守溫	1409	1481	永同	永同 金
ITKC_MI_0054A	태허정집	太虛亭集	최항	崔恒	1409	1474	朔寧	朔寧 崔
ITKC_MI_0055A	관란유고	觀瀾遺稿	원호	元昊			原州	原州 元
ITKC_MI_0056A	눌재집	訥齋集	양성지	梁誠之	1415	1482	南原	南原 梁
ITKC_MI_0057A	저헌집	樗軒集	이석형	李石亨	1415	1477	延安	延安 李
ITKC_MI_0058A	박선생유고	朴先生遺稿	박팽년	朴彭年	1417	1456	順天	順天 朴
ITKC_MI_0059A	보한재집	保閑齋集	신숙주	申叔舟	1417	1475	高靈	高靈 申
ITKC_MI_0060A	성근보집	成謹甫集	성삼문	成三問	1418	1456	昌寧	昌寧 成
ITKC_MI_0061A	사가집	四佳集	서거정	徐居正	1420	1488	達城	達城 徐
ITKC_MI_0062A	어계집	漁溪集	조려	趙旅	1420	1489	咸安	咸安 趙
ITKC_MI_0063A	삼탄집	三灘集	이승소	李承召	1422	1484	陽城	陽城 李
ITKC_MI_0064A	사숙재집	私淑齋集	강희맹	姜希孟	1424	1483	晉州	晉州 姜
ITKC_MI_0065A	진일유고	眞逸遺藁	성간	成侃	1427	1456	昌寧	昌寧 成
ITKC_MI_0066A	점필재집	佔畢齋集	김종직	金宗直	1431	1492	善山	善山 金
ITKC_MI_0067A	소총유고	篠䕺遺稿	홍유손	洪裕孫	1452	1529	南陽	南陽 洪
ITKC_MI_0068A	소요재집	逍遙齋集	최숙정	崔淑精	1432	1480	陽川	陽川 崔
ITKC_MI_0069A	매월당집	梅月堂集	김시습	金時習	1435	1493	江陵	江陵 金
ITKC_MI_0070A	청파집	靑坡集	이륙	李陸	1438	1498	固城	固城 李
ITKC_MI_0071A	허백정집	虛白亭集	홍귀달	洪貴達	1438	1504	缶溪	缶溪 洪
ITKC_MI_0072A	허백당집	虛白堂集	성현	成俔	1439	1504	昌寧	昌寧 成
ITKC_MI_0073A	대봉집	大峯集	양희지	楊熙止	1439	1504	中和	中和 楊
ITKC_MI_0074A	격재집	格齋集	손조서	孫肇瑞			一直	一直 孫
ITKC_MI_0075A	뇌계집	㵢谿集	유호인	兪好仁	1445	1494	高靈	高靈 兪
ITKC_MI_0076A	안락당집	顔樂堂集	김흔	金訢	1448	1492	延安	延安 金
ITKC_MI_0077A	연헌잡고	蓮軒雜稿	이의무	李宜茂	1449	1507	德水	德水 李
ITKC_MI_0078A	나재집	懶齋集	채수	蔡壽	1449	1515	仁川	仁川 蔡
ITKC_MI_0079A	남계집	藍溪集	표연말	表沿沫	1449	1498	新昌	新昌 表
ITKC_MI_0080A	일두집	一蠧集	정여창	鄭汝昌	1450	1504	河東	河東 鄭
ITKC_MI_0081A	추강집	秋江集	남효온	南孝溫	1454	1492	宜寧	宜寧 南
ITKC_MI_0082A	월헌집	月軒集	정수강	丁壽崗	1454	1527	押海	押海 丁
ITKC_MI_0083A	매계집	梅溪集	조위	曺偉	1454	1503	昌寧	昌寧 曺
ITKC_MI_0084A	금남집	錦南集	최부	崔溥	1454	1504	耽津	耽津 崔
ITKC_MI_0085A	사우정집	四雨亭集	이식	李湜	1458	1488	全州	全州 李
ITKC_MI_0086A	산당집	山堂集	최충성	崔忠成	1458	1491	全州	全州 崔
ITKC_MI_0087A	용재유고	慵齋遺稿	이종준	李宗準		1499	慶州	慶州 李
ITKC_MI_0088A	재사당일집	再思堂逸集	이원	李黿		1504	慶州	慶州 李
ITKC_MI_0089A	정문익공유고	鄭文翼公遺稿	정광필	鄭光弼	1462	1538	東萊	東萊 鄭
ITKC_MI_0090A	이요정집	二樂亭集	신용개	申用漑	1463	1519	高靈	高靈 申
ITKC_MI_0091A	목계일고	木溪逸稿	강혼	姜渾	1464	1519	晉州	晉州 姜
ITKC_MI_0092A	탁영집	濯纓集	김일손	金馹孫	1464	1498	金海	金海 金
ITKC_MI_0093A	수헌집	睡軒集	권오복	權五福	1467	1498	醴泉	醴泉 權
ITKC_MI_0094A	농암집	聾巖集	이현보	李賢輔	1467	1555	永川	永川 李
ITKC_MI_0095A	망헌유고	忘軒遺稿	이주	李胄		1504	固城	固城 李
ITKC_MI_0096A	송재집	松齋集	이우	李堣	1469	1517	眞寶	眞寶 李
ITKC_MI_0097A	허암유집	虛庵遺集	정희량	鄭希良	1469		海州	海州 鄭
ITKC_MI_0098A	송당집	松堂集	박영	朴英	1471	1540	密陽	密陽 朴
ITKC_MI_0099A	이평사집	李評事集	이목	李穆	1471	1498	全州	全州 李
ITKC_MI_0100A	십청집	十淸集	김세필	金世弼	1473	1533	慶州	慶州 金
ITKC_MI_0101A	안분당시집	安分堂詩集	이희보	李希輔	1473	1548	平壤	平壤 李
ITKC_MI_0102A	우암고	寓菴稿	홍언충	洪彥忠	1473	1508	缶溪	缶溪 洪
ITKC_MI_0103A	우정집	憂亭集	김극성	金克成	1474	1540	光山	光山 金
ITKC_MI_0104A	눌재집	訥齋集	박상	朴祥	1474	1530	忠州	忠州 朴
ITKC_MI_0105A	대관재난고	大觀齋亂稿	심의	沈義	1475		豐山	豐山 沈
ITKC_MI_0106A	묵재집	默齋集	홍언필	洪彥弼	1476	1549	南陽	南陽 洪
ITKC_MI_0107A	충재집	冲齋集	권벌	權橃	1478	1548	安東	安東 權
ITKC_MI_0108A	모재집	慕齋集	김안국	金安國	1478	1543	義城	義城 金
ITKC_MI_0109A	용재집	容齋集	이행	李荇	1478	1534	德水	德水 李
ITKC_MI_0110A	읍취헌유고	挹翠軒遺稿	박은	朴誾	1479	1504	高靈	高靈 朴
ITKC_MI_0111A	음애집	陰崖集	이자	李耔	1480	1533	韓山	韓山 李
ITKC_MI_0112A	학포집	學圃集	양팽손	梁彭孫	1488	1545	濟州	濟州 梁
ITKC_MI_0113A	희락당고	希樂堂稿	김안로	金安老	1481	1537	延安	延安 金
ITKC_MI_0114A	정암집	靜菴集	조광조	趙光祖	1482	1519	漢陽	漢陽 趙
ITKC_MI_0115A	월연집	月淵集	이태	李迨	1483	1536	驪州	驪州 李
ITKC_MI_0116A	기재집	企齋集	신광한	申光漢	1484	1555	高靈	高靈 申
ITKC_MI_0117A	사재집	思齋集	김정국	金正國	1485	1541	義城	義城 金
ITKC_MI_0118A	충암집	冲庵集	김정	金淨	1486	1521	慶州	慶州 金
ITKC_MI_0119A	양곡집	陽谷集	소세양	蘇世讓	1486	1562	晉州	晉州 蘇
ITKC_MI_0120A	송재집	松齋集	한충	韓忠	1486	1521	淸州	淸州 韓
ITKC_MI_0121A	규암집	圭菴集	송인수	宋麟壽	1499	1547	恩津	恩津 宋
ITKC_MI_0122A	어촌집	漁村集	심언광	沈彥光	1487	1540	三陟	三陟 沈
ITKC_MI_0123A	자암집	自菴集	김구	金絿	1488	1534	光州	光州 金
ITKC_MI_0124A	화담집	花潭集	서경덕	徐敬德	1489	1546	唐城	唐城 徐
ITKC_MI_0125A	회재집	晦齋集	이언적	李彥迪	1491	1553	驪州	驪州 李
ITKC_MI_0126A	호음잡고	湖陰雜稿	정사용	鄭士龍	1491	1570	東萊	東萊 鄭
ITKC_MI_0127A	덕양유고	德陽遺稿	기준	奇遵	1492	1521	幸州	幸州 奇
ITKC_MI_0128A	양심당집	養心堂集	조성	趙晟	1492	1555	平壤	平壤 趙
ITKC_MI_0129A	입암집	立巖集	민제인	閔齊仁	1493	1549	驪興	驪興 閔
ITKC_MI_0130A	범허정집	泛虛亭集	상진	尙震	1493	1564	木川	木川 尙
ITKC_MI_0131A	청송집	聽松集	성수침	成守琛	1493	1564	昌寧	昌寧 成
ITKC_MI_0132A	면앙집	俛仰集	송순	宋純	1493	1582	新平	新平 宋
ITKC_MI_0133A	잠암일고	潛庵逸稿	김의정	金義貞	1495	1547	豐山	豐山 金
ITKC_MI_0134A	무릉잡고	武陵雜稿	주세붕	周世鵬	1495	1554	尙州	尙州 周
ITKC_MI_0135A	온계일고	溫溪逸稿	이해	李瀣	1496	1550	眞寶	眞寶 李
ITKC_MI_0136A	석천시집	石川詩集	임억령	林億齡	1496	1568	善山	善山 林
ITKC_MI_0137A	대곡집	大谷集	성운	成運	1497	1579	昌寧	昌寧 成
ITKC_MI_0138A	송재유고	松齋遺稿	나세찬	羅世纘	1498	1551	羅州	羅州 羅
ITKC_MI_0139A	장음정유고	長吟亭遺稿	나식	羅湜	1498	1546	安定	安定 羅
ITKC_MI_0140A	용문집	龍門集	조욱	趙昱	1498	1557	平壤	平壤 趙
ITKC_MI_0141A	동고유고	東皐遺稿	이준경	李浚慶	1499	1572	廣州	廣州 李
ITKC_MI_0142A	일재집	一齋集	이항	李恒	1499	1576	星州	星州 李
ITKC_MI_0143A	갈천집	葛川集	임훈	林薰	1500	1584	恩津	恩津 林
ITKC_MI_0144A	퇴계집	退溪集	이황	李滉	1501	1570	眞寶	眞寶 李
ITKC_MI_0145A	남명집	南冥集	조식	曺植	1501	1572	昌寧	昌寧 曺
ITKC_MI_0146A	간재집	艮齋集	최연	崔演	1503	1549	江陵	江陵 崔
ITKC_MI_0147A	금호유고	錦湖遺稿	임형수	林亨秀	1514	1547	平澤	平澤 林
ITKC_MI_0148A	인재집	忍齋集	홍섬	洪暹	1504	1585	南陽	南陽 洪
ITKC_MI_0149A	추파집	秋坡集	송기수	宋麒壽	1507	1581	恩津	恩津 宋
ITKC_MI_0150A	십성당집	十省堂集	엄흔	嚴昕	1508	1543	寧越	寧越 嚴
ITKC_MI_0151A	하서전집	河西全集	김인후	金麟厚	1510	1560	蔚山	蔚山 金
ITKC_MI_0152A	우암유집	寓庵遺集	김주	金澍	1512	1563	安東	安東 金
ITKC_MI_0153A	부훤당유고	負暄堂遺稿	오상	吳祥	1512	1573	海州	海州 吳
ITKC_MI_0154A	구암집	龜巖集	이정	李楨	1512	1571	泗川	泗川 李
ITKC_MI_0155A	유헌집	游軒集	정황	丁熿	1512	1560	昌原	昌原 丁
ITKC_MI_0156A	수암유고	守庵遺稿	박지화	朴枝華	1513	1592	旌善	旌善 朴
ITKC_MI_0157A	미암집	眉巖集	유희춘	柳希春	1513	1577	善山	善山 柳
ITKC_MI_0158A	국간집	菊磵集	윤현	尹鉉	1514	1578	坡平	坡平 尹
ITKC_MI_0159A	소재집	穌齋集	노수신	盧守愼	1515	1590	光州	光州 盧
ITKC_MI_0160A	임당유고	林塘遺稿	정유길	鄭惟吉	1515	1588	東萊	東萊 鄭
ITKC_MI_0161A	치재유고	耻齋遺稿	홍인우	洪仁祐	1515	1554	南陽	南陽 洪
ITKC_MI_0162A	이암유고	頤庵遺稿	송인	宋寅	1517	1584	礪山	礪山 宋
ITKC_MI_0163A	청천당시집	聽天堂詩集	심수경	沈守慶	1516	1599	豐山	豐山 沈
ITKC_MI_0164A	소고집	嘯皐集	박승임	朴承任	1517	1586	潘南	潘南 朴
ITKC_MI_0165A	봉래시집	蓬萊詩集	양사언	楊士彥	1517	1584	淸州	淸州 楊
ITKC_MI_0166A	토정유고	土亭遺稿	이지함	李之菡	1517	1578	韓山	韓山 李
ITKC_MI_0167A	첨모당집	瞻慕堂集	임운	林芸	1517	1572	恩津	恩津 林
ITKC_MI_0168A	초당집	草堂集	허엽	許曄	1517	1580	陽川	陽川 許
ITKC_MI_0169A	금계집	錦溪集	황준량	黃俊良	1517	1563	平海	平海 黃
ITKC_MI_0170A	옥계집	玉溪集	노진	盧禛	1518	1578	豐川	豐川 盧
ITKC_MI_0171A	동원집	東園集	김귀영	金貴榮	1520	1594	尙州	尙州 金
ITKC_MI_0172A	송천유집	松川遺集	양응정	梁應鼎	1519	1581	濟州	濟州 梁
ITKC_MI_0173A	주천유고	舟川遺稿	강유선	康惟善	1520	1549	信川	信川 康
ITKC_MI_0174A	습재집	習齋集	권벽	權擘	1520	1593	安東	安東 權
ITKC_MI_0175A	덕계집	德溪集	오건	吳健	1521	1574	咸陽	咸陽 吳
ITKC_MI_0176A	개암집	介庵集	강익	姜翼	1523	1567	晉州	晉州 姜
ITKC_MI_0177A	고청유고	孤靑遺稾	서기	徐起	1523	1591	利川	利川 徐
ITKC_MI_0178A	사암집	思菴集	박순	朴淳	1523	1589	忠州	忠州 朴
ITKC_MI_0179A	월천집	月川集	조목	趙穆	1524	1606	橫城	橫城 趙
ITKC_MI_0180A	물암집	勿巖集	김륭	金隆	1549	1594	咸昌	咸昌 金
ITKC_MI_0181A	백담집	栢潭集	구봉령	具鳳齡	1526	1586	綾城	綾城 具
ITKC_MI_0182A	옥동집	玉洞集	문익성	文益成	1526	1584	南平	南平 文
ITKC_MI_0183A	죽천집	竹川集	박광전	朴光前	1526	1597	珍原	珍原 朴
ITKC_MI_0184A	약포집	藥圃集	정탁	鄭琢	1526	1605	淸州	淸州 鄭
ITKC_MI_0185A	고봉집	高峯集	기대승	奇大升	1527	1572	幸州	幸州 奇
ITKC_MI_0186A	우득록	愚得錄	정개청	鄭介淸	1529	1590	固城	固城 鄭
ITKC_MI_0187A	팔곡집	八谷集	구사맹	具思孟	1531	1604	綾城	綾城 具
ITKC_MI_0188A	설월당집	雪月堂集	김부윤	金富倫	1531	1598	光山	光山 金
ITKC_MI_0189A	송암집	松巖集	권호문	權好文	1532	1587	安東	安東 權
ITKC_MI_0190A	성암유고	省菴遺稿	김효원	金孝元	1542	1590	善山	善山 金
ITKC_MI_0191A	백록유고	白麓遺稿	신응시	辛應時	1532	1585	寧越	寧越 辛
ITKC_MI_0192A	지천집	芝川集	황정욱	黃廷彧	1532	1607	長水	長水 黃
ITKC_MI_0193A	오음유고	梧陰遺稿	윤두수	尹斗壽	1533	1601	海平	海平 尹
ITKC_MI_0194A	제봉집	霽峯集	고경명	高敬命	1533	1592	長興	長興 高
ITKC_MI_0195A	문봉집	文峯集	정유일	鄭惟一	1533	1576	東萊	東萊 鄭
ITKC_MI_0196A	초간집	草澗集	권문해	權文海	1534	1591	醴泉	醴泉 權
ITKC_MI_0197A	구봉집	龜峯集	송익필	宋翼弼	1534	1599	礪山	礪山 宋
ITKC_MI_0198A	우계집	牛溪集	성혼	成渾	1535	1598	昌寧	昌寧 成
ITKC_MI_0199A	내암집	來庵集	정인홍	鄭仁弘	1536	1623	瑞山	瑞山 鄭
ITKC_MI_0200A	청강집	淸江集	이제신	李濟臣	1536	1583	全義	全義 李
ITKC_MI_0201A	율곡전서	栗谷全書	이이	李珥	1536	1584	德水	德水 李
ITKC_MI_0202A	약포유고	藥圃遺稿	이해수	李海壽	1536	1599	全義	全義 李
ITKC_MI_0203A	송강집	松江集	정철	鄭澈	1536	1593	延日	延日 鄭
ITKC_MI_0204A	졸옹집	拙翁集	홍성민	洪聖民	1536	1594	南陽	南陽 洪
ITKC_MI_0205A	건재집	健齋集	김천일	金千鎰	1537	1593	彥陽	彥陽 金
ITKC_MI_0206A	옥봉집	玉峯集	백광훈	白光勳	1537	1582	海美	海美 白
ITKC_MI_0207A	월정집	月汀集	윤근수	尹根壽	1537	1616	海平	海平 尹
ITKC_MI_0208A	대소헌일고	大笑軒逸稿	조종도	趙宗道	1537	1597	咸安	咸安 趙
ITKC_MI_0209A	아계유고	鵝溪遺稿	이산해	李山海	1539	1609	韓山	韓山 李
ITKC_MI_0210A	학봉집	鶴峯集	김성일	金誠一	1538	1593	義城	義城 金
ITKC_MI_0211A	백곡집	栢谷集	정곤수	鄭崐壽	1538	1602	淸州	淸州 鄭
ITKC_MI_0212A	각재집	覺齋集	하항	河沆	1538	1590	晉州	晉州 河
ITKC_MI_0213A	겸암집	謙菴集	유운룡	柳雲龍	1539	1601	豐山	豐山 柳
ITKC_MI_0214A	파곡유고	坡谷遺稿	이성중	李誠中	1539	1593	全州	全州 李
ITKC_MI_0215A	간이집	簡易集	최립	崔岦	1539	1612	通川	通川 崔
ITKC_MI_0216A	고죽유고	孤竹遺稿	최경창	崔慶昌	1539	1583	海州	海州 崔
ITKC_MI_0217A	백암집	栢巖集	김륵	金玏	1540	1616	禮安	禮安 金
ITKC_MI_0218A	동강집	東岡集	김우옹	金宇顒	1540	1603	義城	義城 金
ITKC_MI_0219A	송애집	松崖集	박여룡	朴汝龍	1541	1611	沔川	沔川 朴
ITKC_MI_0220A	간재집	艮齋集	이덕홍	李德弘	1541	1596	永川	永川 李
ITKC_MI_0221A	사류재집	四留齋集	이정암	李廷馣	1541	1600	慶州	慶州 李
ITKC_MI_0222A	만전집	晚全集	홍가신	洪可臣	1541	1615	南陽	南陽 洪
ITKC_MI_0223A	풍애집	楓崖集	안민학	安敏學	1542	1601	廣州	廣州 安
ITKC_MI_0224A	서애집	西厓集	유성룡	柳成龍	1542	1607	豐山	豐山 柳
ITKC_MI_0225A	옥산시고	玉山詩稿	이우	李瑀	1542	1609	德水	德水 李
ITKC_MI_0226A	고담일고	孤潭逸稿	이순인	李純仁	1533	1592	全義	全義 李
ITKC_MI_0227A	한강집	寒岡集	정구	鄭逑	1543	1620	淸州	淸州 鄭
ITKC_MI_0228A	청계집	靑溪集	양대박	梁大樸	1543	1592	南原	南原 梁
ITKC_MI_0229A	송암집	松巖集	이로	李魯	1544	1598	固城	固城 李
ITKC_MI_0230A	중봉집	重峰集	조헌	趙憲	1544	1592	白川	白川 趙
ITKC_MI_0231A	촌은집	村隱集	유희경	劉希慶	1545	1636	江華	江華 劉
ITKC_MI_0232A	이충무공전서	李忠武公全書	이순신	李舜臣	1545	1598	德水	德水 李
ITKC_MI_0233A	지산집	芝山集	조호익	曺好益	1545	1609	昌寧	昌寧 曺
ITKC_MI_0234A	지헌집	芝軒集	정사성	鄭士誠	1545	1607	淸州	淸州 鄭
ITKC_MI_0235A	부사집	浮査集	성여신	成汝信	1546	1632	昌寧	昌寧 成
ITKC_MI_0236A	용담집	龍潭集	박이장	朴而章	1547	1622	順天	順天 朴
ITKC_MI_0237A	오리집	梧里集	이원익	李元翼	1547	1634	全州	全州 李
ITKC_MI_0238A	사계유고	沙溪遺稿	김장생	金長生	1548	1631	光山	光山 金
ITKC_MI_0239A	일송집	一松集	심희수	沈喜壽	1548	1622	靑松	靑松 沈
ITKC_MI_0240A	악록집	岳麓集	허성	許筬	1548	1612	陽川	陽川 許
ITKC_MI_0241A	서경집	西坰集	유근	柳根	1549	1627	晉州	晉州 柳
ITKC_MI_0242A	지퇴당집	知退堂集	이정형	李廷馨	1549	1607	慶州	慶州 李
ITKC_MI_0243A	임백호집	林白湖集	임제	林悌	1549	1587	羅州	羅州 林
ITKC_MI_0244A	천곡집	泉谷集	송상현	宋象賢	1551	1592	礪山	礪山 宋
ITKC_MI_0245A	하곡집	荷谷集	허봉	許篈	1551	1588	陽川	陽川 許
ITKC_MI_0246A	망우집	忘憂集	곽재우	郭再祐	1552	1617	玄風	玄風 郭
ITKC_MI_0247A	태천집	苔泉集	민인백	閔仁伯	1552	1626	驪興	驪興 閔
ITKC_MI_0248A	만취집	晚翠集	오억령	吳億齡	1552	1618	同福	同福 吳
ITKC_MI_0249A	구암유고	久菴遺稿	한백겸	韓百謙	1552	1615	淸州	淸州 韓
ITKC_MI_0250A	태촌집	泰村集	고상안	高尙顏	1553	1623	開城	開城 高
ITKC_MI_0251A	오봉집	五峯集	이호민	李好閔	1553	1634	延安	延安 李
ITKC_MI_0252A	여헌집	旅軒集	장현광	張顯光	1554	1637	仁同	仁同 張
ITKC_MI_0253A	백졸재유고	百拙齋遺稿	한응인	韓應寅	1554	1614	淸州	淸州 韓
ITKC_MI_0254A	손곡시집	蓀谷詩集	이달	李達	1539	1610	新平	新平 李
ITKC_MI_0255A	송정집	松亭集	하수일	河受一	1553	1612	晉州	晉州 河
ITKC_MI_0256A	검간집	黔澗集	조정	趙靖	1555	1636	豐壤	豐壤 趙
ITKC_MI_0257A	계은유고	溪隱遺稿	이정립	李廷立	1556	1595	廣州	廣州 李
ITKC_MI_0258A	오산집	五山集	차천로	車天輅	1556	1615	延安	延安 車
ITKC_MI_0259A	금역당집	琴易堂集	배용길	裵龍吉	1556	1609	興海	興海 裵
ITKC_MI_0260A	백사집	白沙集	이항복	李恒福	1556	1618	慶州	慶州 李
ITKC_MI_0261A	유천유고	柳川遺稿	한준겸	韓浚謙	1557	1627	淸州	淸州 韓
ITKC_MI_0262A	운천집	雲川集	김용	金涌	1557	1620	義城	義城 金
ITKC_MI_0263A	약봉유고	藥峯遺稿	서성	徐渻	1558	1631	達成	達成 徐
ITKC_MI_0264A	외재집	畏齋集	이후경	李厚慶	1558	1630	星州	星州 李
ITKC_MI_0265A	어우집	於于集	유몽인	柳夢寅	1559	1623	興陽	興陽 柳
ITKC_MI_0266A	창랑집	滄浪集	성문준	成文濬	1559	1626	昌寧	昌寧 成
ITKC_MI_0267A	추탄집	楸灘集	오윤겸	吳允謙	1559	1636	海州	海州 吳
ITKC_MI_0268A	창석집	蒼石集	이준	李埈	1560	1635	興陽	興陽 李
ITKC_MI_0269A	선원유고	仙源遺稿	김상용	金尙容	1561	1637	安東	安東 金
ITKC_MI_0270A	노계집	蘆溪集	박인로	朴仁老	1561	1642	密陽	密陽 朴
ITKC_MI_0271A	한음문고	漢陰文稿	이덕형	李德馨	1561	1613	廣州	廣州 李
ITKC_MI_0272A	추포집	秋浦集	황신	黃愼	1562	1617	昌原	昌原 黃
ITKC_MI_0273A	지봉집	芝峯集	이수광	李睟光	1563	1628	全州	全州 李
ITKC_MI_0274A	체소집	體素集	이춘영	李春英	1563	1606	全州	全州 李
ITKC_MI_0275A	수몽집	守夢集	정엽	鄭曄	1563	1625	草溪	草溪 鄭
ITKC_MI_0276A	난설헌시집	蘭雪軒詩集	허초희	許楚姬	1563	1589	陽川	陽川 許
ITKC_MI_0277A	사서집	沙西集	전식	全湜	1563	1642	沃川	沃川 全
ITKC_MI_0278A	인재집	訒齋集	최현	崔晛	1563	1640	全州	全州 崔
ITKC_MI_0279A	우복집	愚伏集	정경세	鄭經世	1563	1633	晉州	晉州 鄭
ITKC_MI_0280A	수색집	水色集	허적	許𥛚	1563	1640	陽川	陽川 許
ITKC_MI_0281A	경당집	敬堂集	장흥효	張興孝	1564	1633	安東	安東 張
ITKC_MI_0282A	월사집	月沙集	이정귀	李廷龜	1564	1635	延安	延安 李
ITKC_MI_0283A	취흘집	醉吃集	유숙	柳潚	1564	1636	興陽	興陽 柳
ITKC_MI_0284A	농포집	農圃集	정문부	鄭文孚	1565	1624	海州	海州 鄭
ITKC_MI_0285A	금계집	錦溪集	노인	魯認	1566	1622	咸平	咸平 魯
ITKC_MI_0286A	상촌고	象村稿	신흠	申欽	1566	1628	平山	平山 申
ITKC_MI_0287A	수은집	睡隱集	강항	姜沆	1567	1618	晉州	晉州 姜
ITKC_MI_0288A	현곡집	玄谷集	조위한	趙緯韓	1567	1649	漢陽	漢陽 趙
ITKC_MI_0289A	석루유고	石樓遺稿	이경전	李慶全	1567	1644	韓山	韓山 李
ITKC_MI_0290A	제호집	霽湖集	양경우	梁慶遇	1568	1629	南原	南原 梁
ITKC_MI_0291A	경암집	敬菴集	노경임	盧景任	1569	1620	安康	安康 盧
ITKC_MI_0292A	성소부부고	惺所覆瓿藁	허균	許筠	1569	1618	陽川	陽川 許
ITKC_MI_0293A	벽오유고	碧梧遺稿	이시발	李時發	1569	1626	慶州	慶州 李
ITKC_MI_0294A	석주집	石洲集	권필	權韠	1569	1612	安東	安東 權
ITKC_MI_0295A	동계집	桐溪集	정온	鄭蘊	1569	1641	草溪	草溪 鄭
ITKC_MI_0296A	남파상국집	南坡相國集	심열	沈悅	1569	1646	靑松	靑松 沈
ITKC_MI_0297A	만회집	晚悔集	권득기	權得己	1570	1622	安東	安東 權
ITKC_MI_0298A	경정집	敬亭集	이민성	李民宬	1570	1629	永川	永川 李
ITKC_MI_0299A	청음집	淸陰集	김상헌	金尙憲	1570	1652	安東	安東 金
ITKC_MI_0300A	동악집	東岳集	이안눌	李安訥	1571	1637	德水	德水 李
ITKC_MI_0301A	북저집	北渚集	김류	金瑬	1571	1648	順天	順天 金
ITKC_MI_0302A	구원집	九畹集	이춘원	李春元	1571	1634	咸平	咸平 李
ITKC_MI_0303A	현주집	玄洲集	조찬한	趙纘韓	1572	1631	漢陽	漢陽 趙
ITKC_MI_0304A	학곡집	鶴谷集	홍서봉	洪瑞鳳	1572	1645	南陽	南陽 洪
ITKC_MI_0305A	학호집	鶴湖集	김봉조	金奉祖	1572	1630	豐山	豐山 金
ITKC_MI_0306A	잠야집	潛冶集	박지계	朴知誡	1573	1635	咸陽	咸陽 朴
ITKC_MI_0307A	은봉전서	隱峯全書	안방준	安邦俊	1573	1654	竹山	竹山 安
ITKC_MI_0308A	학천집	鶴泉集	성여학	成汝學	1557		昌寧	昌寧 成
ITKC_MI_0309A	자암집	紫巖集	이민환	李民寏	1573	1649	永川	永川 李
ITKC_MI_0310A	해봉집	海峯集	홍명원	洪命元	1573	1623	南陽	南陽 洪
ITKC_MI_0311A	신독재유고	愼獨齋遺稿	김집	金集	1574	1656	光山	光山 金
ITKC_MI_0312A	다산집	茶山集	목대흠	睦大欽	1575	1638	泗川	泗川 睦
ITKC_MI_0313A	죽음집	竹陰集	조희일	趙希逸	1575	1638	林川	林川 趙
ITKC_MI_0314A	만운집	晚雲集	정충신	鄭忠信	1575	1636	光州	光州 鄭
ITKC_MI_0315A	소암집	疎菴集	임숙영	任叔英	1576	1623	豐川	豐川 任
ITKC_MI_0316A	화당집	化堂集	신민일	申敏一	1576	1650	平山	平山 申
ITKC_MI_0317A	청사집	晴沙集	고용후	高用厚	1577	1652	長興	長興 高
ITKC_MI_0318A	계암집	溪巖集	김령	金坽	1577	1641	光山	光山 金
ITKC_MI_0319A	휴옹집	休翁集	심광세	沈光世	1577	1624	靑松	靑松 沈
ITKC_MI_0320A	후천집	朽淺集	황종해	黃宗海	1579	1642	懷德	懷德 黃
ITKC_MI_0321A	포저집	浦渚集	조익	趙翼	1579	1655	豐壤	豐壤 趙
ITKC_MI_0322A	잠곡유고	潛谷遺稿	김육	金堉	1580	1658	淸風	淸風 金
ITKC_MI_0323A	월당집	月塘集	강석기	姜碩期	1580	1643	衿川	衿川 姜
ITKC_MI_0324A	기암집	畸庵集	정홍명	鄭弘溟	1582	1650	延日	延日 鄭
ITKC_MI_0325A	백강집	白江集	이경여	李敬輿	1585	1657	全州	全州 李
ITKC_MI_0326A	택당집	澤堂集	이식	李植	1584	1647	德水	德水 李
ITKC_MI_0327A	간송집	澗松集	조임도	趙任道	1585	1664	咸安	咸安 趙
ITKC_MI_0328A	지천집	遲川集	최명길	崔鳴吉	1586	1647	全州	全州 崔
ITKC_MI_0329A	용주유고	龍洲遺稿	조경	趙絅	1586	1669	漢陽	漢陽 趙
ITKC_MI_0330A	죽남당고	竹南堂稿	오준	吳竣	1587	1666	同福	同福 吳
ITKC_MI_0331A	학사집	鶴沙集	김응조	金應祖	1587	1667	豐山	豐山 金
ITKC_MI_0332A	고산유고	孤山遺稿	윤선도	尹善道	1587	1671	海南	海南 尹
ITKC_MI_0333A	계곡집	谿谷集	장유	張維	1587	1638	德水	德水 張
ITKC_MI_0334A	돈암전서	遯菴全書	선우협	鮮于浹	1588	1653	太原	太原 鮮
ITKC_MI_0335A	낙전당집	樂全堂集	신익성	申翊聖	1588	1644	平山	平山 申
ITKC_MI_0336A	현곡집	玄谷集	정백창	鄭百昌	1588	1635	晉州	晉州 鄭
ITKC_MI_0337A	동주집	東州集	이민구	李敏求	1589	1670	全州	全州 李
ITKC_MI_0338A	행명재시집	涬溟齋詩集	윤순지	尹順之	1591	1666	海平	海平 尹
ITKC_MI_0339A	천파집	天坡集	오숙	吳䎘	1592	1634	海州	海州 吳
ITKC_MI_0340A	동명집	東溟集	김세렴	金世濂	1593	1646	善山	善山 金
ITKC_MI_0341A	백헌집	白軒集	이경석	李景奭	1595	1671	全州	全州 李
ITKC_MI_0342A	겸재집	謙齋集	하홍도	河弘度	1593	1666	晉州	晉州 河
ITKC_MI_0343A	백주집	白洲集	이명한	李明漢	1595	1645	延安	延安 李
ITKC_MI_0344A	기언	記言	허목	許穆	1595	1682	陽川	陽川 許
ITKC_MI_0345A	백원집	百源集	신석번	申碩蕃	1596	1675	平山	平山 申
ITKC_MI_0346A	동토집	童土集	윤순거	尹舜擧	1596	1668	坡平	坡平 尹
ITKC_MI_0347A	송애집	松崖集	김경여	金慶餘	1596	1653	慶州	慶州 金
ITKC_MI_0348A	경와집	敬窩集	김휴	金烋	1597	1638	義城	義城 金
ITKC_MI_0349A	동명집	東溟集	정두경	鄭斗卿	1597	1673	溫陽	溫陽 鄭
ITKC_MI_0350A	가주집	家州集	이상질	李尙質	1597	1635	全州	全州 李
ITKC_MI_0351A	태계집	台溪集	하진	河溍	1597	1658	晉州	晉州 河
ITKC_MI_0352A	현주집	玄洲集	이소한	李昭漢	1598	1645	延安	延安 李
ITKC_MI_0353A	호주집	湖洲集	채유후	蔡裕後	1599	1660	平康	平康 蔡
ITKC_MI_0354A	포옹집	抱翁集	정양	鄭瀁	1600	1668	迎日	迎日 鄭
ITKC_MI_0355A	용서집	龍西集	윤원거	尹元擧	1601	1672	坡平	坡平 尹
ITKC_MI_0356A	학주전집	鶴洲全集	김홍욱	金弘郁	1602	1654	慶州	慶州 金
ITKC_MI_0357A	양파유고	陽坡遺稿	정태화	鄭太和	1602	1673	東萊	東萊 鄭
ITKC_MI_0358A	설봉유고	雪峯遺稿	강백년	姜栢年	1603	1681	晉州	晉州 姜
ITKC_MI_0359A	만랑집	漫浪集	황호	黃㦿	1604	1656	昌原	昌原 黃
ITKC_MI_0360A	백곡집	柏谷集	김득신	金得臣	1604	1684	安東	安東 金
ITKC_MI_0361A	탄옹집	炭翁集	권시	權諰	1604	1672	安東	安東 權
ITKC_MI_0362A	동강유집	東江遺集	신익전	申翊全	1605	1660	平山	平山 申
ITKC_MI_0363A	석호유고	石湖遺稿	윤문거	尹文擧	1606	1672	坡平	坡平 尹
ITKC_MI_0364A	낙정집	樂静集	조석윤	趙錫胤	1606	1655	白川	白川 趙
ITKC_MI_0365A	남파집	南坡集	홍우원	洪宇遠	1605	1687	南陽	南陽 洪
ITKC_MI_0366A	동춘당집	同春堂集	송준길	宋浚吉	1606	1672	恩津	恩津 宋
ITKC_MI_0367A	송자대전	宋子大全	송시열	宋時烈	1607	1689	恩津	恩津 宋
ITKC_MI_0368A	시남집	市南集	유계	兪棨	1607	1664	杞溪	杞溪 兪
ITKC_MI_0369A	초려집	草廬集	이유태	李惟泰	1607	1684	慶州	慶州 李
ITKC_MI_0370A	충열공유고	忠烈公遺稿	오달제	吳達濟	1609	1637	海州	海州 吳
ITKC_MI_0371A	송곡집	松谷集	조복양	趙復陽	1609	1671	豐壤	豐壤 趙
ITKC_MI_0372A	창주유고	滄洲遺稿	김익희	金益熙	1610	1656	光州	光州 金
ITKC_MI_0373A	노서유고	魯西遺稿	윤선거	尹宣擧	1610	1669	坡平	坡平 尹
ITKC_MI_0374A	구당집	久堂集	박장원	朴長遠	1612	1671	高靈	高靈 朴
ITKC_MI_0375A	육곡유고	六谷遺稿	서필원	徐必遠	1613	1671	夫餘	夫餘 徐
ITKC_MI_0376A	규창유고	葵窓遺稿	이건	李健	1614	1662	全州	全州 李
ITKC_MI_0377A	귀계유고	歸溪遺稿	김좌명	金佐明	1616	1671	淸風	淸風 金
ITKC_MI_0378A	야당유고	野堂遺稿	유혁연	柳赫然	1616	1680	晉州	晉州 柳
ITKC_MI_0379A	동리집	東里集	이은상	李殷相	1617	1678	延安	延安 李
ITKC_MI_0380A	백호집	白湖集	윤휴	尹鑴	1617	1680	南原	南原 尹
ITKC_MI_0381A	존재집	存齋集	이휘일	李徽逸	1619	1672	載寧	載寧 李
ITKC_MI_0382A	타우유고	打愚遺稿	이상	李翔	1620	1690	牛峯	牛峯 李
ITKC_MI_0383A	목재집	木齋集	홍여하	洪汝河	1620	1674	缶溪	缶溪 洪
ITKC_MI_0384A	청계집	淸溪集	홍위	洪葳	1620	1660	南陽	南陽 洪
ITKC_MI_0385A	곡운집	谷雲集	김수증	金壽增	1624	1701	安東	安東 金
ITKC_MI_0386A	외재집	畏齋集	이단하	李端夏	1625	1689	德水	德水 李
ITKC_MI_0387A	고산집	孤山集	이유장	李惟樟	1625	1701	禮安	禮安 李
ITKC_MI_0388A	우담집	愚潭集	정시한	丁時翰	1625	1707	羅州	羅州 丁
ITKC_MI_0389A	퇴우당집	退憂堂集	김수흥	金壽興	1626	1690	安東	安東 金
ITKC_MI_0390A	월주집	月洲集	소두산	蘇斗山	1627	1693	晉州	晉州 蘇
ITKC_MI_0391A	갈암집	葛庵集	이현일	李玄逸	1627	1704	載寧	載寧 李
ITKC_MI_0392A	노봉집	老峯集	민정중	閔鼎重	1628	1692	驪興	驪興 閔
ITKC_MI_0393A	분애유고	汾厓遺稿	신정	申晸	1628	1687	平山	平山 申
ITKC_MI_0394A	정관재집	靜觀齋集	이단상	李端相	1628	1669	延安	延安 李
ITKC_MI_0395A	호곡집	壺谷集	남용익	南龍翼	1628	1692	宜寧	宜寧 南
ITKC_MI_0396A	약천집	藥泉集	남구만	南九萬	1629	1711	宜寧	宜寧 南
ITKC_MI_0397A	문곡집	文谷集	김수항	金壽恒	1629	1689	安東	安東 金
ITKC_MI_0398A	서계집	西溪集	박세당	朴世堂	1629	1703	潘南	潘南 朴
ITKC_MI_0399A	우헌집	寓軒集	박상현	朴尙玄	1629	1693	順天	順天 朴
ITKC_MI_0400A	명재유고	明齋遺稿	윤증	尹拯	1629	1714	坡平	坡平 尹
ITKC_MI_0401A	문정공유고	文貞公遺稿	민유중	閔維重	1630	1687	驪興	驪興 閔
ITKC_MI_0402A	제월당집	霽月堂集	송규렴	宋奎濂	1630	1709	恩津	恩津 宋
ITKC_MI_0403A	항재집	恒齋集	이숭일	李嵩逸	1631	1698	載寧	載寧 李
ITKC_MI_0404A	남계집	南溪集	박세채	朴世采	1631	1695	潘南	潘南 朴
ITKC_MI_0405A	수촌집	水村集	오시수	吳始壽	1632	1681	同福	同福 吳
ITKC_MI_0406A	농은유고	農隱遺稿	윤추	尹推	1632	1707	坡平	坡平 尹
ITKC_MI_0407A	지호집	芝湖集	이선	李選	1631	1692	全州	全州 李
ITKC_MI_0408A	서하집	西河集	이민서	李敏敍	1633	1688	全州	全州 李
ITKC_MI_0409A	서석집	瑞石集	김만기	金萬基	1633	1687	光山	光山 金
ITKC_MI_0410A	식암유고	息庵遺稿	김석주	金錫胄	1634	1684	淸風	淸風 金
ITKC_MI_0411A	성재유고	醒齋遺稿	신익상	申翼相	1634	1697	高靈	高靈 申
ITKC_MI_0412A	우사집	雩沙集	이세백	李世白	1635	1703	龍仁	龍仁 李
ITKC_MI_0413A	우헌집	寓軒集	유세명	柳世鳴	1636	1690	豐山	豐山 柳
ITKC_MI_0414A	졸수재집	拙修齋集	조성기	趙聖期	1638	1689	林川	林川 趙
ITKC_MI_0415A	우재집	迂齋集	조지겸	趙持謙	1639	1685	豐壤	豐壤 趙
ITKC_MI_0416A	서포집	西浦集	김만중	金萬重	1637	1692	光山	光山 金
ITKC_MI_0417A	염헌집	恬軒集	임상원	任相元	1638	1697	豐川	豐川 任
ITKC_MI_0418A	수촌집	水村集	임방	任埅	1640	1724	豐川	豐川 任
ITKC_MI_0419A	직재집	直齋集	이기홍	李箕洪	1641	1708	全州	全州 李
ITKC_MI_0420A	한수재집	寒水齋集	권상하	權尙夏	1641	1721	安東	安東 權
ITKC_MI_0421A	학암집	鶴庵集	최신	崔愼	1642	1708	會寧	會寧 崔
ITKC_MI_0422A	하당집	荷塘集	권두인	權斗寅	1643	1719	安東	安東 權
ITKC_MI_0423A	서파집	西坡集	오도일	吳道一	1645	1703	海州	海州 吳
ITKC_MI_0424A	수곡집	睡谷集	이여	李畬	1645	1718	德水	德水 李
ITKC_MI_0425A	명곡집	明谷集	최석정	崔錫鼎	1646	1715	全州	全州 崔
ITKC_MI_0426A	후재집	厚齋集	김간	金榦	1646	1732	淸風	淸風 金
ITKC_MI_0427A	유재집	游齋集	이현석	李玄錫	1647	1703	全州	全州 李
ITKC_MI_0428A	장암집	丈巖集	정호	鄭澔	1648	1736	延日	延日 鄭
ITKC_MI_0429A	몽와집	夢窩集	김창집	金昌集	1648	1722	安東	安東 金
ITKC_MI_0430A	일암집	一庵集	신몽삼	辛夢參	1648	1711	靈山	靈山 辛
ITKC_MI_0431A	갑봉유고	甲峰遺稿	김우항	金宇杭	1649	1723	金海	金海 金
ITKC_MI_0432A	창계집	滄溪集	임영	林泳	1649	1696	羅州	羅州 林
ITKC_MI_0433A	하곡집	霞谷集	정제두	鄭齊斗	1649	1736	延日	延日 鄭
ITKC_MI_0434A	간재집	艮齋集	최규서	崔奎瑞	1650	1735	海州	海州 崔
ITKC_MI_0435A	농암집	農巖集	김창협	金昌協	1651	1708	安東	安東 金
ITKC_MI_0436A	만정당집	晚靜堂集	서종태	徐宗泰	1652	1719	達城	達城 徐
ITKC_MI_0437A	약헌집	約軒集	송징은	宋徵殷	1652	1720	礪山	礪山 宋
ITKC_MI_0438A	병와집	甁窩集	이형상	李衡祥	1653	1733	全州	全州 李
ITKC_MI_0439A	삼연집	三淵集	김창흡	金昌翕	1653	1722	安東	安東 金
ITKC_MI_0440A	유하집	柳下集	홍세태	洪世泰	1653	1725	南陽	南陽 洪
ITKC_MI_0441A	정재집	定齋集	박태보	朴泰輔	1654	1689	潘南	潘南 朴
ITKC_MI_0442A	경연당집	景淵堂集	이현조	李玄祚	1654	1710	全州	全州 李
ITKC_MI_0443A	창설재집	蒼雪齋集	권두경	權斗經	1654	1725	安東	安東 權
ITKC_MI_0444A	손와유고	損窩遺稿	최석항	崔錫恒	1654	1724	全州	全州 崔
ITKC_MI_0445A	지촌집	芝村集	이희조	李喜朝	1655	1724	延安	延安 李
ITKC_MI_0446A	손재집	遜齋集	박광일	朴光一	1655	1723	順天	順天 朴
ITKC_MI_0447A	옥오재집	玉吾齋集	송상기	宋相琦	1657	1723	恩津	恩津 宋
ITKC_MI_0448A	회와시고	晦窩詩稿	이인엽	李寅燁	1656	1710	慶州	慶州 李
ITKC_MI_0449A	소재집	疎齋集	이이명	李頤命	1658	1722	全州	全州 李
ITKC_MI_0450A	밀암집	密菴集	이재	李栽	1657	1730	載寧	載寧 李
ITKC_MI_0451A	죽천집	竹泉集	김진규	金鎭圭	1658	1716	光山	光山 金
ITKC_MI_0452A	노가재집	老稼齋集	김창업	金昌業	1658	1721	安東	安東 金
ITKC_MI_0453A	옥천집	玉川集	조덕린	趙德鄰	1658	1737	漢陽	漢陽 趙
ITKC_MI_0454A	명암집	鳴巖集	이해조	李海朝	1660	1711	延安	延安 李
ITKC_MI_0455A	이우당집	二憂堂集	조태채	趙泰采	1660	1722	楊州	楊州 趙
ITKC_MI_0456A	수곡집	壽谷集	김주신	金柱臣	1661	1721	慶州	慶州 金
ITKC_MI_0457A	포음집	圃陰集	김창즙	金昌緝	1662	1713	安東	安東 金
ITKC_MI_0458A	병산집	屛山集	이관명	李觀命	1661	1733	全州	全州 李
ITKC_MI_0459A	한포재집	寒圃齋集	이건명	李健命	1663	1722	全州	全州 李
ITKC_MI_0460A	식산집	息山集	이만부	李萬敷	1664	1732	延安	延安 李
ITKC_MI_0461A	송암집	松巖集	이재형	李載亨	1665	1741	全州	全州 李
ITKC_MI_0462A	덕촌집	德村集	양득중	梁得中	1665	1742	濟州	濟州 梁
ITKC_MI_0463A	돈와유고	遯窩遺稿	임수간	任守幹	1665	1721	豐川	豐川 任
ITKC_MI_0464A	도곡집	陶谷集	이의현	李宜顯	1669	1745	龍仁	龍仁 李
ITKC_MI_0465A	희암집	希菴集	채팽윤	蔡彭胤	1669	1731	平康	平康 蔡
ITKC_MI_0466A	곤륜집	昆侖集	최창대	崔昌大	1669	1720	全州	全州 崔
ITKC_MI_0467A	기원집	杞園集	어유봉	魚有鳳	1672	1744	咸從	咸從 魚
ITKC_MI_0468A	북헌집	北軒集	김춘택	金春澤	1670	1717	光山	光山 金
ITKC_MI_0469A	극재집	克齋集	신익황	申益愰	1672	1722	平山	平山 申
ITKC_MI_0470A	도운유집	陶雲遺集	이진망	李眞望	1672	1737	全州	全州 李
ITKC_MI_0471A	서당사재	西堂私載	이덕수	李德壽	1673	1744	全義	全義 李
ITKC_MI_0472A	내재집	耐齋集	홍태유	洪泰猷	1672	1715	南陽	南陽 洪
ITKC_MI_0473A	눌은집	訥隱集	이광정	李光庭	1674	1756	原州	原州 李
ITKC_MI_0474A	병곡집	屛谷集	권구	權榘	1672	1749	安東	安東 權
ITKC_MI_0475A	경암유고	敬庵遺稿	윤동수	尹東洙	1674	1739	坡平	坡平 尹
ITKC_MI_0476A	겸재집	謙齋集	조태억	趙泰億	1675	1728	楊州	楊州 趙
ITKC_MI_0477A	외암유고	巍巖遺稿	이간	李柬	1677	1727	禮安	禮安 李
ITKC_MI_0478A	관봉유고	冠峯遺稿	현상벽	玄尙璧	1673	1731	延州	延州 玄
ITKC_MI_0479A	두타초	頭陀草	이하곤	李夏坤	1677	1724	慶州	慶州 李
ITKC_MI_0480A	백일헌유집	白日軒遺集	이삼	李森	1677	1735	咸平	咸平 李
ITKC_MI_0481A	백하집	白下集	윤순	尹淳	1680	1741	海平	海平 尹
ITKC_MI_0482A	학암집	鶴巖集	조문명	趙文命	1680	1732	豐壤	豐壤 趙
ITKC_MI_0483A	치헌집	癡軒集	김덕오	金德五	1680	1748	遂安	遂安 金
ITKC_MI_0484A	포암집	圃巖集	윤봉조	尹鳳朝	1680	1761	坡平	坡平 尹
ITKC_MI_0485A	도암집	陶菴集	이재	李縡	1680	1746	牛峯	牛峯 李
ITKC_MI_0486A	여호집	黎湖集	박필주	朴弼周	1680	1748	潘南	潘南 朴
ITKC_MI_0487A	서암집	恕菴集	신정하	申靖夏	1681	1716	平山	平山 申
ITKC_MI_0488A	완암집	浣巖集	정내교	鄭來僑	1681	1759	昌寧	昌寧 鄭
ITKC_MI_0489A	성호전집	星湖全集	이익	李瀷	1681	1763	驪州	驪州 李
ITKC_MI_0490A	청천집	靑泉集	신유한	申維翰	1681	1752	寧海	寧海 申
ITKC_MI_0491A	남당집	南塘集	한원진	韓元震	1682	1751	淸州	淸州 韓
ITKC_MI_0492A	관복암시고	觀復菴詩稿	김숭겸	金崇謙	1682	1700	安東	安東 金
ITKC_MI_0493A	숭악집	崧岳集	임창택	林昌澤	1682	1723	谷城	谷城 林
ITKC_MI_0494A	병계집	屛溪集	윤봉구	尹鳳九	1683	1767	坡平	坡平 尹
ITKC_MI_0495A	봉암집	鳳巖集	채지홍	蔡之洪	1683	1741	仁川	仁川 蔡
ITKC_MI_0496A	노촌집	老村集	임상덕	林象德	1683	1719	羅州	羅州 林
ITKC_MI_0497A	제산집	霽山集	김성탁	金聖鐸	1684	1747	義城	義城 金
ITKC_MI_0498A	저촌유고	樗村遺稿	심육	沈錥	1685	1753	靑松	靑松 沈
ITKC_MI_0499A	일암유고	一庵遺稿	윤동원	尹東源	1685	1741	坡平	坡平 尹
ITKC_MI_0500A	화곡집	華谷集	황택후	黃宅厚	1687	1737	昌原	昌原 黃
ITKC_MI_0501A	강좌집	江左集	권만	權萬	1688	1749	安東	安東 權
ITKC_MI_0502A	몽예집	夢囈集	남극관	南克寬	1689	1714	宜寧	宜寧 南
ITKC_MI_0503A	관양집	冠陽集	이광덕	李匡德	1690	1748	全州	全州 李
ITKC_MI_0504A	입재유고	立齋遺稿	강재항	姜再恒	1689	1756	晉州	晉州 姜
ITKC_MI_0505A	약산만고	藥山漫稿	오광운	吳光運	1689	1745	同福	同福 吳
ITKC_MI_0506A	회헌집	悔軒集	조관빈	趙觀彬	1691	1757	楊州	楊州 趙
ITKC_MI_0507A	귀록집	歸鹿集	조현명	趙顯命	1691	1752	豐壤	豐壤 趙
ITKC_MI_0508A	지수재집	知守齋集	유척기	兪拓基	1691	1767	杞溪	杞溪 兪
ITKC_MI_0509A	오천집	梧川集	이종성	李宗城	1692	1759	慶州	慶州 李
ITKC_MI_0510A	동계집	東谿集	조귀명	趙龜命	1693	1737	豐壤	豐壤 趙
ITKC_MI_0511A	정암집	貞菴集	민우수	閔遇洙	1694	1756	驪興	驪興 閔
ITKC_MI_0512A	직암집	直菴集	신경	申暻	1696	1766	平山	平山 申
ITKC_MI_0513A	뇌연집	雷淵集	남유용	南有容	1698	1773	宜寧	宜寧 南
ITKC_MI_0514A	진암집	晉菴集	이천보	李天輔	1698	1761	延安	延安 李
ITKC_MI_0515A	월곡집	月谷集	오원	吳瑗	1700	1740	海州	海州 吳
ITKC_MI_0516A	춘주유고	春洲遺稿	김도수	金道洙	1699	1733	淸風	淸風 金
ITKC_MI_0517A	계구암집	戒懼菴集	윤형로	尹衡老	1702	1782	坡平	坡平 尹
ITKC_MI_0518A	삼산집	三山集	유정원	柳正源	1702	1761	全州	全州 柳
ITKC_MI_0519A	미호집	渼湖集	김원행	金元行	1702	1772	安東	安東 金
ITKC_MI_0520A	손재집	損齋集	조재호	趙載浩	1702	1762	豐壤	豐壤 趙
ITKC_MI_0521A	역천집	櫟泉集	송명흠	宋明欽	1705	1768	恩津	恩津 宋
ITKC_MI_0522A	원교집	圓嶠集	이광사	李匡師	1705	1777	全州	全州 李
ITKC_MI_0523A	백불암집	百弗菴集	최흥원	崔興遠	1705	1786	慶州	慶州 崔
ITKC_MI_0524A	구사당집	九思堂集	김낙행	金樂行	1708	1766	義城	義城 金
ITKC_MI_0525A	탄만집	𢾡𢿜集	이용휴	李用休	1708	1782	驪州	驪州 李
ITKC_MI_0526A	소곡유고	素谷遺稿	윤광소	尹光紹	1708	1786	坡平	坡平 尹
ITKC_MI_0527A	강한집	江漢集	황경원	黃景源	1709	1787	長水	長水 黃
ITKC_MI_0528A	운평집	雲坪集	송능상	宋能相	1710	1758	恩津	恩津 宋
ITKC_MI_0529A	한정당집	閒靜堂集	송문흠	宋文欽	1710	1752	恩津	恩津 宋
ITKC_MI_0530A	능호집	凌壺集	이인상	李麟祥	1710	1760	全州	全州 李
ITKC_MI_0531A	대산집	大山集	이상정	李象靖	1711	1781	韓山	韓山 李
ITKC_MI_0532A	녹문집	鹿門集	임성주	任聖周	1711	1788	豐川	豐川 任
ITKC_MI_0533A	과암집	果菴集	송덕상	宋德相	1710	1783	恩津	恩津 宋
ITKC_MI_0534A	순암집	順菴集	안정복	安鼎福	1712	1791	廣州	廣州 安
ITKC_MI_0535A	재간집	在澗集	임희성	任希聖	1712	1783	豐川	豐川 任
ITKC_MI_0536A	여암유고	旅菴遺稿	신경준	申景濬	1712	1781	高靈	高靈 申
ITKC_MI_0537A	석북집	石北集	신광수	申光洙	1712	1775	高靈	高靈 申
ITKC_MI_0538A	소산집	小山集	이광정	李光靖	1714	1789	韓山	韓山 李
ITKC_MI_0539A	풍서집	豐墅集	이민보	李敏輔	1717	1799	延安	延安 李
ITKC_MI_0540A	보만재집	保晚齋集	서명응	徐命膺	1716	1787	達城	達城 徐
ITKC_MI_0541A	삽교집	霅橋集	안석경	安錫儆	1718	1774	順興	順興 安
ITKC_MI_0542A	간옹집	艮翁集	이헌경	李獻慶	1719	1791	全州	全州 李
ITKC_MI_0543A	번암집	樊巖集	채제공	蔡濟恭	1720	1799	平康	平康 蔡
ITKC_MI_0544A	쌍계유고	雙溪遺稿	이복원	李福源	1719	1792	延安	延安 李
ITKC_MI_0545A	이참봉집	李參奉集	이광려	李匡呂	1720	1783	全州	全州 李
ITKC_MI_0546A	본암집	本庵集	김종후	金鍾厚	1721	1780	淸風	淸風 金
ITKC_MI_0547A	노애집	蘆厓集	유도원	柳道源	1721	1791	全州	全州 柳
ITKC_MI_0548A	삼산재집	三山齋集	김이안	金履安	1722	1791	安東	安東 金
ITKC_MI_0549A	해좌집	海左集	정범조	丁範祖	1723	1801	羅州	羅州 丁
ITKC_MI_0550A	죽하집	竹下集	김익	金熤	1723	1790	延安	延安 金
ITKC_MI_0551A	이계집	耳溪集	홍양호	洪良浩	1724	1802	豐山	豐山 洪
ITKC_MI_0552A	순암집	醇庵集	오재순	吳載純	1727	1792	海州	海州 吳
ITKC_MI_0553A	존재집	存齋集	위백규	魏伯珪	1727	1798	長興	長興 魏
ITKC_MI_0554A	성담집	性潭集	송환기	宋煥箕	1728	1807	恩津	恩津 宋
ITKC_MI_0555A	하서집	荷棲集	조경	趙璥	1727	1787	豐壤	豐壤 趙
ITKC_MI_0556A	몽오집	夢梧集	김종수	金鍾秀	1728	1799	淸風	淸風 金
ITKC_MI_0557A	이재유고	頤齋遺藁	황윤석	黃胤錫	1729	1791	平海	平海 黃
ITKC_MI_0558A	연석	燕石	유언호	兪彥鎬	1730	1796	杞溪	杞溪 兪
ITKC_MI_0559A	수산집	修山集	이종휘	李種徽	1731	1797	全州	全州 李
ITKC_MI_0560A	담헌서	湛軒書	홍대용	洪大容	1731	1783	南陽	南陽 洪
ITKC_MI_0561A	청성집	靑城集	성대중	成大中	1732	1809	昌寧	昌寧 成
ITKC_MI_0562A	자저	自著	유한준	兪漢雋	1732	1811	杞溪	杞溪 兪
ITKC_MI_0563A	근재집	近齋集	박윤원	朴胤源	1734	1799	潘南	潘南 朴
ITKC_MI_0564A	능허관만고	凌虛關漫稿	장헌세자	莊憲世子	1735	1762	全州	全州 莊
ITKC_MI_0565A	완구유집	宛丘遺集	신대우	申大羽	1735	1809	平山	平山 申
ITKC_MI_0566A	묵헌집	默軒集	이만운	李萬運	1736	1820	廣州	廣州 李
ITKC_MI_0567A	만각재집	晚覺齋集	이동급	李東汲	1738	1811	廣州	廣州 李
ITKC_MI_0568A	연암집	燕巖集	박지원	朴趾源	1737	1805	潘南	潘南 朴
ITKC_MI_0569A	신재집	信齋集	이영익	李令翊	1738	1780	全州	全州 李
ITKC_MI_0570A	송목관신여고	松穆館燼餘稿	이언진	李彥瑱	1740	1766	江陽	江陽 李
ITKC_MI_0571A	입재집	立齋集	정종로	鄭宗魯	1738	1816	晉州	晉州 鄭
ITKC_MI_0572A	금석집	錦石集	박준원	朴準源	1739	1807	潘南	潘南 朴
ITKC_MI_0573A	과재유고	過齋遺稿	김정묵	金正默	1739	1799	光山	光山 金
ITKC_MI_0574A	금대시문초	錦帶詩文鈔	이가환	李家煥	1742	1801	驪州	驪州 李
ITKC_MI_0575A	초원유고	椒園遺藁	이충익	李忠翊	1744	1816	全州	全州 李
ITKC_MI_0576A	무명자집	無名子集	윤기	尹愭	1741	1826	坡平	坡平 尹
ITKC_MI_0577A	청장관전서	靑莊館全書	이덕무	李德懋	1741	1793	全州	全州 李
ITKC_MI_0578A	해석유고	海石遺稿	김재찬	金載瓚	1746	1827	延安	延安 金
ITKC_MI_0579A	영재집	泠齋集	유득공	柳得恭	1748	1807	文化	文化 柳
ITKC_MI_0580A	공백당집	拱白堂集	황덕일	黃德壹	1748	1800	昌原	昌原 黃
ITKC_MI_0581A	하려집	下廬集	황덕길	黃德吉	1750	1827	昌原	昌原 黃
ITKC_MI_0582A	명고전집	明臯全集	서형수	徐瀅修	1749	1824	達城	達城 徐
ITKC_MI_0583A	정유각집	貞蕤閣集	박제가	朴齊家	1750	1805	密陽	密陽 朴
ITKC_MI_0584A	홍재전서	弘齋全書	정조	正祖	1752	1800	全州	全州 正
ITKC_MI_0585A	극원유고	屐園遺稿	이만수	李晩秀	1752	1820	延安	延安 李
ITKC_MI_0586A	사명자시집	四名子詩集	차좌일	車佐一	1753	1809	延安	延安 車
ITKC_MI_0587A	후계집	後溪集	이이순	李頤淳	1754	1832	眞寶	眞寶 李
ITKC_MI_0588A	죽석관유집	竹石館遺集	서영보	徐榮輔	1759	1816	達城	達城 徐
ITKC_MI_0589A	척재집	惕齋集	이서구	李書九	1754	1825	全州	全州 李
ITKC_MI_0590A	이이엄집	而已广集	장혼	張混	1759	1828	結城	結城 張
ITKC_MI_0591A	강재집	剛齋集	송치규	宋穉圭	1759	1838	恩津	恩津 宋
ITKC_MI_0592A	추재집	秋齋集	조수삼	趙秀三	1762	1849	漢陽	漢陽 趙
ITKC_MI_0593A	금릉집	金陵集	남공철	南公轍	1760	1840	宜寧	宜寧 南
ITKC_MI_0594A	연경재전집	硏經齋全集	성해응	成海應	1760	1839	昌寧	昌寧 成
ITKC_MI_0595A	석천유고	石泉遺稿	신작	申綽	1760	1828	平山	平山 申
ITKC_MI_0596A	노주집	老洲集	오희상	吳熙常	1763	1833	海州	海州 吳
ITKC_MI_0597A	여유당전서	與猶堂全書	정약용	丁若鏞	1762	1836	羅州	羅州 丁
ITKC_MI_0598A	석재고	碩齋稿	윤행임	尹行恁	1762	1801	南原	南原 尹
ITKC_MI_0599A	풍석전집	楓石全集	서유구	徐有榘	1764	1845	達城	達城 徐
ITKC_MI_0600A	풍고집	楓皐集	김조순	金祖淳	1765	1832	安東	安東 金
ITKC_MI_0601A	담정유고	藫庭遺藁	김려	金鑢	1766	1821	延安	延安 金
ITKC_MI_0602A	두실존고	斗室存稿	심상규	沈象奎	1766	1838	靑松	靑松 沈
ITKC_MI_0603A	대연유고	岱淵遺藁	이면백	李勉伯	1767	1830	全州	全州 李
ITKC_MI_0604A	낙하생집	洛下生集	이학규	李學逵	1770	1835	平昌	平昌 李
ITKC_MI_0605A	경수당전고	警修堂全藁	신위	申緯	1769	1845	平山	平山 申
ITKC_MI_0606A	존재집	存齋集	박윤묵	朴允默	1771	1849	密陽	密陽 朴
ITKC_MI_0607A	연천집	淵泉集	홍석주	洪奭周	1774	1842	豐山	豐山 洪
ITKC_MI_0608A	대산집	臺山集	김매순	金邁淳	1776	1840	安東	安東 金
ITKC_MI_0609A	매산집	梅山集	홍직필	洪直弼	1776	1852	南陽	南陽 洪
ITKC_MI_0610A	정재집	定齋集	유치명	柳致明	1777	1861	全州	全州 柳
ITKC_MI_0611A	운석유고	雲石遺稿	조인영	趙寅永	1782	1850	豐壤	豐壤 趙
ITKC_MI_0612A	과재집	果齋集	성근묵	成近默	1784	1852	昌寧	昌寧 成
ITKC_MI_0613A	경산집	經山集	정원용	鄭元容	1783	1873	東萊	東萊 鄭
ITKC_MI_0614A	완당전집	阮堂全集	김정희	金正喜	1786	1856	慶州	慶州 金
ITKC_MI_0615A	성재집	成齋集	조병현	趙秉鉉	1791	1849	豐壤	豐壤 趙
ITKC_MI_0616A	사기집	沙磯集	이시원	李是遠	1789	1866	全州	全州 李
ITKC_MI_0617A	오서집	梧墅集	박영원	朴永元	1791	1854	高靈	高靈 朴
ITKC_MI_0618A	소재집	歗齋集	변종운	卞鍾運	1790	1866	密陽	密陽 卞
ITKC_MI_0619A	금곡집	錦谷集	송내희	宋來熙	1791	1867	恩津	恩津 宋
ITKC_MI_0620A	동번집	東樊集	이만용	李晩用	1792	1863	全州	全州 李
ITKC_MI_0621A	화서집	華西集	이항로	李恒老	1792	1868	碧珍	碧珍 李
ITKC_MI_0622A	침계유고	梣溪遺稿	윤정현	尹定鉉	1793	1874	南原	南原 尹
ITKC_MI_0623A	연파시초	蓮坡詩鈔	김진수	金進洙	1797	1865	慶州	慶州 金
ITKC_MI_0624A	해옹고	海翁藁	홍한주	洪翰周	1798	1868	豐山	豐山 洪
ITKC_MI_0625A	심암유고	心庵遺稿	조두순	趙斗淳	1796	1870	楊州	楊州 趙
ITKC_MI_0626A	성재집	性齋集	허전	許傳	1797	1886	陽川	陽川 許
ITKC_MI_0627A	담인집	澹人集	신좌모	申佐模	1799	1877	高靈	高靈 申
ITKC_MI_0628A	노사집	蘆沙集	기정진	奇正鎭	1798	1879	幸州	幸州 奇
ITKC_MI_0629A	숙재집	肅齋集	조병덕	趙秉悳	1800	1870	楊州	楊州 趙
ITKC_MI_0630A	봉서집	鳳棲集	유신환	兪莘煥	1801	1859	杞溪	杞溪 兪
ITKC_MI_0631A	은송당집	恩誦堂集	이상적	李尙迪	1803	1865	牛峯	牛峯 李
ITKC_MI_0632A	환재집	瓛齋集	박규수	朴珪壽	1807	1876	潘南	潘南 朴
ITKC_MI_0633A	하원시초	夏園詩鈔	정지윤	鄭芝潤	1808	1858	蓬山	蓬山 鄭
ITKC_MI_0634A	수종재집	守宗齋集	송달수	宋達洙	1808	1858	恩津	恩津 宋
ITKC_MI_0635A	계당집	溪堂集	유주목	柳疇睦	1813	1872	豐山	豐山 柳
ITKC_MI_0636A	고산집	鼓山集	임헌회	任憲晦	1811	1876	豐川	豐川 任
ITKC_MI_0637A	가오고략	嘉梧藁略	이유원	李裕元	1814	1888	慶州	慶州 李
ITKC_MI_0638A	사미헌집	四未軒集	장복추	張福樞	1815	1900	仁同	仁同 張
ITKC_MI_0639A	규재유고	圭齋遺藁	남병철	南秉哲	1817	1863	宜寧	宜寧 南
ITKC_MI_0640A	한주집	寒洲集	이진상	李震相	1818	1886	星山	星山 李
ITKC_MI_0641A	고환당수초	古歡堂收艸	강위	姜瑋	1820	1884	晉州	晉州 姜
ITKC_MI_0642A	중암집	重菴集	김평묵	金平默	1819	1891	淸風	淸風 金
ITKC_MI_0643A	서산집	西山集	김흥락	金興洛	1827	1899	義城	義城 金
ITKC_MI_0644A	하정집	荷亭集	김영수	金永壽	1829	1899	光山	光山 金
ITKC_MI_0645A	미산집	眉山集	한장석	韓章錫	1832	1894	淸州	淸州 韓
ITKC_MI_0646A	성재집	省齋集	유중교	柳重敎	1832	1893	高興	高興 柳
ITKC_MI_0647A	면암집	勉菴集	최익현	崔益鉉	1833	1906	慶州	慶州 崔
ITKC_MI_0648A	후산집	后山集	허유	許愈	1833	1904	金海	金海 許
ITKC_MI_0649A	방산집	舫山集	허훈	許薰	1836	1907	金海	金海 許
ITKC_MI_0650A	운양집	雲養集	김윤식	金允植	1835	1922	淸風	淸風 金
ITKC_MI_0651A	연재집	淵齋集	송병선	宋秉璿	1836	1905	恩津	恩津 宋
ITKC_MI_0652A	만구집	晩求集	이종기	李種杞	1837	1902	全義	全義 李
ITKC_MI_0653A	간재집	艮齋集	전우	田愚	1841	1922	潭陽	潭陽 田
ITKC_MI_0654A	의암집	毅菴集	유인석	柳麟錫	1842	1915	高興	高興 柳
ITKC_MI_0655A	면우집	俛宇集	곽종석	郭鍾錫	1846	1919	玄風	玄風 郭
ITKC_MI_0656A	송사집	松沙集	기우만	奇宇萬	1846	1916	幸州	幸州 奇
ITKC_MI_0657A	이해학유서	李海鶴遺書	이기	李沂	1848	1909	固城	固城 李
ITKC_MI_0658A	소호당집	韶濩堂集	김택영	金澤榮	1850	1927	花開	花開 金
ITKC_MI_0659A	양원유집	陽園遺集	신기선	申箕善	1851	1909	平山	平山 申
ITKC_MI_0660A	매천집	梅泉集	황현	黃玹	1855	1910	長水	長水 黃
ITKC_MI_0661A	명미당집	明美堂集	이건창	李建昌	1852	1898	全州	全州 李
ITKC_MI_0662A	수당유집	修堂遺集	이남규	李南珪	1855	1907	韓山	韓山 李
ITKC_MI_0663A	암서집	巖棲集	조긍섭	曺兢燮	1873	1933	昌寧	昌寧 曺
ITKC_MI_0664A	죽헌유집	竹軒遺集	나계종	羅繼從	1339	1415	羅州	羅州 羅
ITKC_MI_0665A	매헌집	梅軒集	권우	權遇	1363	1419	安東	安東 權
ITKC_MI_0666A	무송헌집	撫松軒集	김담	金淡	1416	1464	禮安	禮安 金
ITKC_MI_0667A	물재집	勿齋集	손순효	孫舜孝	1427	1497	平海	平海 孫
ITKC_MI_0668A	지지당시집	止止堂詩集	김맹성	金孟性	1437	1487	海平	海平 金
ITKC_MI_0669A	풍월정집	風月亭集	이정	李婷	1454	1488	全州	全州 李
ITKC_MI_0670A	창계집	滄溪集	문경동	文敬仝	1457	1521	甘泉	甘泉 文
ITKC_MI_0671A	관포시집	灌圃詩集	어득강	魚得江	1470	1550	咸從	咸從 魚
ITKC_MI_0672A	괴은유고	乖隱遺稿	정구	鄭球	1490		東萊	東萊 鄭
ITKC_MI_0673A	운암일고	雲巖逸稿	김연	金緣	1487	1544	光州	光州 金
ITKC_MI_0674A	용암집	龍巖集	박운	朴雲	1493	1562	密陽	密陽 朴
ITKC_MI_0675A	야계집	倻溪集	송희규	宋希奎	1494	1558	冶爐	冶爐 宋
ITKC_MI_0676A	독암유고	獨庵遺稿	조종경	趙宗敬	1495	1535	豐壤	豐壤 趙
ITKC_MI_0677A	회산집	檜山集	정환	丁煥	1497	1540	昌原	昌原 丁
ITKC_MI_0678A	무하옹집	無何翁集	이원손	李元孫	1498	1554	全義	全義 李
ITKC_MI_0679A	숭덕재유고	崇德齋遺稿	이윤경	李潤慶	1498	1562	廣州	廣州 李
ITKC_MI_0680A	구암집	久庵集	김취문	金就文	1509	1570	善山	善山 金
ITKC_MI_0681A	송파일고	松坡逸稿	박전	朴全	1514	1558	務安	務安 朴
ITKC_MI_0682A	급고유고	汲古遺稿	이홍남	李洪男	1515	1572	廣州	廣州 李
ITKC_MI_0683A	후조당집	後彫堂集	김부필	金富弼	1516	1577	光山	光山 金
ITKC_MI_0684A	구촌집	龜村集	유경심	柳景深	1516	1571	豐山	豐山 柳
ITKC_MI_0685A	청련집	靑蓮集	이후백	李後白	1520	1578	延安	延安 李
ITKC_MI_0686A	매헌집	梅軒集	금보	琴輔	1521	1584	奉化	奉化 琴
ITKC_MI_0687A	춘당집	春塘集	오수영	吳守盈	1521	1606	高敞	高敞 吳
ITKC_MI_0688A	기봉집	岐峯集	백광홍	白光弘	1522	1556	海美	海美 白
ITKC_MI_0689A	개암집	開巖集	김우굉	金宇宏	1524	1590	義城	義城 金
ITKC_MI_0690A	지산집	芝山集	김팔원	金八元	1524	1569	江陵	江陵 金
ITKC_MI_0691A	송당집	松塘集	유홍	兪泓	1524	1594	杞溪	杞溪 兪
ITKC_MI_0692A	만헌집	晩軒集	정염	丁焰	1524	1609	昌原	昌原 丁
ITKC_MI_0693A	동상집	東湘集	허진동	許震童	1525	1610	泰仁	泰仁 許
ITKC_MI_0694A	오봉집	鰲峯集	김제민	金齊閔	1527	1599	義城	義城 金
ITKC_MI_0695A	성재집	惺齋集	금난수	琴蘭秀	1530	1604	奉化	奉化 琴
ITKC_MI_0696A	동은고	峒隱稿	이의건	李義健	1533	1621	全州	全州 李
ITKC_MI_0697A	임연재집	臨淵齋集	배삼익	裵三益	1534	1588	興海	興海 裵
ITKC_MI_0698A	상유집	桑楡集	유사규	柳思規	1534	1607	晉州	晉州 柳
ITKC_MI_0699A	선양정집	善養亭集	정희맹	丁希孟	1536	1596	靈光	靈光 丁
ITKC_MI_0700A	송담집	松潭集	송남수	宋柟壽	1537	1626	恩津	恩津 宋
ITKC_MI_0701A	회곡집	晦谷集	권춘란	權春蘭	1539	1617	安東	安東 權
ITKC_MI_0702A	죽유집	竹牖集	오운	吳澐	1540	1617	高敞	高敞 吳
ITKC_MI_0703A	송암유고	松菴遺稿	김면	金沔	1541	1593	高靈	高靈 金
ITKC_MI_0704A	남창잡고	南窓雜藁	김현성	金玄成	1542	1621	金海	金海 金
ITKC_MI_0705A	만죽헌집	萬竹軒集	서익	徐益	1542	1587	扶餘	扶餘 徐
ITKC_MI_0706A	명관유고집	冥觀遺稿集	윤안성	尹安性	1542	1615	坡平	坡平 尹
ITKC_MI_0707A	남천집	南川集	권두문	權斗文	1543	1617	安東	安東 權
ITKC_MI_0708A	안촌집	安村集	배응경	裵應褧	1544	1602	星州	星州 裵
ITKC_MI_0709A	식암집	息庵集	황섬	黃暹	1544	1616	昌原	昌原 黃
ITKC_MI_0710A	북애집	北厓集	김기	金圻	1547	1603	光山	光山 金
ITKC_MI_0711A	사촌집	沙村集	장경세	張經世	1547	1615	興德	興德 張
ITKC_MI_0712A	서포집	西浦集	곽열	郭說	1548	1630	淸州	淸州 郭
ITKC_MI_0713A	대암집	大菴集	박성	朴惺	1549	1606	密陽	密陽 朴
ITKC_MI_0714A	계음집	溪陰集	조팽년	趙彭年	1549	1612	漢陽	漢陽 趙
ITKC_MI_0715A	모당집	慕堂集	홍이상	洪履祥	1549	1615	豐山	豐山 洪
ITKC_MI_0716A	하의유고	荷衣遺稿	홍적	洪迪	1549	1591	南陽	南陽 洪
ITKC_MI_0717A	낙재집	樂齋集	서사원	徐思遠	1550	1615	達城	達城 徐
ITKC_MI_0718A	동호집	東湖集	문덕교	文德敎	1551	1611	開寧	開寧 文
ITKC_MI_0719A	독석집	獨石集	황혁	黃赫	1551	1612	長水	長水 黃
ITKC_MI_0720A	송소집	松巢集	권우	權宇	1552	1590	安東	安東 權
ITKC_MI_0721A	청륙집	靑陸集	김덕겸	金德謙	1552	1633	商山	商山 金
ITKC_MI_0722A	감호집	鑑湖集	여대로	呂大老	1552	1619	星山	星山 呂
ITKC_MI_0723A	유연당집	悠然堂集	김대현	金大賢	1553	1602	豐山	豐山 金
ITKC_MI_0724A	모당집	慕堂集	손처눌	孫處訥	1553	1634	一直	一直 孫
ITKC_MI_0725A	만퇴헌유고	晩退軒遺稿	신응구	申應榘	1553	1623	高靈	高靈 申
ITKC_MI_0726A	서계집	西溪集	이득윤	李得胤	1553	1630	慶州	慶州 李
ITKC_MI_0727A	화곡집	禾谷集	정사호	鄭賜湖	1553	1616	光州	光州 鄭
ITKC_MI_0728A	모계집	茅谿集	문위	文緯	1554	1631	南平	南平 文
ITKC_MI_0729A	감수재집	感樹齋集	박여량	朴汝樑	1554	1611	三陟	三陟 朴
ITKC_MI_0730A	근시재집	近始齋集	김해	金垓	1555	1593	光州	光州 金
ITKC_MI_0731A	역양집	嶧陽集	문경호	文景虎	1556	1619	南平	南平 文
ITKC_MI_0732A	표옹유고	瓢翁遺稿	송영구	宋英耈	1556	1620	鎭川	鎭川 宋
ITKC_MI_0733A	취사집	炊沙集	이여빈	李汝馪	1556	1631	羽溪	羽溪 李
ITKC_MI_0734A	가휴집	可畦集	조익	趙翊	1556	1613	豐壤	豐壤 趙
ITKC_MI_0735A	해월집	海月集	황여일	黃汝一	1556	1622	平海	平海 黃
ITKC_MI_0736A	수북정집	水北亭集	김흥국	金興國	1557	1623	順天	順天 金
ITKC_MI_0737A	월간집	月澗集	이전	李㙉	1558	1648	興陽	興陽 李
ITKC_MI_0738A	매창집	梅窓集	정사신	鄭士信	1558	1619	淸州	淸州 鄭
ITKC_MI_0739A	문월당집	問月堂集	오극성	吳克成	1559	1617	咸陽	咸陽 吳
ITKC_MI_0740A	풍암집	楓巖集	김종필	金終弼			淸風	淸風 金
ITKC_MI_0741A	용계유고	龍溪遺稿	김지남	金止男	1559	1631	光山	光山 金
ITKC_MI_0742A	석계집	石溪集	민욱	閔昱	1559	1625	驪興	驪興 閔
ITKC_MI_0743A	오한집	聱漢集	손기양	孫起陽	1559	1617	密陽	密陽 孫
ITKC_MI_0744A	귤옥졸고	橘屋拙稿	윤광계	尹光啓	1559	1619	海南	海南 尹
ITKC_MI_0745A	명고집	鳴皐集	임전	任錪	1559	1611	豐川	豐川 任
ITKC_MI_0746A	서담집	西潭集	홍위	洪瑋	1559	1624	南陽	南陽 洪
ITKC_MI_0747A	일옹집	逸翁集	최희량	崔希亮	1560	1651	水原	水原 崔
ITKC_MI_0748A	동리집	東籬集	김윤안	金允安	1560	1622	順天	順天 金
ITKC_MI_0749A	소릉집	少陵集	이상의	李尙毅	1560	1624	驪興	驪興 李
ITKC_MI_0750A	죽헌집	竹軒集	최항경	崔恒慶	1560	1638	永川	永川 崔
ITKC_MI_0751A	이재집	頤齋集	조우인	曺友仁	1561	1625	昌寧	昌寧 曺
ITKC_MI_0752A	성옹유고	醒翁遺稿	김덕함	金德諴	1562	1636	尙州	尙州 金
ITKC_MI_0753A	오봉집	梧峯集	신지제	申之悌	1562	1624	鵝洲	鵝洲 申
ITKC_MI_0754A	구봉집	九峯集	김수인	金守訒	1563	1626	廣州	廣州 金
ITKC_MI_0755A	사촌집	沙村集	안덕린	安德麟	1563	1609	順興	順興 安
ITKC_MI_0756A	월봉집	月峯集	고인계	高仁繼	1564	1647	開城	開城 高
ITKC_MI_0757A	낙애유고	洛涯遺稿	김안절	金安節	1564	1632	尙州	尙州 金
ITKC_MI_0758A	양서집	瀼西集	이광윤	李光胤	1564	1637	慶州	慶州 李
ITKC_MI_0759A	희암유고	希菴遺稿	현덕승	玄德升	1564	1627	星州	星州 玄
ITKC_MI_0760A	사호집	思湖集	오장	吳長	1565	1617	咸陽	咸陽 吳
ITKC_MI_0761A	동호집	東湖集	이서	李𥳕	1566	1651	光州	光州 李
ITKC_MI_0762A	죽창집	竹窓集	강주	姜籒	1566	1650	晉州	晉州 姜
ITKC_MI_0763A	구전집	苟全集	김중청	金中淸	1566	1629	安東	安東 金
ITKC_MI_0764A	능허집	凌虛集	박민	朴敏	1566	1630	泰安	泰安 朴
ITKC_MI_0765A	간정집	艮庭集	이유홍	李惟弘	1566	1619	全州	全州 李
ITKC_MI_0766A	학송집	鶴松集	전유형	全有亨	1566	1624	平康	平康 全
ITKC_MI_0767A	고주집	孤舟集	정운희	丁運熙	1566	1635	靈光	靈光 丁
ITKC_MI_0768A	낙서집	洛西集	장만	張晩	1566	1629	仁同	仁同 張
ITKC_MI_0769A	둔봉집	遯峯集	김녕	金寧	1567	1650	善山	善山 金
ITKC_MI_0770A	습정집	習靜集	송방조	宋邦祚	1567	1618	恩津	恩津 宋
ITKC_MI_0771A	동계집	東溪集	조형도	趙亨道	1567	1637	咸安	咸安 趙
ITKC_MI_0772A	단곡집	丹谷集	곽진	郭𡺽	1568	1633	玄風	玄風 郭
ITKC_MI_0773A	설정집	雪汀集	이흘	李忔	1568	1630	慶州	慶州 李
ITKC_MI_0774A	호봉집	壺峯集	이돈	李燉	1568	1624	眞寶	眞寶 李
ITKC_MI_0775A	완정집	浣亭集	이언영	李彦英	1568	1639	碧珍	碧珍 李
ITKC_MI_0776A	양포유고	楊浦遺藁	최전	崔澱	1568	1589	海州	海州 崔
ITKC_MI_0777A	죽창유고	竹窓遺稿	구용	具容	1569	1601	綾城	綾城 具
ITKC_MI_0778A	장곡집	藏谷集	권태일	權泰一	1569	1631	安東	安東 權
ITKC_MI_0779A	석담집	石潭集	이윤우	李潤雨	1569	1634	廣州	廣州 李
ITKC_MI_0780A	송오집	松塢集	정전	鄭佺	1569	1639	淸州	淸州 鄭
ITKC_MI_0781A	운학집	雲壑集	조평	趙平	1569	1647	咸安	咸安 趙
ITKC_MI_0782A	모하당집	慕夏堂集	김충선	金忠善	1571	1642	友鹿	友鹿 金
ITKC_MI_0783A	양직집	養直集	도성유	都聖兪	1571	1649	星州	星州 都
ITKC_MI_0784A	관포집	灌圃集	박홍미	朴弘美	1571	1642	慶州	慶州 朴
ITKC_MI_0785A	송죽당집	松竹堂集	정문익	鄭文翼	1571	1639	草溪	草溪 鄭
ITKC_MI_0786A	청풍자집	淸風子集	정윤목	鄭允穆	1571	1629	淸州	淸州 鄭
ITKC_MI_0787A	국담집	菊潭集	박수춘	朴壽春	1572	1652	密陽	密陽 朴
ITKC_MI_0788A	잠와유고	潛窩遺稿	이명준	李命俊	1572	1630	全義	全義 李
ITKC_MI_0789A	등암집	藤庵集	배상룡	裵尙龍	1574	1655	星州	星州 裵
ITKC_MI_0790A	추담집	秋潭集	김우급	金友伋	1574	1643	光山	光山 金
ITKC_MI_0791A	동계집	東溪集	권도	權濤	1575	1644	安東	安東 權
ITKC_MI_0792A	만오집	晩悟集	신달도	申達道	1576	1631	鵝洲	鵝洲 申
ITKC_MI_0793A	쌍봉집	雙峯集	정극후	鄭克後	1577	1658	迎日	迎日 鄭
ITKC_MI_0794A	죽로집	竹老集	신활	申活	1576	1643	平山	平山 申
ITKC_MI_0795A	망와집	忘窩集	김영조	金榮祖	1577	1648	豐山	豐山 金
ITKC_MI_0796A	석문집	石門集	정영방	鄭榮邦	1577	1650	東萊	東萊 鄭
ITKC_MI_0797A	월봉집	月峯集	고부천	高傅川	1578	1636	長興	長興 高
ITKC_MI_0798A	죽소집	竹所集	김광욱	金光煜	1580	1656	安東	安東 金
ITKC_MI_0799A	수암집	修巖集	유진	柳袗	1582	1635	豐山	豐山 柳
ITKC_MI_0800A	하음집	河陰集	신즙	申楫	1580	1639	寧海	寧海 申
ITKC_MI_0801A	추산집	秋山集	박홍중	朴弘中	1582	1646	慶州	慶州 朴
ITKC_MI_0802A	금암집	琴巖集	송몽인	宋夢寅	1582	1612	恩津	恩津 宋
ITKC_MI_0803A	현주집	玄洲集	윤신지	尹新之	1582	1657	海平	海平 尹
ITKC_MI_0804A	시암집	時庵集	조상우	趙相禹	1582	1657	楊州	楊州 趙
ITKC_MI_0805A	무민당집	无悶堂集	박인	朴絪	1583	1640	高靈	高靈 朴
ITKC_MI_0806A	백담유집	白潭遺集	조우신	趙又新	1583	1650	漢陽	漢陽 趙
ITKC_MI_0807A	죽유시집	竹牖詩集	구영	具瑩	1584	1663	綾城	綾城 具
ITKC_MI_0808A	수북유고	水北遺稿	김광현	金光炫	1584	1647	安東	安東 金
ITKC_MI_0809A	남간집선	南磵集選	나해봉	羅海鳳	1584	1638	羅州	羅州 羅
ITKC_MI_0810A	청하집	靑霞集	권극중	權克中	1585	1659	安東	安東 權
ITKC_MI_0811A	태천집	苔川集	김지수	金地粹	1585	1639	義城	義城 金
ITKC_MI_0812A	천묵유고	天默遺稿	이상형	李尙馨	1585	1645	全州	全州 李
ITKC_MI_0813A	백석유고	白石遺稿	유즙	柳楫	1585	1651	文化	文化 柳
ITKC_MI_0814A	임곡집	林谷集	임진부	林眞怤	1586	1657	恩津	恩津 林
ITKC_MI_0815A	구곡시고	龜谷詩稿	최기남	崔奇男	1586		川寧	川寧 崔
ITKC_MI_0816A	화포유고	花浦遺稿	홍익한	洪翼漢	1586	1637	南陽	南陽 洪
ITKC_MI_0817A	무주일고	無住逸稿	홍호	洪鎬	1586	1646	缶溪	缶溪 洪
ITKC_MI_0818A	현암유고	玄巖遺稿	최유연	崔有淵	1587	1656	海州	海州 崔
ITKC_MI_0819A	둔헌집	遯軒集	이홍유	李弘有	1588	1671	慶州	慶州 李
ITKC_MI_0820A	묵수당집	嘿守堂集	최유해	崔有海	1588	1641	海州	海州 崔
ITKC_MI_0821A	둔계유편	遯溪遺編	허후	許厚	1588	1661	陽川	陽川 許
ITKC_MI_0822A	조은집	釣隱集	한몽삼	韓夢參	1589	1662	淸州	淸州 韓
ITKC_MI_0823A	나재집	懶齋集	신열도	申悅道	1589	1659	鵝洲	鵝洲 申
ITKC_MI_0824A	우교당유고	于郊堂遺稿	구치용	具致用	1590	1666	綾城	綾城 具
ITKC_MI_0825A	석계집	石溪集	이시명	李時明	1590	1674	載寧	載寧 李
ITKC_MI_0826A	설정시집	雪汀詩集	조문수	曺文秀	1590	1647	昌寧	昌寧 曺
ITKC_MI_0827A	한사집	寒沙集	강대수	姜大遂	1591	1658	晉州	晉州 姜
ITKC_MI_0828A	분서집	汾西集	박미	朴瀰	1592	1645	潘南	潘南 朴
ITKC_MI_0829A	소은유고	素隱遺稿	신천익	愼天翊	1592	1661	居昌	居昌 愼
ITKC_MI_0830A	만사고	晩沙稿	심지원	沈之源	1593	1662	靑松	靑松 沈
ITKC_MI_0831A	청봉집	晴峯集	심동구	沈東龜	1594	1660	靑松	靑松 沈
ITKC_MI_0832A	석병집	石屛集	이회보	李回寶	1594	1669	眞寶	眞寶 李
ITKC_MI_0833A	수은유집	睡隱遺集	이홍조	李弘祚	1595	1660	韓山	韓山 李
ITKC_MI_0834A	소전집	少痊集	김덕승	金德承	1595	1658	金海	金海 金
ITKC_MI_0835A	계서일고	溪西逸稿	성이성	成以性	1595	1664	昌寧	昌寧 成
ITKC_MI_0836A	야곡집	冶谷集	조극선	趙克善	1595	1658	漢陽	漢陽 趙
ITKC_MI_0837A	두곡집	杜谷集	홍우정	洪宇定	1595	1656	南陽	南陽 洪
ITKC_MI_0838A	창주집	滄洲集	심지한	沈之漢	1596	1657	靑松	靑松 沈
ITKC_MI_0839A	야당유고	野塘遺稿	김남중	金南重	1596	1663	慶州	慶州 金
ITKC_MI_0840A	양곡유고	亮谷遺稿	이의길	李義吉	1596	1633	咸平	咸平 李
ITKC_MI_0841A	상곡집	商谷集	강유	姜瑜	1597	1668	晉州	晉州 姜
ITKC_MI_0842A	노암집	魯庵集	김종일	金宗一	1597	1675	慶州	慶州 金
ITKC_MI_0843A	사우당집	四友堂集	송국택	宋國澤	1597	1659	恩津	恩津 宋
ITKC_MI_0844A	표은집	瓢隱集	김시온	金是榲	1598	1669	義城	義城 金
ITKC_MI_0845A	기봉집	騏峯集	이시성	李時省	1598	1668	慶州	慶州 李
ITKC_MI_0846A	졸재집	拙齋集	유원지	柳元之	1598	1674	豐山	豐山 柳
ITKC_MI_0847A	송파집	松坡集	이해창	李海昌	1599	1655	韓山	韓山 李
ITKC_MI_0848A	청천당집	聽天堂集	장응일	張應一	1599	1676	仁同	仁同 張
ITKC_MI_0849A	고송집	孤松集	신홍망	申弘望	1600	1673	鵝洲	鵝洲 申
ITKC_MI_0850A	구포집	鷗浦集	안헌징	安獻徵	1600	1674	廣州	廣州 安
ITKC_MI_0851A	금천집	琴川集	정시수	鄭時修	1601	1647	東萊	東萊 鄭
ITKC_MI_0852A	우천집	愚川集	정칙	鄭侙	1601	1663	淸州	淸州 鄭
ITKC_MI_0853A	당계집	棠溪集	김화준	金華俊	1602	1644	光山	光山 金
ITKC_MI_0854A	백졸암집	百拙庵集	유직	柳㮨	1602	1662	全州	全州 柳
ITKC_MI_0855A	서귀유고	西歸遺藁	이기발	李起浡	1602	1662	韓山	韓山 李
ITKC_MI_0856A	동촌유고	東村遺稿	유대춘	柳帶春	1543	1631	瑞山	瑞山 柳
ITKC_MI_0857A	낙촌집	洛村集	이도장	李道長	1603	1644	廣州	廣州 李
ITKC_MI_0858A	설해유고	雪海遺稿	이만영	李晩榮	1604	1672	全州	全州 李
ITKC_MI_0859A	당촌집	塘村集	황위	黃暐	1605	1654	長水	長水 黃
ITKC_MI_0860A	만주집	晩洲集	정창주	鄭昌胄	1606	1664	草溪	草溪 鄭
ITKC_MI_0861A	무하당유고	無何堂遺稿	홍주원	洪柱元	1606	1672	豐山	豐山 洪
ITKC_MI_0862A	마경헌집	磨鏡軒集	홍구연	洪九淵	1606	1629	南陽	南陽 洪
ITKC_MI_0863A	만주유집	晩洲遺集	홍석기	洪錫箕	1606	1680	南陽	南陽 洪
ITKC_MI_0864A	회곡집	晦谷集	조한영	曺漢英	1608	1670	昌寧	昌寧 曺
ITKC_MI_0865A	수현집	壽峴集	석지형	石之珩	1610		花園	花園 石
ITKC_MI_0866A	죽당집	竹堂集	신유	申濡	1610	1665	高靈	高靈 申
ITKC_MI_0867A	죽헌집	竹軒集	도신징	都愼徵	1611	1678	星州	星州 都
ITKC_MI_0868A	팔사유고	八斯遺稿	배유화	裵幼華	1611	1673	星州	星州 裵
ITKC_MI_0869A	팔송집	八松集	정필달	鄭必達	1611	1693	晉州	晉州 鄭
ITKC_MI_0870A	존양재집	存養齋集	송정렴	宋挺濂	1612	1684	恩津	恩津 宋
ITKC_MI_0871A	정허당집	靜虛堂集	홍주세	洪柱世	1612	1661	豐山	豐山 洪
ITKC_MI_0872A	활재집	活齋集	이구	李榘	1613	1654	全州	全州 李
ITKC_MI_0873A	명곡집	明谷集	구음	具崟	1614	1683	綾城	綾城 具
ITKC_MI_0874A	추담집	秋潭集	유창	兪瑒	1614	1690	昌原	昌原 兪
ITKC_MI_0875A	석동유고	石洞遺稿	이문재	李文載	1615	1689	全州	全州 李
ITKC_MI_0876A	장육당유집	藏六堂遺集	조귀석	趙龜錫	1615	1665	楊州	楊州 趙
ITKC_MI_0877A	계와집	桂窩集	조비	趙備	1616	1659	漢陽	漢陽 趙
ITKC_MI_0878A	요은집	鬧隱集	고여흥	高汝興	1617	1678	長澤	長澤 高
ITKC_MI_0879A	석문집	石門集	오이익	吳以翼	1618	1666	羅州	羅州 吳
ITKC_MI_0880A	춘소자집	春沼子集	신최	申最	1619	1658	平山	平山 申
ITKC_MI_0881A	오탄집	梧灘集	심유	沈攸	1620	1688	靑松	靑松 沈
ITKC_MI_0882A	송봉유고	松峯遺稿	오익승	吳益升	1620	1679	寶城	寶城 吳
ITKC_MI_0883A	이계집	伊溪集	남몽뢰	南夢賚	1620	1681	英陽	英陽 南
ITKC_MI_0884A	송계집	松溪集	이요	李㴭	1622	1658	全州	全州 李
ITKC_MI_0885A	귀암집	歸巖集	이원정	李元禎	1622	1680	廣州	廣州 李
ITKC_MI_0886A	서암유고	西巖遺稿	이진백	李震白	1622	1707	全州	全州 李
ITKC_MI_0887A	지촌집	芝村集	김방걸	金邦杰	1623	1695	義城	義城 金
ITKC_MI_0888A	범옹집	泛翁集	홍주국	洪柱國	1623	1680	豐山	豐山 洪
ITKC_MI_0889A	남포집	南圃集	김만영	金萬英	1624	1671	棠岳	棠岳 金
ITKC_MI_0890A	양곡집	陽谷集	오두인	吳斗寅	1624	1689	海州	海州 吳
ITKC_MI_0891A	초암집	初菴集	신혼	申混	1624	1656	高靈	高靈 申
ITKC_MI_0892A	추담집	秋潭集	김여만	金如萬	1625	1711	順天	順天 金
ITKC_MI_0893A	운포유고	雲浦遺稿	여성제	呂聖齊	1625	1691	咸陽	咸陽 呂
ITKC_MI_0894A	죽서집	竹西集	이민적	李敏迪	1625	1673	全州	全州 李
ITKC_MI_0895A	매간집	梅澗集	이익상	李翊相	1625	1691	延安	延安 李
ITKC_MI_0896A	송월재집	松月齋集	이시선	李時善	1625	1715	全州	全州 李
ITKC_MI_0897A	오아재집	聱齖齋集	강석규	姜錫圭	1628	1695	晉州	晉州 姜
ITKC_MI_0898A	금옹집	錦翁集	김학배	金學培	1628	1673	義城	義城 金
ITKC_MI_0899A	치암집	恥菴集	이지렴	李之濂	1628	1691	咸平	咸平 李
ITKC_MI_0900A	동산유고	東山遺稿	조성한	趙晟漢	1628	1686	漢陽	漢陽 趙
ITKC_MI_0901A	육우당유고	六寓堂遺稿	이하진	李夏鎭	1628	1682	驪州	驪州 李
ITKC_MI_0902A	임호집	林湖集	박수검	朴守儉	1629	1698	義興	義興 朴
ITKC_MI_0903A	금강집	錦江集	장신	張璶	1629	1711	仁同	仁同 張
ITKC_MI_0904A	쌍백당집	雙柏堂集	이세화	李世華	1630	1701	富平	富平 李
ITKC_MI_0905A	구봉집	九峯集	조원기	趙遠期	1630	1680	林川	林川 趙
ITKC_MI_0906A	남악집	南岳集	조종저	趙宗著	1631	1690	漢陽	漢陽 趙
ITKC_MI_0907A	덕포유고	德浦遺稿	윤진	尹搢	1631	1698	坡平	坡平 尹
ITKC_MI_0908A	손암집	損庵集	조근	趙根	1631	1680	咸安	咸安 趙
ITKC_MI_0909A	금호유고	琴湖遺稿	이지걸	李志傑	1632	1702	碧珍	碧珍 李
ITKC_MI_0910A	설초유고	雪蕉遺稿	최승태	崔承太			川寧	川寧 崔
ITKC_MI_0911A	퇴당집	退堂集	유명천	柳命天	1633	1705	晉州	晉州 柳
ITKC_MI_0912A	폐추유고	敝帚遺稿	임홍량	任弘亮	1634	1707	豐川	豐川 任
ITKC_MI_0913A	송파집	松坡集	이서우	李瑞雨	1633	1709	羽溪	羽溪 李
ITKC_MI_0914A	산택재집	山澤齋集	권태시	權泰時	1635	1719	安東	安東 權
ITKC_MI_0915A	모암집	茅庵集	장진	張瑱	1635	1707	仁同	仁同 張
ITKC_MI_0916A	일봉집	一峯集	조현기	趙顯期	1634	1685	林川	林川 趙
ITKC_MI_0917A	규정집	葵亭集	신후재	申厚載	1636	1699	平山	平山 申
ITKC_MI_0918A	약재집	約齋集	유상운	柳尙運	1636	1707	文化	文化 柳
ITKC_MI_0919A	관란재유고	觀瀾齋遺稿	고회	高晦	1636	1711	濟州	濟州 高
ITKC_MI_0920A	노주집	蘆洲集	김태일	金兌一	1637	1702	禮安	禮安 金
ITKC_MI_0921A	안촌집	安村集	박광후	朴光後	1637	1678	順天	順天 朴
ITKC_MI_0922A	범허정집	泛虛亭集	송광연	宋光淵	1638	1695	礪山	礪山 宋
ITKC_MI_0923A	팔오헌집	八吾軒集	김성구	金聲久	1641	1707	義城	義城 金
ITKC_MI_0924A	조암집	槽巖集	조창기	趙昌期	1640	1676	林川	林川 趙
ITKC_MI_0925A	박천집	博泉集	이옥	李沃	1641	1698	延安	延安 李
ITKC_MI_0926A	구소집	鳩巢集	권성구	權聖矩	1642	1708	安東	安東 權
ITKC_MI_0927A	둔옹집	遁翁集	한여유	韓汝愈	1642	1709	谷山	谷山 韓
ITKC_MI_0928A	구천유고	龜川遺稿	이세필	李世弼	1642	1718	慶州	慶州 李
ITKC_MI_0929A	호은집	壺隱集	홍수주	洪受疇	1642	1704	南陽	南陽 洪
ITKC_MI_0930A	야촌집	野村集	손만웅	孫萬雄	1643	1712	慶州	慶州 孫
ITKC_MI_0931A	동강유고	東岡遺稿	최시옹	崔是翁	1646	1730	朔寧	朔寧 崔
ITKC_MI_0932A	나은집	懶隱集	이동표	李東標	1644	1700	眞寶	眞寶 李
ITKC_MI_0933A	경암집	絅菴集	신완	申琓	1646	1707	平山	平山 申
ITKC_MI_0934A	정재집	靜齋集	이담명	李聃命	1646	1701	廣州	廣州 李
ITKC_MI_0935A	양와집	養窩集	이세귀	李世龜	1646	1700	慶州	慶州 李
ITKC_MI_0936A	시와유고	是窩遺稿	한태동	韓泰東	1646	1687	淸州	淸州 韓
ITKC_MI_0937A	관복재유고	觀復齋遺稿	김구	金構	1649	1704	淸風	淸風 金
ITKC_MI_0938A	봉곡집	鳳谷集	송주석	宋疇錫	1650	1692	恩津	恩津 宋
ITKC_MI_0939A	수초당집	遂初堂集	권변	權忭	1651	1726	安東	安東 權
ITKC_MI_0940A	육화집	六化集	양거안	梁居安	1652	1731	濟州	濟州 梁
ITKC_MI_0941A	남충장공시고	南忠壯公詩稿	남연년	南延年	1653	1728	宜寧	宜寧 南
ITKC_MI_0942A	검재집	儉齋集	김유	金楺	1653	1719	淸風	淸風 金
ITKC_MI_0943A	기봉집	碁峯集	남정중	南正重	1653	1704	宜寧	宜寧 南
ITKC_MI_0944A	동계집	東溪集	박태순	朴泰淳	1653	1704	潘南	潘南 朴
ITKC_MI_0945A	회은집	晦隱集	남학명	南鶴鳴	1654	1722	宜寧	宜寧 南
ITKC_MI_0946A	통허재집	洞虛齋集	성헌징	成獻徵	1654	1676	昌寧	昌寧 成
ITKC_MI_0947A	오재집	寤齋集	조정만	趙正萬	1656	1739	林川	林川 趙
ITKC_MI_0948A	자유헌집	自濡軒集	이만백	李萬白	1656	1716	驪州	驪州 李
ITKC_MI_0949A	탄촌유고	灘村遺稿	권구	權絿	1658	1730	安東	安東 權
ITKC_MI_0950A	모주집	茅洲集	김시보	金時保	1658	1734	安東	安東 金
ITKC_MI_0951A	추담집	秋潭集	성만징	成晩徵	1659	1711	昌寧	昌寧 成
ITKC_MI_0952A	역옹유고	櫟翁遺稿	이정신	李正臣	1660	1727	延安	延安 李
ITKC_MI_0953A	함계집	涵溪集	정석달	鄭碩達	1660	1720	迎日	迎日 鄭
ITKC_MI_0954A	만은유고	晩隱遺稿	홍주화	洪胄華	1660	1718	南陽	南陽 洪
ITKC_MI_0955A	우암집	寓庵集	남구명	南九明	1661	1719	英陽	英陽 南
ITKC_MI_0956A	눌헌집	訥軒集	서성구	徐聖耇	1663	1735	達城	達城 徐
ITKC_MI_0957A	홍도유고	弘道遺稿	이서	李溆	1662	1723	驪州	驪州 李
ITKC_MI_0958A	창사집	昌舍集	손명래	孫命來	1664	1722	密陽	密陽 孫
ITKC_MI_0959A	후계집	后溪集	조유수	趙裕壽	1663	1741	豐壤	豐壤 趙
ITKC_MI_0960A	박정자유고	朴正字遺稿	박태한	朴泰漢	1664	1697	高靈	高靈 朴
ITKC_MI_0961A	삼수헌고	三秀軒稿	이하조	李賀朝	1664	1700	延安	延安 李
ITKC_MI_0962A	화암집	和菴集	신성하	申聖夏	1665	1736	平山	平山 申
ITKC_MI_0963A	택재유타	澤齋遺唾	김창립	金昌立	1666	1683	安東	安東 金
ITKC_MI_0964A	묵암집	黙庵集	신구	申球	1666	1734	平山	平山 申
ITKC_MI_0965A	유회당집	有懷堂集	권이진	權以鎭	1668	1734	安東	安東 權
ITKC_MI_0966A	고재집	顧齋集	이만	李	1669	1734	載寧	載寧 李
ITKC_MI_0967A	운와집	芸窩集	홍중성	洪重聖	1668	1735	豐山	豐山 洪
ITKC_MI_0968A	용포집	龍浦集	이유	李濰	1669	1742	驪州	驪州 李
ITKC_MI_0969A	사천시초	槎川詩抄	이병연	李秉淵	1671	1751	韓山	韓山 李
ITKC_MI_0970A	포헌집	逋軒集	권덕수	權德秀	1672	1759	安東	安東 權
ITKC_MI_0971A	화은집	和隱集	이시항	李時恒	1672	1736	遂安	遂安 李
ITKC_MI_0972A	모계집	茅溪集	이명배	李命培	1672	1736	載寧	載寧 李
ITKC_MI_0973A	필운고	弼雲稿	김영행	金令行	1673	1745	安東	安東 金
ITKC_MI_0974A	지족당집	知足堂集	권만두	權萬斗	1674	1753	安東	安東 權
ITKC_MI_0975A	우계집	雨溪集	김명석	金命錫	1675	1762	義城	義城 金
ITKC_MI_0976A	기옹집	寄翁集	남한기	南漢紀	1675	1748	宜寧	宜寧 南
ITKC_MI_0977A	순암집	順菴集	이병성	李秉成	1675	1735	韓山	韓山 李
ITKC_MI_0978A	시암집	是庵集	임화세	任華世	1675	1731	豐川	豐川 任
ITKC_MI_0979A	서계집	西溪集	박태무	朴泰茂	1677	1756	泰安	泰安 朴
ITKC_MI_0980A	졸은유고	拙隱遺稿	이한보	李漢輔	1675	1748	全州	全州 李
ITKC_MI_0981A	정암집	正菴集	이현익	李顯益	1678	1717	全州	全州 李
ITKC_MI_0982A	추암집	KC01783菴集	김하구	金夏九	1676	1762	遂安	遂安 金
ITKC_MI_0983A	절곡집	節谷集	김시관	金時觀	1677	1740	安東	安東 金
ITKC_MI_0984A	청대집	淸臺集	권상일	權相一	1679	1759	安東	安東 權
ITKC_MI_0985A	죽헌집	竹軒集	김민택	金民澤	1678	1722	光山	光山 金
ITKC_MI_0986A	퇴암집	退庵集	권중도	權重道	1680	1722	安東	安東 權
ITKC_MI_0987A	몽오재집	夢悟齋集	심상정	沈尙鼎	1680	1721	靑松	靑松 沈
ITKC_MI_0988A	용와집	慵窩集	유승현	柳升鉉	1680	1746	全州	全州 柳
ITKC_MI_0989A	동포집	東圃集	김시민	金時敏	1681	1747	安東	安東 金
ITKC_MI_0990A	응재집	凝齋集	이희지	李喜之	1681	1722	全州	全州 李
ITKC_MI_0991A	학당유고	鶴塘遺稿	조상경	趙尙絅	1681	1746	豐壤	豐壤 趙
ITKC_MI_0992A	송와집	松窩集	안명하	安命夏	1682	1752	廣州	廣州 安
ITKC_MI_0993A	서주집	西州集	조하망	曺夏望	1682	1747	昌寧	昌寧 曺
ITKC_MI_0994A	화재집	華齋集	황익재	黃翼再	1682	1747	長水	長水 黃
ITKC_MI_0995A	박담옹집	朴澹翁集	박창원	朴昌元	1683	1753	密陽	密陽 朴
ITKC_MI_0996A	학고집	鶴臯集	김이만	金履萬	1683	1758	禮安	禮安 金
ITKC_MI_0997A	회와집	悔窩集	안중관	安重觀	1683	1752	順興	順興 安
ITKC_MI_0998A	명암집	明庵集	정식	鄭栻	1683	1746	海州	海州 鄭
ITKC_MI_0999A	청령자유고	淸泠子遺稿	최수철	崔守哲	1683	1712	全州	全州 崔
ITKC_MI_1000A	백남집	白南集	김시빈	金始鑌	1684	1729	咸昌	咸昌 金
ITKC_MI_1001A	퇴어당유고	退漁堂遺稿	김진상	金鎭商	1684	1755	光山	光山 金
ITKC_MI_1002A	봉암집	鳳巖集	한몽린	韓夢麟	1684	1762	淸州	淸州 韓
ITKC_MI_1003A	노은집	老隱集	임적	任適	1685	1728	豐川	豐川 任
ITKC_MI_1004A	둔암집	屯菴集	신방	申昉	1686	1736	平山	平山 申
ITKC_MI_1005A	매산집	梅山集	정중기	鄭重器	1685	1757	迎日	迎日 鄭
ITKC_MI_1006A	관아재고	觀我齋稿	조영석	趙榮祏	1686	1761	咸安	咸安 趙
ITKC_MI_1007A	목곡집	牧谷集	이기진	李箕鎭	1687	1755	德水	德水 李
ITKC_MI_1008A	관수재유고	觀水齋遺稿	홍계영	洪啓英	1687	1705	南陽	南陽 洪
ITKC_MI_1009A	모헌집	慕軒集	강필신	姜必愼	1687	1756	晉州	晉州 姜
ITKC_MI_1010A	화계집	花溪集	유의건	柳宜健	1687	1760	瑞山	瑞山 柳
ITKC_MI_1011A	동계유고	東溪遺稿	이영보	李英輔	1687	1747	延安	延安 李
ITKC_MI_1012A	서재집	西齋集	임징하	任徵夏	1687	1730	豐川	豐川 任
ITKC_MI_1013A	퇴헌유고	退軒遺稿	서종급	徐宗伋	1688	1762	大丘	大丘 徐
ITKC_MI_1014A	황고집	黃臯集	신수이	愼守彝	1688	1768	居昌	居昌 愼
ITKC_MI_1015A	석문집	石門集	윤봉오	尹鳳五	1688	1769	坡平	坡平 尹
ITKC_MI_1016A	국포집	菊圃集	강박	姜樸	1690	1742	晉州	晉州 姜
ITKC_MI_1017A	일암집	一菴集	이기지	李器之	1690	1722	全州	全州 李
ITKC_MI_1018A	이치재집	二恥齋集	신정모	申正模	1691	1742	鵝洲	鵝洲 申
ITKC_MI_1019A	한송재집	寒松齋集	심사주	沈師周	1691	1757	靑松	靑松 沈
ITKC_MI_1020A	두기시집	杜機詩集	최성대	崔成大	1691	1762	全州	全州 崔
ITKC_MI_1021A	지암유고	止庵遺稿	이철보	李喆輔	1691	1770	延安	延安 李
ITKC_MI_1022A	사촌집	沙村集	김치후	金致垕	1691	1742	淸風	淸風 金
ITKC_MI_1023A	명고집	鳴臯集	정간	鄭榦	1692	1757	迎日	迎日 鄭
ITKC_MI_1024A	모산유고	慕山遺稿	권혜	權寭	1693	1747	安東	安東 權
ITKC_MI_1025A	증소집	橧巢集	김신겸	金信謙	1693	1738	安東	安東 金
ITKC_MI_1026A	청벽집	靑壁集	이수연	李守淵	1693	1748	眞寶	眞寶 李
ITKC_MI_1027A	우천집	牛川集	정옥	鄭玉	1694	1760	淸州	淸州 鄭
ITKC_MI_1028A	전긍재집	戰兢齋集	김서일	金瑞一	1694	1780	豐山	豐山 金
ITKC_MI_1029A	정좌와집	靜坐窩集	심조	沈潮	1694	1756	靑松	靑松 沈
ITKC_MI_1030A	우원집	愚園集	임성원	林聲遠	1695		會津	會津 林
ITKC_MI_1031A	만모유고	晩慕遺稿	정기안	鄭基安	1695	1775	溫陽	溫陽 鄭
ITKC_MI_1032A	이안당집	易安堂集	조천경	趙天經	1695	1776	豐壤	豐壤 趙
ITKC_MI_1033A	태화자고	太華子稿	남유상	南有常	1696	1728	宜寧	宜寧 南
ITKC_MI_1034A	겸산집	兼山集	유숙기	兪肅基	1696	1752	杞溪	杞溪 兪
ITKC_MI_1035A	하정집	芐亭集	이덕주	李德胄	1696	1751	全州	全州 李
ITKC_MI_1036A	비수재집	賁需齋集	강규환	姜奎煥	1697	1731	晉州	晉州 姜
ITKC_MI_1037A	한천유고	寒泉遺稿	정민교	鄭敏僑	1697	1731	昌寧	昌寧 鄭
ITKC_MI_1038A	남촌집	南村集	송이석	宋履錫	1698	1782	冶爐	冶爐 宋
ITKC_MI_1039A	창하집	蒼霞集	원경하	元景夏	1698	1761	原州	原州 元
ITKC_MI_1040A	약헌유집	藥軒遺集	서종화	徐宗華	1700	1748	大邱	大邱 徐
ITKC_MI_1041A	이봉집	夷峯集	황후간	黃後榦	1700	1773	昌原	昌原 黃
ITKC_MI_1042A	후암집	厚庵集	권렴	權濂	1701	1781	安東	安東 權
ITKC_MI_1043A	백수집	白水集	양응수	楊應秀	1700	1767	南原	南原 楊
ITKC_MI_1044A	이택재유고	麗澤齋遺稿	권재운	權載運	1701	1778	安東	安東 權
ITKC_MI_1045A	동강유고	桐江遺稿	이석	李	1701	1759	德水	德水 李
ITKC_MI_1046A	송호집	松湖集	유언술	兪彦述	1703	1773	杞溪	杞溪 兪
ITKC_MI_1047A	봉곡계찰방유집	鳳谷桂察訪遺集	계덕해	桂德海	1708	1775	遂安	遂安 桂
ITKC_MI_1048A	활산집	活山集	남용만	南龍萬	1709	1784	英陽	英陽 南
ITKC_MI_1049A	팔우헌집	八友軒集	조보양	趙普陽	1709	1788	漢陽	漢陽 趙
ITKC_MI_1050A	평암집	平庵集	권정침	權正忱	1710	1767	安東	安東 權
ITKC_MI_1051A	창암집	蒼巖集	김상채	金尙彩	1710		安山	安山 金
ITKC_MI_1052A	만옹집	晩翁集	서명서	徐命瑞	1711	1795	大丘	大丘 徐
ITKC_MI_1053A	하지유집	下枝遺集	이상진	李象辰	1710	1772	禮安	禮安 李
ITKC_MI_1054A	누실집	陋室集	이중연	李重延	1711	1794	眞寶	眞寶 李
ITKC_MI_1055A	봉록집	鳳麓集	김이곤	金履坤	1712	1774	安東	安東 金
ITKC_MI_1056A	농수집	農叟集	최천익	崔天翼	1712	1779	興海	興海 崔
ITKC_MI_1057A	표암고	豹菴稿	강세황	姜世晃	1713	1791	晉州	晉州 姜
ITKC_MI_1058A	진명집	震溟集	권헌	權攇	1713	1770	安東	安東 權
ITKC_MI_1059A	용재집	庸齋集	김근행	金謹行	1713	1784	安東	安東 金
ITKC_MI_1060A	이호유고	梨湖遺稿	김시탁	金時鐸	1713	1751	德水	德水 金
ITKC_MI_1061A	이계집	尼溪集	박내오	朴來吾	1713	1785	密陽	密陽 朴
ITKC_MI_1062A	단릉유고	丹陵遺稿	이윤영	李胤永	1714	1759	韓山	韓山 李
ITKC_MI_1063A	유심재집	有心齋集	이화보	李和甫	1714	1781	全州	全州 李
ITKC_MI_1064A	쌍백당유고	雙柏堂遺稿	임광택	林光澤	1714	1799	寶城	寶城 林
ITKC_MI_1065A	위암집	韋庵集	이최중	李最中	1715	1784	全州	全州 李
ITKC_MI_1066A	밀암집	密菴集	김지행	金砥行	1716	1774	安東	安東 金
ITKC_MI_1067A	나와집	懶窩集	기언정	奇彦鼎	1716	1797	幸州	幸州 奇
ITKC_MI_1068A	경현재집	警弦齋集	강세진	姜世晉	1717	1786	晉州	晉州 姜
ITKC_MI_1069A	해악집	海嶽集	이명환	李明煥	1718	1764	全州	全州 李
ITKC_MI_1070A	성당집	性堂集	정혁신	鄭赫臣	1719	1793	慶州	慶州 鄭
ITKC_MI_1071A	반포유고	伴圃遺稿	김광익	金光翼	1721	1772	金海	金海 金
ITKC_MI_1072A	윤지당유고	允摯堂遺稿	임윤지당	任允摯堂	1721	1793	豐川	豐川 任
ITKC_MI_1073A	추담집	秋潭集	고유	高裕	1722	1779	開城	開城 高
ITKC_MI_1074A	석당유고	石堂遺稿	김상정	金相定	1722	1788	光山	光山 金
ITKC_MI_1075A	후산집	后山集	이종수	李宗洙	1722	1797	眞寶	眞寶 李
ITKC_MI_1076A	운계만고	雲溪漫稿	김종정	金鍾正	1722	1787	淸風	淸風 金
ITKC_MI_1077A	약재집	約齋集	권병	權炳	1723	1772	安東	安東 權
ITKC_MI_1078A	천사집	川沙集	김종덕	金宗德	1724	1797	安東	安東 金
ITKC_MI_1079A	태을암집	太乙菴集	신국빈	申國賓	1724	1799	平山	平山 申
ITKC_MI_1080A	동암집	東巖集	유장원	柳長源	1724	1796	全州	全州 柳
ITKC_MI_1081A	운재유고	雲齋遺稿	이중경	李重慶	1724	1754	眞寶	眞寶 李
ITKC_MI_1082A	제헌집	霽軒集	심정진	沈定鎭	1725	1786	靑松	靑松 沈
ITKC_MI_1083A	노우집	魯宇集	정충필	鄭忠弼	1725	1789	迎日	迎日 鄭
ITKC_MI_1084A	퇴헌집	退軒集	조영순	趙榮順	1725	1775	楊州	楊州 趙
ITKC_MI_1085A	오산집	梧山集	서창재	徐昌載	1726	1781	達城	達城 徐
ITKC_MI_1086A	소암집	素巖集	김진동	金鎭東	1727	1800	義城	義城 金
ITKC_MI_1087A	여와집	餘窩集	목만중	睦萬中	1727	1810	泗川	泗川 睦
ITKC_MI_1088A	운호집	雲湖集	임정주	任靖周	1727	1796	豐川	豐川 任
ITKC_MI_1089A	동계유고	東溪遺稿	최윤창	崔潤昌	1727		忠州	忠州 崔
ITKC_MI_1090A	우고집	雨皐集	김도행	金道行	1728	1812	義城	義城 金
ITKC_MI_1091A	최와집	最窩集	김규오	金奎五	1729	1791	咸昌	咸昌 金
ITKC_MI_1092A	두암집	斗庵集	김약련	金若鍊	1730	1802	禮安	禮安 金
ITKC_MI_1093A	소미산방장	少眉山房藏	이삼환	李森煥	1729	1813	驪州	驪州 李
ITKC_MI_1094A	만곡집	晩谷集	조술도	趙述道	1729	1803	漢陽	漢陽 趙
ITKC_MI_1095A	임여재집	臨汝齋集	유규	柳	1730	1808	豐山	豐山 柳
ITKC_MI_1096A	묵산집	默山集	남기만	南基萬	1730	1796	英陽	英陽 南
ITKC_MI_1097A	오룡재유고	五龍齋遺稿	남명학	南溟學	1731	1798	宜寧	宜寧 南
ITKC_MI_1098A	회병집	晦屛集	신체인	申體仁	1731	1812	鵝洲	鵝洲 申
ITKC_MI_1099A	나산집	蘿山集	조유선	趙有善	1731	1809	稷山	稷山 趙
ITKC_MI_1100A	이재집	頤齋集	이의숙	李義肅	1733	1805	全州	全州 李
ITKC_MI_1101A	동야집	東埜集	김양근	金養根	1734	1799	安東	安東 金
ITKC_MI_1102A	국헌집	菊軒集	소시만	蘇始萬	1734	1765	晉州	晉州 蘇
ITKC_MI_1103A	만취정유고	晩翠亭遺稿	박영석	朴永錫	1735	1801	全州	全州 朴
ITKC_MI_1104A	탁계집	濯溪集	김상진	金相進	1736	1811	金陵	金陵 金
ITKC_MI_1105A	검암산인시집	儉巖山人詩集	범경문	范慶文	1738	1801	錦城	錦城 范
ITKC_MI_1106A	덕봉집	德峯集	이진택	李鎭宅	1738	1805	慶州	慶州 李
ITKC_MI_1107A	구와집	龜窩集	김굉	金㙆	1739	1816	義城	義城 金
ITKC_MI_1108A	두와집	蠹窩集	최흥벽	崔興璧	1739	1812	慶州	慶州 崔
ITKC_MI_1109A	구암집	懼庵集	이수인	李樹仁	1739	1822	淸安	淸安 李
ITKC_MI_1110A	면암집	俛庵集	이우	李㙖	1739	1810	韓山	韓山 李
ITKC_MI_1111A	가정유고	柯汀遺稿	조진관	趙鎭寬	1739	1808	豐壤	豐壤 趙
ITKC_MI_1112A	치서집	菑墅集	한경의	韓敬儀	1739	1821	淸州	淸州 韓
ITKC_MI_1113A	학림집	鶴林集	권방	權訪	1740	1808	安東	安東 權
ITKC_MI_1114A	지애집	芝厓集	정위	鄭煒	1740	1811	淸州	淸州 鄭
ITKC_MI_1115A	전암집	典庵集	강정환	姜鼎煥	1741	1816	晉州	晉州 姜
ITKC_MI_1116A	가암유고	可庵遺稿	김귀주	金龜柱	1740	1786	慶州	慶州 金
ITKC_MI_1117A	안와유고	安窩遺稿	홍낙인	洪樂仁	1729	1777	豐山	豐山 洪
ITKC_MI_1118A	제암집	濟庵集	김종섭	金宗燮	1743	1791	安東	安東 金
ITKC_MI_1119A	우원집	尤園集	이정국	李楨國	1743	1807	禮安	禮安 李
ITKC_MI_1120A	손재집	損齋集	남한조	南漢朝	1744	1809	宜寧	宜寧 南
ITKC_MI_1121A	호곡집	壺谷集	유범휴	柳範休	1744	1823	全州	全州 柳
ITKC_MI_1122A	사헌집	思軒集	정내성	鄭來成	1744	1835	淸州	淸州 鄭
ITKC_MI_1123A	태호집	太湖集	홍원섭	洪元燮	1744	1807	南陽	南陽 洪
ITKC_MI_1124A	정와집	貞窩集	황용한	黃龍漢	1744	1818	昌原	昌原 黃
ITKC_MI_1125A	구암집	龜巖集	이원배	李元培	1745	1802	公州	公州 李
ITKC_MI_1126A	화천집	華泉集	이채	李采	1745	1820	牛峯	牛峯 李
ITKC_MI_1127A	치암집	癡庵集	남경희	南景羲	1748	1812	英陽	英陽 南
ITKC_MI_1128A	박옹시초	泊翁詩鈔	이명오	李明五	1750	1836	全州	全州 李
ITKC_MI_1129A	열암집	悅菴集	하시찬	夏時贊	1750	1828	達城	達城 夏
ITKC_MI_1130A	화산집	華山集	정규한	鄭奎漢	1751	1824	長鬐	長鬐 鄭
ITKC_MI_1131A	광뢰집	廣瀨集	이야순	李野淳	1755	1831	眞城	眞城 李
ITKC_MI_1132A	눌암집	訥菴集	박지서	朴旨瑞	1754	1819	泰安	泰安 朴
ITKC_MI_1133A	궁오집	窮悟集	임천상	任天常	1754	1822	豐川	豐川 任
ITKC_MI_1134A	근와집	近窩集	유식	柳栻	1755	1822	晉州	晉州 柳
ITKC_MI_1135A	족수당집	足睡堂集	홍인모	洪仁謨	1755	1812	豐山	豐山 洪
ITKC_MI_1136A	일엄유고	一广遺稿	김상일	金相日	1756	1822	光山	光山 金
ITKC_MI_1137A	산목헌집	山木軒集	김희순	金羲淳	1757	1821	安東	安東 金
ITKC_MI_1138A	신야집	新野集	이인행	李仁行	1758	1833	眞城	眞城 李
ITKC_MI_1139A	현와집	弦窩集	윤동야	尹東野	1757	1827	坡平	坡平 尹
ITKC_MI_1140A	학포헌집	學圃軒集	서경창	徐慶昌	1758		全州	全州 徐
ITKC_MI_1141A	괴담유고	槐潭遺稿	배상열	裵相說	1759	1789	興海	興海 裵
ITKC_MI_1142A	갈천집	葛川集	김희주	金熙周	1760	1830	義城	義城 金
ITKC_MI_1143A	성재집	誠齋集	남한호	南漢皜	1760	1821	宜寧	宜寧 南
ITKC_MI_1144A	도계유고	陶溪遺稿	윤홍규	尹弘圭	1760	1826	坡平	坡平 尹
ITKC_MI_1145A	좌소산인집	左蘇山人集	서유본	徐有本	1762	1822	大邱	大邱 徐
ITKC_MI_1146A	강고집	江皐集	유심춘	柳尋春	1762	1834	豐山	豐山 柳
ITKC_MI_1147A	수재유고	壽齋遺稿	이곤수	李崑秀	1762	1787	延安	延安 李
ITKC_MI_1148A	질암집	質菴集	최벽	崔璧	1762	1813	慶州	慶州 崔
ITKC_MI_1149A	학서집	鶴棲集	유태좌	柳台佐	1763	1837	豐山	豐山 柳
ITKC_MI_1150A	일포집	逸圃集	박시원	朴時源	1764	1842	潘南	潘南 朴
ITKC_MI_1151A	해은유고	海隱遺稿	강필효	姜必孝	1764	1848	晉州	晉州 姜
ITKC_MI_1152A	수와집	守窩集	백경해	白慶楷	1765	1842	水原	水原 白
ITKC_MI_1153A	돈암집	敦巖集	박종경	朴宗慶	1765	1817	潘南	潘南 朴
ITKC_MI_1154A	눌와집	訥窩集	이약열	李若烈	1765	1836	星州	星州 李
ITKC_MI_1155A	냉천유고	冷泉遺稿	박종여	朴宗輿	1766	1815	潘南	潘南 朴
ITKC_MI_1156A	백하집	白下集	황반로	黃磻老	1766	1840	長水	長水 黃
ITKC_MI_1157A	송월만록	松月漫錄	임득명	林得明	1767	1822	會津	會津 林
ITKC_MI_1158A	삼명시집	三溟詩集	강준흠	姜浚欽	1768	1833	晉州	晉州 姜
ITKC_MI_1159A	대야집	大埜集	유건휴	柳健休	1768	1834	全州	全州 柳
ITKC_MI_1160A	수계집	修溪集	이승배	李升培	1768	1834	興陽	興陽 李
ITKC_MI_1161A	운곡집	雲谷集	이희발	李羲發	1768	1850	永川	永川 李
ITKC_MI_1162A	중암고	重菴稿	강이천	姜彝天	1769	1801	晉州	晉州 姜
ITKC_MI_1163A	정일당유고	靜一堂遺稿	강지덕	姜至德	1772	1832	晉州	晉州 姜
ITKC_MI_1164A	난국재집	蘭菊齋集	이예환	李禮煥	1772	1837	慶州	慶州 李
ITKC_MI_1165A	문산집	文山集	이재의	李載毅	1772	1839	全州	全州 李
ITKC_MI_1166A	호고와집	好古窩集	유휘문	柳徽文	1773	1832	全州	全州 柳
ITKC_MI_1167A	관암전서	冠巖全書	홍경모	洪敬謨	1774	1851	豐山	豐山 洪
ITKC_MI_1168A	송서집	松西集	강운	姜橒	1773	1834	晉州	晉州 姜
ITKC_MI_1169A	초암전집	初庵全集	김헌기	金憲基	1774	1842	熊川	熊川 金
ITKC_MI_1170A	소암집	所菴集	이병원	李秉遠	1774	1840	韓山	韓山 李
ITKC_MI_1171A	제암집	制庵集	정상리	鄭象履	1774	1848	晉州	晉州 鄭
ITKC_MI_1172A	몽관시고	夢觀詩稿	이정주	李廷柱	1778	1853	牛峯	牛峯 李
ITKC_MI_1173A	활수옹유고	活水翁遺稿	윤대순	尹大淳	1779	1865	坡平	坡平 尹
ITKC_MI_1174A	경암집	敬菴集	이한응	李漢膺	1778	1864	眞寶	眞寶 李
ITKC_MI_1175A	중산재집	重山齋集	이지수	李趾秀	1779	1842	延安	延安 李
ITKC_MI_1176A	외와집	畏窩集	최림	崔琳	1779	1841	慶州	慶州 崔
ITKC_MI_1177A	둔오집	屯塢集	임종칠	林宗七	1781	1859	全州	全州 林
ITKC_MI_1178A	신와집	愼窩集	정재경	鄭在褧	1781	1858	迎日	迎日 鄭
ITKC_MI_1179A	수정재집	壽靜齋集	유정문	柳鼎文	1782	1839	全州	全州 柳
ITKC_MI_1180A	서소집	書巢集	김종휴	金宗烋	1783	1866	豐山	豐山 金
ITKC_MI_1181A	정수재유고	靜修齋遺稿	김응하	金應夏	1783	1830	淸道	淸道 金
ITKC_MI_1182A	동리집	東里集	이오수	李五秀	1783	1853	固城	固城 李
ITKC_MI_1183A	봉촌집	鳳村集	최상룡	崔象龍	1786	1849	慶州	慶州 崔
ITKC_MI_1184A	보산집	甫山集	유영하	柳榮河	1787	1868	高興	高興 柳
ITKC_MI_1185A	지헌집	止軒集	최효술	崔孝述	1786	1870	慶州	慶州 崔
ITKC_MI_1186A	만희집	晩羲集	양진영	梁進永	1788	1860	濟州	濟州 梁
ITKC_MI_1187A	고계집	古溪集	이휘령	李彙寧	1788	1861	眞寶	眞寶 李
ITKC_MI_1188A	온유재집	溫裕齋集	윤종섭	尹鍾燮	1791	1870	坡平	坡平 尹
ITKC_MI_1189A	순재고	純齋稿	순조	純祖	1790	1834	全州	全州 純
ITKC_MI_1190A	직재집	直齋集	김익동	金翊東	1793	1860	淸道	淸道 金
ITKC_MI_1191A	영은집	瀛隱集	남공수	南公壽	1793	1875	英陽	英陽 南
ITKC_MI_1192A	지락와유고	至樂窩遺稿	이주면	李周冕	1796	1875	全州	全州 李
ITKC_MI_1193A	응와집	凝窩集	이원조	李源祚	1792	1871	星山	星山 李
ITKC_MI_1194A	향은집	薌隱集	이장찬	李章贊	1794	1860	韓山	韓山 李
ITKC_MI_1195A	덕은유고	德隱遺稿	박운수	朴雲壽	1797	1841	潘南	潘南 朴
ITKC_MI_1196A	농려집	農廬集	강헌규	姜獻奎	1797	1860	晉州	晉州 姜
ITKC_MI_1197A	정헌집	定軒集	이종상	李鍾祥	1799	1870	驪州	驪州 李
ITKC_MI_1198A	진암집	進菴集	정교	鄭墧	1799	1879	淸州	淸州 鄭
ITKC_MI_1199A	용이와집	龍耳窩集	권뢰	權𡋃	1800	1873	安東	安東 權
ITKC_MI_1200A	정와집	訂窩集	김대진	金岱鎭	1800	1871	義城	義城 金
ITKC_MI_1201A	동림집	東林集	유치호	柳致皜	1800	1862	全州	全州 柳
ITKC_MI_1202A	유계집	柳溪集	강명규	姜命奎	1801	1867	晉州	晉州 姜
ITKC_MI_1203A	입헌집	立軒集	한운성	韓運聖	1802	1863	淸州	淸州 韓
ITKC_MI_1204A	옥수집	玉垂集	조면호	趙冕鎬	1803	1887	林川	林川 趙
ITKC_MI_1205A	소정고	卲亭稿	김영작	金永爵	1802	1868	慶州	慶州 金
ITKC_MI_1206A	회정집	晦亭集	민재남	閔在南	1802	1873	驪興	驪興 閔
ITKC_MI_1207A	구애집	龜厓集	조극승	曺克承	1803	1877	昌寧	昌寧 曺
ITKC_MI_1208A	내헌집	耐軒集	이재영	李在永	1804	1892	驪州	驪州 李
ITKC_MI_1209A	해장집	海藏集	신석우	申錫愚	1805	1865	平山	平山 申
ITKC_MI_1210A	교정시집	皎亭詩集	현일	玄鎰	1807	1888	延州	延州 玄
ITKC_MI_1211A	천재집	泉齋集	신필흠	申弼欽	1806	1866	平山	平山 申
ITKC_MI_1212A	침우당집	枕雨堂集	장지완	張之琬	1806		仁同	仁同 張
ITKC_MI_1213A	대산집	對山集	강진	姜溍	1807	1858	晉州	晉州 姜
ITKC_MI_1214A	시암집	時庵集	남고	南皐	1807	1879	英陽	英陽 南
ITKC_MI_1215A	석세유고	石世遺稿	김정집	金鼎集	1808	1859	慶州	慶州 金
ITKC_MI_1216A	사애집	沙厓集	민주현	閔冑顯	1808	1882	驪興	驪興 閔
ITKC_MI_1217A	운창집	芸窓集	박성양	朴性陽	1809	1890	潘南	潘南 朴
ITKC_MI_1218A	경헌집	敬軒集	효명세자	孝明世子	1809	1830	全州	全州 孝
ITKC_MI_1219A	녹리집	甪里集	고성겸	高聖謙	1810	1886	開城	開城 高
ITKC_MI_1220A	이재집	頤齋集	권연하	權璉夏	1813	1896	安東	安東 權
ITKC_MI_1221A	운강집	雲岡集	박시묵	朴時默	1814	1875	密陽	密陽 朴
ITKC_MI_1222A	인산집	仁山集	소휘면	蘇輝冕	1814	1889	晉州	晉州 蘇
ITKC_MI_1223A	석산유고	石山遺稿	이승보	李承輔	1814	1880	全州	全州 李
ITKC_MI_1224A	하거집	荷居集	양헌수	梁憲洙	1816	1888	南原	南原 梁
ITKC_MI_1225A	신암집	愼庵集	이만각	李晩慤	1815	1874	眞城	眞城 李
ITKC_MI_1226A	역암집	櫟菴集	강진규	姜晉奎	1817	1891	晉州	晉州 姜
ITKC_MI_1227A	백후집	柏後集	김기수	金基洙	1818	1873	商山	商山 金
ITKC_MI_1228A	만향재시초	晩香齋詩鈔	남상길	南相吉	1820	1869	宜寧	宜寧 南
ITKC_MI_1229A	입재집	立齋集	송근수	宋近洙	1818	1902	恩津	恩津 宋
ITKC_MI_1230A	유헌집	遊軒集	장석룡	張錫龍	1823	1908	仁同	仁同 張
ITKC_MI_1231A	어당집	峿堂集	이상수	李象秀	1820	1882	全州	全州 李
ITKC_MI_1232A	근암집	近庵集	유치덕	柳致德	1823	1881	全州	全州 柳
ITKC_MI_1233A	죽포집	竹圃集	박기종	朴淇鍾	1824	1898	務安	務安 朴
ITKC_MI_1234A	운암집	雲菴集	박문일	朴文一	1822	1894	密陽	密陽 朴
ITKC_MI_1235A	만성집	晩醒集	박치복	朴致馥	1824	1894	密陽	密陽 朴
ITKC_MI_1236A	혼재집	渾齋集	안교익	安敎翼	1824	1896	順興	順興 安
ITKC_MI_1237A	월고집	月皐集	조성가	趙性家	1824	1904	咸安	咸安 趙
ITKC_MI_1238A	소송유고	小松遺稿	이지용	李志容	1825	1891	星州	星州 李
ITKC_MI_1239A	척암집	拓菴集	김도화	金道和	1825	1912	義城	義城 金
ITKC_MI_1240A	임재집	臨齋集	서찬규	徐贊奎	1825	1905	達城	達城 徐
ITKC_MI_1241A	극재집	克齋集	노필연	盧佖淵	1827	1885	光州	光州 盧
ITKC_MI_1242A	동호유고	東湖遺稿	윤자학	尹滋學	1830	1893	坡平	坡平 尹
ITKC_MI_1243A	경재집	景齋集	우성규	禹成圭	1830	1905	丹陽	丹陽 禹
ITKC_MI_1244A	조암집	照菴集	정해필	鄭海弼	1831	1887	迎日	迎日 鄭
ITKC_MI_1245A	성암집	誠菴集	박문오	朴文五	1835	1899	密陽	密陽 朴
ITKC_MI_1246A	대계유고	大溪遺稿	황재영	黃在英	1835	1885	昌原	昌原 黃
ITKC_MI_1247A	총쇄	叢瑣	오횡묵	吳宖默	1834	1906	海州	海州 吳
ITKC_MI_1248A	효산집	曉山集	이수형	李壽瀅	1837	1908	載寧	載寧 李
ITKC_MI_1249A	진계집	進溪集	박재형	朴在馨	1838	1900	密陽	密陽 朴
ITKC_MI_1250A	심석재집	心石齋集	송병순	宋秉珣	1839	1912	恩津	恩津 宋
ITKC_MI_1251A	석간집	石澗集	서효원	徐孝源	1839	1897	達城	達城 徐
ITKC_MI_1252A	향산집	響山集	이만도	李晩燾	1842	1910	眞城	眞城 李
ITKC_MI_1253A	노백헌집	老柏軒集	정재규	鄭載圭	1843	1911	草溪	草溪 鄭
ITKC_MI_1254A	사복재집	思復齋集	송진봉	宋鎭鳳	1840	1898	礪山	礪山 宋
ITKC_MI_1255A	농산집	農山集	신득구	申得求	1850	1900	高靈	高靈 申
ITKC_MI_1256A	대계집	大溪集	이승희	李承熙	1847	1916	星山	星山 李
ITKC_MI_1257A	회당집	晦堂集	장석영	張錫英	1851	1926	仁同	仁同 張
ITKC_MI_1258A	석릉집	石菱集	김창희	金昌熙	1844	1890	慶州	慶州 金
ITKC_MI_1259A	소눌집	小訥集	노상직	盧相稷	1855	1931	光州	光州 盧
