id	title	name	birthyear	deathyear	choronym
ITKC_MI_0001A	계원필경집(桂苑筆耕集)	최치원(崔致遠)	857년(통일신라 헌안왕 1)	미상	경주(慶州)
ITKC_MI_0002A	고운집(孤雲集)	최치원(崔致遠)	857년(통일신라 헌안왕 1)	미상	경주(慶州)
ITKC_MI_0003A	서하집(西河集)	임춘(林椿)	미상	미상	예천(醴泉)
ITKC_MI_0004A	동국이상국집(東國李相國集)	이규보(李奎報)	1168년(고려 의종 22)	1241년(고려 고종 28)	여주(驪州)
ITKC_MI_0005A	매호유고(梅湖遺稿)	진화(陳澕)	미상	미상	여양(驪陽)
ITKC_MI_0006A	남양시집(南陽詩集)	백비화(白賁華)	1180년(명종 10)	1224년(고종 11)	남포(藍浦)
ITKC_MI_0007A	지포집(止浦集)	김구(金坵)	1211년(고려 희종 7)	1278년(충렬왕 4)	부령(扶寧)
ITKC_MI_0008A	동안거사집(動安居士集)	이승휴(李承休)	1224년(고려 고종 11)	1300년(충렬왕 26)	가리(嘉利)
ITKC_MI_0009A	홍애유고(洪崖遺槀)	홍간(洪侃)	미상	1304년(고려 충렬왕 30)	풍산(豐山)
ITKC_MI_0010A	근재집(謹齋集)	안축(安軸)	1282년(고려 충렬왕 8)	1348년(충목왕 4)	순흥(順興)
ITKC_MI_0011A	익재난고(益齋亂藁)	이제현(李齊賢)	1287년(고려 충렬왕 13)	1367년(공민왕 16)	경주(慶州)
ITKC_MI_0012A	졸고천백(拙藁千百)	최해(崔瀣)	1287년(고려 충렬왕 13)	1340년(충혜왕 복위 1)	경주(慶州)
ITKC_MI_0013A	급암시집(及菴詩集)	민사평(閔思平)	1295년(고려 충렬왕 21)	1359년(공민왕 8)	여흥(驪興)
ITKC_MI_0014A	가정집(稼亭集)	이곡(李穀)	1298년(고려 충렬왕 24)	1351년(충정왕 3)	한산(韓山)
ITKC_MI_0015A	설곡집(雪谷集)	정포(鄭誧)	1309년(고려 충선왕 1)	1345년(충목왕 1)	청주(淸州)
ITKC_MI_0016A	제정집(霽亭集)	이달충(李達衷)	1309년(고려 충선왕 1)	1385년(우왕 11)	경주(慶州)
ITKC_MI_0017A	담암일집(淡庵逸集)	백문보(白文寶)	1303년(고려 충렬왕 29)	1374년(공민왕 23)	직산(稷山)
ITKC_MI_0018A	둔촌잡영(遁村雜詠)	이집(李集)	1327년(고려 충숙왕 14)	1387년(우왕 13)	광주(廣州)
ITKC_MI_0019A	야은일고(壄隱逸稿)	전녹생(田祿生)	1318년(고려 충숙왕 5)	1375년(우왕 1)	담양(潭陽)
ITKC_MI_0020A	목은고(牧隱藁)	이색(李穡)	1328년(고려 충숙왕 15)	1396년(태조 5)	한산(韓山)
ITKC_MI_0021A	원재고(圓齋槀)	정추(鄭樞)	1333년(고려 충숙왕 복위 2)	1382년(우왕 8)	청주(淸州)
ITKC_MI_0022A	송은집(松隱集)	박익(朴翊)	1332년(고려 충숙왕 복위 1)	1398년(태조 7)	밀양(密陽)
ITKC_MI_0023A	유항시집(柳巷詩集)	한수(韓脩)	1333년(고려 충숙왕 복위 2)	1384년(우왕 10)	청주(淸州)
ITKC_MI_0024A	삼봉집(三峯集)	정도전(鄭道傳)	1342년(고려 충혜왕 복위 3)	1398년(조선 태조 7)	봉화(奉化)
ITKC_MI_0025A	포은집(圃隱集)	정몽주(鄭夢周)	1337년(고려 충숙왕 복위 6)	1392년(공양왕 4)	영일(迎日)
ITKC_MI_0026A	척약재학음집(惕若齋學吟集)	김구용(金九容)	1338년(고려 충숙왕 복위 7)	1384년(우왕 10)	안동(安東)
ITKC_MI_0027A	독곡집(獨谷集)	성석린(成石璘)	1338년(고려 충숙왕 복위 7)	1423년(조선 세종 5)	창녕(昌寧)
ITKC_MI_0028A	운곡행록(耘谷行錄)	원천석(元天錫)	1330년(고려 충숙왕 17)	미상	원주(原州)
ITKC_MI_0029A	경렴정집(景濂亭集)	탁광무(卓光茂)	1330년(고려 충숙왕 17)	1410년(조선 태종 10)	광주(光州)
ITKC_MI_0030A	석탄집(石灘集)	이존오(李存吾)	1341년(고려 충혜왕 복위 2)	1371년(공민왕 20)	경주(慶州)
ITKC_MI_0031A	쌍매당협장집(雙梅堂篋藏集)	이첨(李詹)	1345년(고려 충목왕 1)	1405년(조선 태종 5)	신평(新平)
ITKC_MI_0032A	송당집(松堂集)	조준(趙浚)	1346년(고려 충목왕 2)	1405년(조선 태종 5)	평양(平壤)
ITKC_MI_0033A	호정집(浩亭集)	하륜(河崙)	1347년(고려 충목왕 3)	1416년(조선 태종 16)	진주(晉州)
ITKC_MI_0034A	도은집(陶隱集)	이숭인(李崇仁)	1347년(고려 충목왕 3)	1392년(공양왕 4)	성주(星州)(경산(京山))
ITKC_MI_0035A	구정유고(龜亭遺藁)	남재(南在)	1351년(고려 충정왕 3)	1419년(조선 세종 1)	의령(宜寧)
ITKC_MI_0036A	양촌집(陽村集)	권근(權近)	1352년(고려 공민왕 1)	1409년(조선 태종 9)	안동(安東)
ITKC_MI_0037A	기우집(騎牛集)	이행(李行)	1352년(고려 공민왕 1)	1432년(조선 세종 14)	여흥(驪興)
ITKC_MI_0038A	야은집(冶隱集)	길재(吉再)	1353년(고려 공민왕 2)	1419년(조선 세종 1)	해평(海平)
ITKC_MI_0039A	복재집(復齋集)	정총(鄭摠)	1358년(고려 공민왕 7)	1397년(조선 태조 6)	청주(淸州)
ITKC_MI_0040A	인재유고(麟齋遺稿)	이종학(李種學)	1361년(고려 공민왕 10)	1392년(조선 태조 1)	한산(韓山)
ITKC_MI_0041A	형재시집(亨齋詩集)	이직(李稷)	1362년(고려 공민왕 11)	1431년(조선 세종 13)	성주(星州)
ITKC_MI_0042A	용헌집(容軒集)	이원(李原)	1368년(고려 공민왕 17)	1429년(조선 세종 11)	고성(固城) 철성(鐵城)
ITKC_MI_0043A	춘정집(春亭集)	변계량(卞季良)	1369년(고려 공민왕 18)	1430년(조선 세종 12)	밀양(密陽)
ITKC_MI_0044A	별동집(別洞集)	윤상(尹祥)	1373년(고려 공민왕 22)	1455년(조선 단종 3)	예천(醴泉)
ITKC_MI_0045A	국당유고(菊堂遺稿)	박흥생(朴興生)	1374년(고려 공민왕 23)	1446년(조선 세종 28)	밀양(密陽)
ITKC_MI_0046A	인재집(寅齋集)	신개(申槩)	1374년(고려 공민왕 23)	1446년(조선 세종 28)	평산(平山)
ITKC_MI_0047A	경재집(敬齋集)	하연(河演)	1376년(고려 우왕 2)	1453년(조선 단종 1)	진주(晉州)
ITKC_MI_0048A	정재일고(貞齋逸稿)	박의중(朴宜中)	1337년(고려 충숙왕 복위 6)	1403년(조선 태종 3)	밀양(密陽)
ITKC_MI_0049A	단계유고(丹溪遺稿)	하위지(河緯地)	1412년(태종 12)	1456년(세조 2)	진주(晉州) 단성(丹城)
ITKC_MI_0050A	태재집(泰齋集)	유방선(柳方善)	1388년(고려 우왕 14)	1443년(조선 세종 25)	서산(瑞山)
ITKC_MI_0051A	불우헌집(不憂軒集)	정극인(丁克仁)	1401년(태종 1)	1481년(성종 12)	영광(靈光)
ITKC_MI_0052A	경재유고(敬齋遺稿)	남수문(南秀文)	1408년(태종 8)	1442년(세종 24)	고성(固城)
ITKC_MI_0053A	식우집(拭疣集)	김수온(金守溫)	1409년(태종 9)	1481년(성종 12)	영동(永同)
ITKC_MI_0054A	태허정집(太虛亭集)	최항(崔恒)	1409년(태종 9)	1474년(성종 5)	삭녕(朔寧)
ITKC_MI_0055A	관란유고(觀瀾遺稿)	원호(元昊)	미상	미상	원주(原州)
ITKC_MI_0056A	눌재집(訥齋集)	양성지(梁誠之)	1415년(태종 15)	1482년(성종 13)	남원(南原)
ITKC_MI_0057A	저헌집(樗軒集)	이석형(李石亨)	1415년(태종 15)	1477년(성종 8)	연안(延安)
ITKC_MI_0058A	박선생유고(朴先生遺稿)	박팽년(朴彭年)	1417년(태종 17)	1456년(세조 2)	순천(順天)
ITKC_MI_0059A	보한재집(保閑齋集)	신숙주(申叔舟)	1417년(태종 17)	1475년(성종 6)	고령(高靈)
ITKC_MI_0060A	성근보집(成謹甫集)	성삼문(成三問)	1418년(태종 18)	1456년(세조 2)	창녕(昌寧)
ITKC_MI_0061A	사가집(四佳集)	서거정(徐居正)	1420년(세종 2)	1488년(성종 19)	달성(達城)
ITKC_MI_0062A	어계집(漁溪集)	조려(趙旅)	1420년(세종 2)	1489년(성종 20)	함안(咸安)
ITKC_MI_0063A	삼탄집(三灘集)	이승소(李承召)	1422년(세종 4)	1484년(성종 15)	양성(陽城)
ITKC_MI_0064A	사숙재집(私淑齋集)	강희맹(姜希孟)	1424년(세종 6)	1483년(성종 14)	진주(晉州)
ITKC_MI_0065A	진일유고(眞逸遺藁)	성간(成侃)	1427년(세종 9)	1456년(세조 2)	창녕(昌寧)
ITKC_MI_0066A	점필재집(佔畢齋集)	김종직(金宗直)	1431년(세종 13)	1492년(성종 23)	선산(善山)
ITKC_MI_0067A	소총유고(篠䕺遺稿)	홍유손(洪裕孫)	1452년(문종 2)	1529년(중종 24)	남양(南陽)
ITKC_MI_0068A	소요재집(逍遙齋集)	최숙정(崔淑精)	1432년(세종 14)	1480년(성종 11)	양천(陽川)
ITKC_MI_0069A	매월당집(梅月堂集)	김시습(金時習)	1435년(세종 17)	1493년(성종 24)	강릉(江陵)
ITKC_MI_0070A	청파집(靑坡集)	이륙(李陸)	1438년(세종 20)	1498년(연산군 4)	고성(固城)
ITKC_MI_0071A	허백정집(虛白亭集)	홍귀달(洪貴達)	1438년(세종 20)	1504년(연산군 10)	부계(缶溪)
ITKC_MI_0072A	허백당집(虛白堂集)	성현(成俔)	1439년(세종 21)	1504년(연산군 10)	창녕(昌寧)
ITKC_MI_0073A	대봉집(大峯集)	양희지(楊熙止)	1439년(세종 21)	1504년(연산군 10)	중화(中和)
ITKC_MI_0074A	격재집(格齋集)	손조서(孫肇瑞)	미상	미상	일직(一直)
ITKC_MI_0075A	뇌계집(㵢谿集)	유호인(兪好仁)	1445년(세종 27)	1494년(성종 25)	고령(高靈)
ITKC_MI_0076A	안락당집(顔樂堂集)	김흔(金訢)	1448년(세종 30)	1492년(성종 23)	연안(延安)
ITKC_MI_0077A	연헌잡고(蓮軒雜稿)	이의무(李宜茂)	1449년(세종 31)	1507년(중종 2)	덕수(德水)
ITKC_MI_0078A	나재집(懶齋集)	채수(蔡壽)	1449년(세종 31)	1515년(중종 10)	인천(仁川)
ITKC_MI_0079A	남계집(藍溪集)	표연말(表沿沫)	1449년(세종 31)	1498년(연산군 4)	신창(新昌)
ITKC_MI_0080A	일두집(一蠧集)	정여창(鄭汝昌)	1450년(세종 32)	1504년(연산군 10)	하동(河東)
ITKC_MI_0081A	추강집(秋江集)	남효온(南孝溫)	1454년(단종 2)	1492년(성종 23)	의령(宜寧)
ITKC_MI_0082A	월헌집(月軒集)	정수강(丁壽崗)	1454년(단종 2)	1527년(중종 22)	압해(押海)
ITKC_MI_0083A	매계집(梅溪集)	조위(曺偉)	1454년(단종 2)	1503년(연산군 9)	창녕(昌寧)
ITKC_MI_0084A	금남집(錦南集)	최부(崔溥)	1454년(단종 2)	1504년(연산군 10)	탐진(耽津)
ITKC_MI_0085A	사우정집(四雨亭集)	이식(李湜)	1458년(세조 4)	1488년(성종 19)	전주(全州)
ITKC_MI_0086A	산당집(山堂集)	최충성(崔忠成)	1458년(세조 4)	1491년(성종 22)	전주(全州)
ITKC_MI_0087A	용재유고(慵齋遺稿)	이종준(李宗準)	미상	1499년(연산군 5)	경주(慶州)
ITKC_MI_0088A	재사당일집(再思堂逸集)	이원(李黿)	미상	1504년(연산군 10)	경주(慶州)
ITKC_MI_0089A	정문익공유고(鄭文翼公遺稿)	정광필(鄭光弼)	1462년(세조 8)	1538년(중종 33)	동래(東萊)
ITKC_MI_0090A	이요정집(二樂亭集)	신용개(申用漑)	1463년(세조 9)	1519년(중종 14)	고령(高靈)
ITKC_MI_0091A	목계일고(木溪逸稿)	강혼(姜渾)	1464년(세조 10)	1519년(중종 14)	진주(晉州)
ITKC_MI_0092A	탁영집(濯纓集)	김일손(金馹孫)	1464년(세조 10)	1498년(연산군 4)	김해(金海)
ITKC_MI_0093A	수헌집(睡軒集)	권오복(權五福)	1467년(세조 13)	1498년(연산군 4)	예천(醴泉)
ITKC_MI_0094A	농암집(聾巖集)	이현보(李賢輔)	1467년(세조 13)	1555년(명종 10)	영천(永川)
ITKC_MI_0095A	망헌유고(忘軒遺稿)	이주(李胄)	미상	1504년(연산군 10)	고성(固城)
ITKC_MI_0096A	송재집(松齋集)	이우(李堣)	1469년(예종 1)	1517년(중종 12)	진보(眞寶)
ITKC_MI_0097A	허암유집(虛庵遺集)	정희량(鄭希良)	1469년(예종 1)	미상	해주(海州)
ITKC_MI_0098A	송당집(松堂集)	박영(朴英)	1471년(성종 2)	1540년(중종 35)	밀양(密陽)
ITKC_MI_0099A	이평사집(李評事集)	이목(李穆)	1471년(성종 2)	1498년(연산군 4)	전주(全州)
ITKC_MI_0100A	십청집(十淸集)	김세필(金世弼)	1473년(성종 4)	1533년(중종 28)	경주(慶州)
ITKC_MI_0101A	안분당시집(安分堂詩集)	이희보(李希輔)	1473년(성종 4)	1548년(명종 3)	평양(平壤)
ITKC_MI_0102A	우암고(寓菴稿)	홍언충(洪彥忠)	1473년(성종 4)	1508년(중종 3)	부계(缶溪)
ITKC_MI_0103A	우정집(憂亭集)	김극성(金克成)	1474년(성종 5)	1540년(중종 35)	광산(光山)
ITKC_MI_0104A	눌재집(訥齋集)	박상(朴祥)	1474년(성종 5)	1530년(중종 25)	충주(忠州)
ITKC_MI_0105A	대관재난고(大觀齋亂稿)	심의(沈義)	1475년(성종 6)	미상	풍산(豐山)
ITKC_MI_0106A	묵재집(默齋集)	홍언필(洪彥弼)	1476년(성종 7)	1549년(명종 4)	남양(南陽)
ITKC_MI_0107A	충재집(冲齋集)	권벌(權橃)	1478년(성종 9)	1548년(명종 3)	안동(安東)
ITKC_MI_0108A	모재집(慕齋集)	김안국(金安國)	1478년(성종 9)	1543년(중종 38)	의성(義城)
ITKC_MI_0109A	용재집(容齋集)	이행(李荇)	1478년(성종 9)	1534년(중종 29)	덕수(德水)
ITKC_MI_0110A	읍취헌유고(挹翠軒遺稿)	박은(朴誾)	1479년(성종 10)	1504년(연산군 10)	고령(高靈)
ITKC_MI_0111A	음애집(陰崖集)	이자(李耔)	1480년(성종 11)	1533년(중종 28)	한산(韓山)
ITKC_MI_0112A	학포집(學圃集)	양팽손(梁彭孫)	1488년(성종 19)	1545년(인종 1)	제주(濟州)
ITKC_MI_0113A	희락당고(希樂堂稿)	김안로(金安老)	1481년(성종 12)	1537년(중종 32)	연안(延安)
ITKC_MI_0114A	정암집(靜菴集)	조광조(趙光祖)	1482년(성종 13)	1519년(중종 14)	한양(漢陽)
ITKC_MI_0115A	월연집(月淵集)	이태(李迨)	1483년(성종 14)	1536년(중종 31)	여주(驪州)
ITKC_MI_0116A	기재집(企齋集)	신광한(申光漢)	1484년(성종 15)	1555년(명종 10)	고령(高靈)
ITKC_MI_0117A	사재집(思齋集)	김정국(金正國)	1485년(성종 16)	1541년(중종 36)	의성(義城)
ITKC_MI_0118A	충암집(冲庵集)	김정(金淨)	1486년(성종 17)	1521년(중종 16)	경주(慶州)
ITKC_MI_0119A	양곡집(陽谷集)	소세양(蘇世讓)	1486년(성종 17)	1562년(명종 17)	진주(晉州)
ITKC_MI_0120A	송재집(松齋集)	한충(韓忠)	1486년(성종 17)	1521년(중종 16)	청주(淸州)
ITKC_MI_0121A	규암집(圭菴集)	송인수(宋麟壽)	1499년(연산군 5)	1547년(명종 2)	은진(恩津)
ITKC_MI_0122A	어촌집(漁村集)	심언광(沈彥光)	1487년(성종 18)	1540년(중종 35)	삼척(三陟)
ITKC_MI_0123A	자암집(自菴集)	김구(金絿)	1488년(성종 19)	1534년(중종 29)	광주(光州)
ITKC_MI_0124A	화담집(花潭集)	서경덕(徐敬德)	1489년(성종 20)	1546년(명종 1)	당성(唐城)
ITKC_MI_0125A	회재집(晦齋集)	이언적(李彥迪)	1491년(성종 22)	1553년(명종 8)	여주(驪州)
ITKC_MI_0126A	호음잡고(湖陰雜稿)	정사용(鄭士龍)	1491년(성종 22)	1570년(선조 3)	동래(東萊)
ITKC_MI_0127A	덕양유고(德陽遺稿)	기준(奇遵)	1492년(성종 23)	1521년(중종 16)	행주(幸州)
ITKC_MI_0128A	양심당집(養心堂集)	조성(趙晟)	1492년(성종 23)	1555년(명종 10)	평양(平壤)
ITKC_MI_0129A	입암집(立巖集)	민제인(閔齊仁)	1493년(성종 24)	1549년(명종 4)	여흥(驪興)
ITKC_MI_0130A	범허정집(泛虛亭集)	상진(尙震)	1493년(성종 24)	1564년(명종 19)	목천(木川)
ITKC_MI_0131A	청송집(聽松集)	성수침(成守琛)	1493년(성종 24)	1564년(명종 19)	창녕(昌寧)
ITKC_MI_0132A	면앙집(俛仰集)	송순(宋純)	1493년(성종 24)	1582년(선조 15)	신평(新平)
ITKC_MI_0133A	잠암일고(潛庵逸稿)	김의정(金義貞)	1495년(연산군 1)	1547년(명종 2)	풍산(豐山)
ITKC_MI_0134A	무릉잡고(武陵雜稿)	주세붕(周世鵬)	1495년(연산군 1)	1554년(명종 9)	상주(尙州)
ITKC_MI_0135A	온계일고(溫溪逸稿)	이해(李瀣)	1496년(연산군 2)	1550년(명종 5)	진보(眞寶)
ITKC_MI_0136A	석천시집(石川詩集)	임억령(林億齡)	1496년(연산군 2)	1568년(선조 1)	선산(善山)
ITKC_MI_0137A	대곡집(大谷集)	성운(成運)	1497년(연산군 3)	1579년(선조 12)	창녕(昌寧)
ITKC_MI_0138A	송재유고(松齋遺稿)	나세찬(羅世纘)	1498년(연산군 4)	1551년(명종 6)	나주(羅州)
ITKC_MI_0139A	장음정유고(長吟亭遺稿)	나식(羅湜)	1498년(연산군 4)	1546년(명종 1)	안정(安定)
ITKC_MI_0140A	용문집(龍門集)	조욱(趙昱)	1498년(연산군 4)	1557년(명종 12)	평양(平壤)
ITKC_MI_0141A	동고유고(東皐遺稿)	이준경(李浚慶)	1499년(연산군 5)	1572년(선조 5)	광주(廣州)
ITKC_MI_0142A	일재집(一齋集)	이항(李恒)	1499년(연산군 5)	1576년(선조 9)	성주(星州)
ITKC_MI_0143A	갈천집(葛川集)	임훈(林薰)	1500년(연산군 6)	1584년(선조 17)	은진(恩津)
ITKC_MI_0144A	퇴계집(退溪集)	이황(李滉)	1501년(연산군 7)	1570년(선조 3)	진보(眞寶)
ITKC_MI_0145A	남명집(南冥集)	조식(曺植)	1501년(연산군 7)	1572년(선조 5)	창녕(昌寧)
ITKC_MI_0146A	간재집(艮齋集)	최연(崔演)	1503년(연산군 9)	1549년(명종 4)	강릉(江陵)
ITKC_MI_0147A	금호유고(錦湖遺稿)	임형수(林亨秀)	1514년(중종 9)	1547년(명종 2)	평택(平澤)
ITKC_MI_0148A	인재집(忍齋集)	홍섬(洪暹)	1504년(연산군 10)	1585년(선조 18)	남양(南陽)
ITKC_MI_0149A	추파집(秋坡集)	송기수(宋麒壽)	1507년(중종 2)	1581년(선조 14)	은진(恩津)
ITKC_MI_0150A	십성당집(十省堂集)	엄흔(嚴昕)	1508년(중종 3)	1543년(중종 38)	영월(寧越)
ITKC_MI_0151A	하서전집(河西全集)	김인후(金麟厚)	1510년(중종 5)	1560년(명종 15)	울산(蔚山)
ITKC_MI_0152A	우암유집(寓庵遺集)	김주(金澍)	1512년(중종 7)	1563년(명종 18)	안동(安東)
ITKC_MI_0153A	부훤당유고(負暄堂遺稿)	오상(吳祥)	1512년(중종 7)	1573년(선조 6)	해주(海州)
ITKC_MI_0154A	구암집(龜巖集)	이정(李楨)	1512년(중종 7)	1571년(선조 4)	사천(泗川)
ITKC_MI_0155A	유헌집(游軒集)	정황(丁熿)	1512년(중종 7)	1560년(명종 15)	창원(昌原)
ITKC_MI_0156A	수암유고(守庵遺稿)	박지화(朴枝華)	1513년(중종 8)	1592년(선조 25)	정선(旌善)
ITKC_MI_0157A	미암집(眉巖集)	유희춘(柳希春)	1513년(중종 8)	1577년(선조 10)	선산(善山)
ITKC_MI_0158A	국간집(菊磵集)	윤현(尹鉉)	1514년(중종 9)	1578년(선조 11)	파평(坡平)
ITKC_MI_0159A	소재집(穌齋集)	노수신(盧守愼)	1515년(중종 10)	1590년(선조 23)	광주(光州)
ITKC_MI_0160A	임당유고(林塘遺稿)	정유길(鄭惟吉)	1515년(중종 10)	1588년(선조 21)	동래(東萊)
ITKC_MI_0161A	치재유고(耻齋遺稿)	홍인우(洪仁祐)	1515년(중종 10)	1554년(명종 9)	남양(南陽)
ITKC_MI_0162A	이암유고(頤庵遺稿)	송인(宋寅)	1517년(중종 12)	1584년(선조 17)	여산(礪山)
ITKC_MI_0163A	청천당시집(聽天堂詩集)	심수경(沈守慶)	1516년(중종 11)	1599년(선조 32)	풍산(豐山)
ITKC_MI_0164A	소고집(嘯皐集)	박승임(朴承任)	1517년(중종 12)	1586년(선조 19)	반남(潘南)
ITKC_MI_0165A	봉래시집(蓬萊詩集)	양사언(楊士彥)	1517년(중종 12)	1584년(선조 17)	청주(淸州)
ITKC_MI_0166A	토정유고(土亭遺稿)	이지함(李之菡)	1517년(중종 12)	1578년(선조 11)	한산(韓山)
ITKC_MI_0167A	첨모당집(瞻慕堂集)	임운(林芸)	1517년(중종 12)	1572년(선조 5)	은진(恩津)
ITKC_MI_0168A	초당집(草堂集)	허엽(許曄)	1517년(중종 12)	1580년(선조 13)	양천(陽川)
ITKC_MI_0169A	금계집(錦溪集)	황준량(黃俊良)	1517년(중종 12)	1563년(명종 18)	평해(平海)
ITKC_MI_0170A	옥계집(玉溪集)	노진(盧禛)	1518년(중종 13)	1578년(선조 11)	풍천(豐川)
ITKC_MI_0171A	동원집(東園集)	김귀영(金貴榮)	1520년(중종 15)	1594년(선조 27)	상주(尙州)
ITKC_MI_0172A	송천유집(松川遺集)	양응정(梁應鼎)	1519년(중종 14)	1581년(선조 14)	제주(濟州)
ITKC_MI_0173A	주천유고(舟川遺稿)	강유선(康惟善)	1520년(중종 15)	1549년(명종 4)	신천(信川)
ITKC_MI_0174A	습재집(習齋集)	권벽(權擘)	1520년(중종 15)	1593년(선조 26)	안동(安東)
ITKC_MI_0175A	덕계집(德溪集)	오건(吳健)	1521년(중종 16)	1574년(선조 7)	함양(咸陽)
ITKC_MI_0176A	개암집(介庵集)	강익(姜翼)	1523년(중종 18)	1567년(명종 22)	진주(晉州)
ITKC_MI_0177A	고청유고(孤靑遺稾)	서기(徐起)	1523년(중종 18)	1591년(선조 24)	이천(利川)
ITKC_MI_0178A	사암집(思菴集)	박순(朴淳)	1523년(중종 18)	1589년(선조 22)	충주(忠州)
ITKC_MI_0179A	월천집(月川集)	조목(趙穆)	1524년(중종 19)	1606년(선조 39)	횡성(橫城)
ITKC_MI_0180A	물암집(勿巖集)	김륭(金隆)	1549년(명종 4)	1594년(선조 27)	함창(咸昌)
ITKC_MI_0181A	백담집(栢潭集)	구봉령(具鳳齡)	1526년(중종 21)	1586년(선조 19)	능성(綾城)
ITKC_MI_0182A	옥동집(玉洞集)	문익성(文益成)	1526년(중종 21)	1584년(선조 17)	남평(南平)
ITKC_MI_0183A	죽천집(竹川集)	박광전(朴光前)	1526년(중종 21)	1597년(선조 30)	진원(珍原)
ITKC_MI_0184A	약포집(藥圃集)	정탁(鄭琢)	1526년(중종 21)	1605년(선조 38)	청주(淸州)
ITKC_MI_0185A	고봉집(高峯集)	기대승(奇大升)	1527년(중종 22)	1572년(선조 5)	행주(幸州)
ITKC_MI_0186A	우득록(愚得錄)	정개청(鄭介淸)	1529년(중종 24)	1590년(선조 23)	고성(固城)
ITKC_MI_0187A	팔곡집(八谷集)	구사맹(具思孟)	1531년(중종 26)	1604년(선조 37)	능성(綾城)
ITKC_MI_0188A	설월당집(雪月堂集)	김부윤(金富倫)	1531년(중종 26)	1598년(선조 31)	광산(光山)
ITKC_MI_0189A	송암집(松巖集)	권호문(權好文)	1532년(중종 27)	1587년(선조 20)	안동(安東)
ITKC_MI_0190A	성암유고(省菴遺稿)	김효원(金孝元)	1542년(중종 37)	1590년(선조 23)	선산(善山)
ITKC_MI_0191A	백록유고(白麓遺稿)	신응시(辛應時)	1532년(중종 27)	1585년(선조 18)	영월(寧越)
ITKC_MI_0192A	지천집(芝川集)	황정욱(黃廷彧)	1532년(중종 27)	1607년(선조 40)	장수(長水)
ITKC_MI_0193A	오음유고(梧陰遺稿)	윤두수(尹斗壽)	1533년(중종 28)	1601년(선조 34)	해평(海平)
ITKC_MI_0194A	제봉집(霽峯集)	고경명(高敬命)	1533년(중종 28)	1592년(선조 25)	장흥(長興)
ITKC_MI_0195A	문봉집(文峯集)	정유일(鄭惟一)	1533년(중종 28)	1576년(선조 9)	동래(東萊)
ITKC_MI_0196A	초간집(草澗集)	권문해(權文海)	1534년(중종 29)	1591년(선조 24)	예천(醴泉)
ITKC_MI_0197A	구봉집(龜峯集)	송익필(宋翼弼)	1534년(중종 29)	1599년(선조 32)	여산(礪山)
ITKC_MI_0198A	우계집(牛溪集)	성혼(成渾)	1535년(중종 30)	1598년(선조 31)	창녕(昌寧)
ITKC_MI_0199A	내암집(來庵集)	정인홍(鄭仁弘)	1536년(중종 31)	1623년(인조 1)	서산(瑞山)
ITKC_MI_0200A	청강집(淸江集)	이제신(李濟臣)	1536년(중종 31)	1583년(선조 16)	전의(全義)
ITKC_MI_0201A	율곡전서(栗谷全書)	이이(李珥)	1536년(중종 31)	1584년(선조 17)	덕수(德水)
ITKC_MI_0202A	약포유고(藥圃遺稿)	이해수(李海壽)	1536년(중종 31)	1599년(선조 32)	전의(全義)
ITKC_MI_0203A	송강집(松江集)	정철(鄭澈)	1536년(중종 31)	1593년(선조 26)	연일(延日)
ITKC_MI_0204A	졸옹집(拙翁集)	홍성민(洪聖民)	1536년(중종 31)	1594년(선조 27)	남양(南陽)
ITKC_MI_0205A	건재집(健齋集)	김천일(金千鎰)	1537년(중종 32)	1593년(선조 26)	언양(彥陽)
ITKC_MI_0206A	옥봉집(玉峯集)	백광훈(白光勳)	1537년(중종 32)	1582년(선조 15)	해미(海美)
ITKC_MI_0207A	월정집(月汀集)	윤근수(尹根壽)	1537년(중종 32)	1616년(광해군 8)	해평(海平)
ITKC_MI_0208A	대소헌일고(大笑軒逸稿)	조종도(趙宗道)	1537년(중종 32)	1597년(선조 30)	함안(咸安)
ITKC_MI_0209A	아계유고(鵝溪遺稿)	이산해(李山海)	1539년(중종 34)	1609년(광해군 1)	한산(韓山)
ITKC_MI_0210A	학봉집(鶴峯集)	김성일(金誠一)	1538년(중종 33)	1593년(선조 26)	의성(義城)
ITKC_MI_0211A	백곡집(栢谷集)	정곤수(鄭崐壽)	1538년(중종 33)	1602년(선조 35)	청주(淸州)
ITKC_MI_0212A	각재집(覺齋集)	하항(河沆)	1538년(중종 33)	1590년(선조 23)	진주(晉州)
ITKC_MI_0213A	겸암집(謙菴集)	유운룡(柳雲龍)	1539년(중종 34)	1601년(선조 34)	풍산(豐山)
ITKC_MI_0214A	파곡유고(坡谷遺稿)	이성중(李誠中)	1539년(중종 34)	1593년(선조 26)	전주(全州)
ITKC_MI_0215A	간이집(簡易集)	최립(崔岦)	1539년(중종 34)	1612년(광해군 4)	통천(通川)
ITKC_MI_0216A	고죽유고(孤竹遺稿)	최경창(崔慶昌)	1539년(중종 34)	1583년(선조 16)	해주(海州)
ITKC_MI_0217A	백암집(栢巖集)	김륵(金玏)	1540년(중종 35)	1616년(광해군 8)	예안(禮安)
ITKC_MI_0218A	동강집(東岡集)	김우옹(金宇顒)	1540년(중종 35)	1603년(선조 36)	의성(義城)
ITKC_MI_0219A	송애집(松崖集)	박여룡(朴汝龍)	1541년(중종 36)	1611년(광해군 3)	면천(沔川)
ITKC_MI_0220A	간재집(艮齋集)	이덕홍(李德弘)	1541년(중종 36)	1596년(선조 29)	영천(永川)
ITKC_MI_0221A	사류재집(四留齋集)	이정암(李廷馣)	1541년(중종 36)	1600년(선조 33)	경주(慶州)
ITKC_MI_0222A	만전집(晚全集)	홍가신(洪可臣)	1541년(중종 36)	1615년(광해군 7)	남양(南陽)
ITKC_MI_0223A	풍애집(楓崖集)	안민학(安敏學)	1542년(중종 37)	1601년(선조 34)	광주(廣州)
ITKC_MI_0224A	서애집(西厓集)	유성룡(柳成龍)	1542년(중종 37)	1607년(선조 40)	풍산(豐山)
ITKC_MI_0225A	옥산시고(玉山詩稿)	이우(李瑀)	1542년(중종 37)	1609년(광해군 1)	덕수(德水)
ITKC_MI_0226A	고담일고(孤潭逸稿)	이순인(李純仁)	1533년(중종 28)	1592년(선조 25)	전의(全義)
ITKC_MI_0227A	한강집(寒岡集)	정구(鄭逑)	1543년(중종 38)	1620년(광해군 12)	청주(淸州)
ITKC_MI_0228A	청계집(靑溪集)	양대박(梁大樸)	1543년(중종 38)	1592년(선조 25)	남원(南原)
ITKC_MI_0229A	송암집(松巖集)	이로(李魯)	1544년(중종 39)	1598년(선조 31)	고성(固城)
ITKC_MI_0230A	중봉집(重峰集)	조헌(趙憲)	1544년(중종 39)	1592년(선조 25)	배천(白川)
ITKC_MI_0231A	촌은집(村隱集)	유희경(劉希慶)	1545년(인종 1)	1636년(인조 14)	강화(江華)
ITKC_MI_0232A	이충무공전서(李忠武公全書)	이순신(李舜臣)	1545년(인종 1)	1598년(선조 31)	덕수(德水)
ITKC_MI_0233A	지산집(芝山集)	조호익(曺好益)	1545년(인종 1)	1609년(광해군 1)	창녕(昌寧)
ITKC_MI_0234A	지헌집(芝軒集)	정사성(鄭士誠)	1545년(인종 1)	1607년(선조 40)	청주(淸州)
ITKC_MI_0235A	부사집(浮査集)	성여신(成汝信)	1546년(명종 1)	1632년(인조 10)	창녕(昌寧)
ITKC_MI_0236A	용담집(龍潭集)	박이장(朴而章)	1547년(명종 2)	1622년(광해군 14)	순천(順天)
ITKC_MI_0237A	오리집(梧里集)	이원익(李元翼)	1547년(명종 2)	1634년(인조 12)	전주(全州)
ITKC_MI_0238A	사계유고(沙溪遺稿)	김장생(金長生)	1548년(명종 3)	1631년(인조 9)	광산(光山)
ITKC_MI_0239A	일송집(一松集)	심희수(沈喜壽)	1548년(명종 3)	1622년(광해군 14)	청송(靑松)
ITKC_MI_0240A	악록집(岳麓集)	허성(許筬)	1548년(명종 3)	1612년(광해군 4)	양천(陽川)
ITKC_MI_0241A	서경집(西坰集)	유근(柳根)	1549년(명종 4)	1627년(인조 5)	진주(晉州)
ITKC_MI_0242A	지퇴당집(知退堂集)	이정형(李廷馨)	1549년(명종 4)	1607년(선조 40)	경주(慶州)
ITKC_MI_0243A	임백호집(林白湖集)	임제(林悌)	1549년(명종 4)	1587년(선조 20)	나주(羅州)
ITKC_MI_0244A	천곡집(泉谷集)	송상현(宋象賢)	1551년(명종 6)	1592년(선조 25)	여산(礪山)
ITKC_MI_0245A	하곡집(荷谷集)	허봉(許篈)	1551년(명종 6)	1588년(선조 21)	양천(陽川)
ITKC_MI_0246A	망우집(忘憂集)	곽재우(郭再祐)	1552년(명종 7)	1617년(광해군 9)	현풍(玄風)
ITKC_MI_0247A	태천집(苔泉集)	민인백(閔仁伯)	1552년(명종 7)	1626년(인조 4)	여흥(驪興)
ITKC_MI_0248A	만취집(晚翠集)	오억령(吳億齡)	1552년(명종 7)	1618년(광해군 10)	동복(同福)
ITKC_MI_0249A	구암유고(久菴遺稿)	한백겸(韓百謙)	1552년(명종 7)	1615년(광해군 7)	청주(淸州)
ITKC_MI_0250A	태촌집(泰村集)	고상안(高尙顏)	1553년(명종 8)	1623년(인조 1)	개성(開城)
ITKC_MI_0251A	오봉집(五峯集)	이호민(李好閔)	1553년(명종 8)	1634년(인조 12)	연안(延安)
ITKC_MI_0252A	여헌집(旅軒集)	장현광(張顯光)	1554년(명종 9)	1637년(인조 15)	인동(仁同)
ITKC_MI_0253A	백졸재유고(百拙齋遺稿)	한응인(韓應寅)	1554년(명종 9)	1614년(광해군 6)	청주(淸州)
ITKC_MI_0254A	손곡시집(蓀谷詩集)	이달(李達)	1539년경(중종 34)	1610년경(광해군 2)	신평(新平)
ITKC_MI_0255A	송정집(松亭集)	하수일(河受一)	1553년(명종 8)	1612년(광해군 4)	진주(晉州)
ITKC_MI_0256A	검간집(黔澗集)	조정(趙靖)	1555년(명종 10)	1636년(인조 14)	풍양(豐壤)
ITKC_MI_0257A	계은유고(溪隱遺稿)	이정립(李廷立)	1556년(명종 11)	1595년(선조 28)	광주(廣州)
ITKC_MI_0258A	오산집(五山集)	차천로(車天輅)	1556년(명종 11)	1615년(광해군 7)	연안(延安)
ITKC_MI_0259A	금역당집(琴易堂集)	배용길(裵龍吉)	1556년(명종 11)	1609년(광해군 1)	흥해(興海)
ITKC_MI_0260A	백사집(白沙集)	이항복(李恒福)	1556년(명종 11)	1618년(광해군 10)	경주(慶州)
ITKC_MI_0261A	유천유고(柳川遺稿)	한준겸(韓浚謙)	1557년(명종 12)	1627년(인조 5)	청주(淸州)
ITKC_MI_0262A	운천집(雲川集)	김용(金涌)	1557년(명종 12)	1620년(광해군 12)	의성(義城)
ITKC_MI_0263A	약봉유고(藥峯遺稿)	서성(徐渻)	1558년(명종 13)	1631년(인조 9)	달성(達成)
ITKC_MI_0264A	외재집(畏齋集)	이후경(李厚慶)	1558년(명종 13)	1630년(인조 8)	성주(星州)
ITKC_MI_0265A	어우집(於于集)	유몽인(柳夢寅)	1559년(명종 14)	1623년(인조 1)	흥양(興陽)
ITKC_MI_0266A	창랑집(滄浪集)	성문준(成文濬)	1559년(명종 14)	1626년(인조 4)	창녕(昌寧)
ITKC_MI_0267A	추탄집(楸灘集)	오윤겸(吳允謙)	1559년(명종 14)	1636년(인조 14)	해주(海州)
ITKC_MI_0268A	창석집(蒼石集)	이준(李埈)	1560년(명종 15)	1635년(인조 13)	흥양(興陽)
ITKC_MI_0269A	선원유고(仙源遺稿)	김상용(金尙容)	1561년(명종 16)	1637년(인조 15)	안동(安東)
ITKC_MI_0270A	노계집(蘆溪集)	박인로(朴仁老)	1561년(명종 16)	1642년(인조 20)	밀양(密陽)
ITKC_MI_0271A	한음문고(漢陰文稿)	이덕형(李德馨)	1561년(명종 16)	1613년(광해군 5)	광주(廣州)
ITKC_MI_0272A	추포집(秋浦集)	황신(黃愼)	1562년(명종 17)	1617년(광해군 9)	창원(昌原)
ITKC_MI_0273A	지봉집(芝峯集)	이수광(李睟光)	1563년(명종 18)	1628년(인조 6)	전주(全州)
ITKC_MI_0274A	체소집(體素集)	이춘영(李春英)	1563년(명종 18)	1606년(선조 39)	전주(全州)
ITKC_MI_0275A	수몽집(守夢集)	정엽(鄭曄)	1563년(명종 18)	1625년(인조 3)	초계(草溪)
ITKC_MI_0276A	난설헌시집(蘭雪軒詩集)	허초희(許楚姬)	1563년(명종 18)	1589년(선조 22)	양천(陽川)
ITKC_MI_0277A	사서집(沙西集)	전식(全湜)	1563년(명종 18)	1642년(인조 20)	옥천(沃川)
ITKC_MI_0278A	인재집(訒齋集)	최현(崔晛)	1563년(명종 18)	1640년(인조 18)	전주(全州)
ITKC_MI_0279A	우복집(愚伏集)	정경세(鄭經世)	1563년(명종 18)	1633년(인조 11)	진주(晉州)
ITKC_MI_0280A	수색집(水色集)	허적(許𥛚)	1563년(명종 18)	1640년(인조 18)	양천(陽川)
ITKC_MI_0281A	경당집(敬堂集)	장흥효(張興孝)	1564년(명종 19)	1633년(인조 11)	안동(安東)
ITKC_MI_0282A	월사집(月沙集)	이정귀(李廷龜)	1564년(명종 19)	1635년(인조 13)	연안(延安)
ITKC_MI_0283A	취흘집(醉吃集)	유숙(柳潚)	1564년(명종 19)	1636년(인조 14)	흥양(興陽)
ITKC_MI_0284A	농포집(農圃集)	정문부(鄭文孚)	1565년(명종 20)	1624년(인조 2)	해주(海州)
ITKC_MI_0285A	금계집(錦溪集)	노인(魯認)	1566년(명종 21)	1622년(광해군 14)	함평(咸平)
ITKC_MI_0286A	상촌고(象村稿)	신흠(申欽)	1566년(명종 21)	1628년(인조 6)	평산(平山)
ITKC_MI_0287A	수은집(睡隱集)	강항(姜沆)	1567년(명종 22)	1618년(광해군 10)	진주(晉州)
ITKC_MI_0288A	현곡집(玄谷集)	조위한(趙緯韓)	1567년(명종 22)	1649년(인조 27)	한양(漢陽)
ITKC_MI_0289A	석루유고(石樓遺稿)	이경전(李慶全)	1567년(명종 22)	1644년(인조 22)	한산(韓山)
ITKC_MI_0290A	제호집(霽湖集)	양경우(梁慶遇)	1568년(선조 1)	1629년경(인조 7)	남원(南原)
ITKC_MI_0291A	경암집(敬菴集)	노경임(盧景任)	1569년(선조 2)	1620년(광해군 12)	안강(安康)
ITKC_MI_0292A	성소부부고(惺所覆瓿藁)	허균(許筠)	1569년(선조 2)	1618년(광해군 10)	양천(陽川)
ITKC_MI_0293A	벽오유고(碧梧遺稿)	이시발(李時發)	1569년(선조 2)	1626년(인조 4)	경주(慶州)
ITKC_MI_0294A	석주집(石洲集)	권필(權韠)	1569년(선조 2)	1612년(광해군 4)	안동(安東)
ITKC_MI_0295A	동계집(桐溪集)	정온(鄭蘊)	1569년(선조 2)	1641년(인조 19)	초계(草溪)
ITKC_MI_0296A	남파상국집(南坡相國集)	심열(沈悅)	1569년(선조 2)	1646년(인조 24)	청송(靑松)
ITKC_MI_0297A	만회집(晚悔集)	권득기(權得己)	1570년(선조 3)	1622년(광해군 14)	안동(安東)
ITKC_MI_0298A	경정집(敬亭集)	이민성(李民宬)	1570년(선조 3)	1629년(인조 7)	영천(永川)
ITKC_MI_0299A	청음집(淸陰集)	김상헌(金尙憲)	1570년(선조 3)	1652년(효종 3)	안동(安東)
ITKC_MI_0300A	동악집(東岳集)	이안눌(李安訥)	1571년(선조 4)	1637년(인조 15)	덕수(德水)
ITKC_MI_0301A	북저집(北渚集)	김류(金瑬)	1571년(선조 4)	1648년(인조 26)	순천(順天)
ITKC_MI_0302A	구원집(九畹集)	이춘원(李春元)	1571년(선조 4)	1634년(인조 12)	함평(咸平)
ITKC_MI_0303A	현주집(玄洲集)	조찬한(趙纘韓)	1572년(선조 5)	1631년(인조 9)	한양(漢陽)
ITKC_MI_0304A	학곡집(鶴谷集)	홍서봉(洪瑞鳳)	1572년(선조 5)	1645년(인조 23)	남양(南陽)
ITKC_MI_0305A	학호집(鶴湖集)	김봉조(金奉祖)	1572년(선조 5)	1630년(인조 8)	풍산(豐山)
ITKC_MI_0306A	잠야집(潛冶集)	박지계(朴知誡)	1573년(선조 6)	1635년(인조 13)	함양(咸陽)
ITKC_MI_0307A	은봉전서(隱峯全書)	안방준(安邦俊)	1573년(선조 6)	1654년(효종 5)	죽산(竹山)
ITKC_MI_0308A	학천집(鶴泉集)	성여학(成汝學)	1557년(명종 12)	미상(인조조)	창녕(昌寧)
ITKC_MI_0309A	자암집(紫巖集)	이민환(李民寏)	1573년(선조 6)	1649년(인조 27)	영천(永川)
ITKC_MI_0310A	해봉집(海峯集)	홍명원(洪命元)	1573년(선조 6)	1623년(인조 1)	남양(南陽)
ITKC_MI_0311A	신독재유고(愼獨齋遺稿)	김집(金集)	1574년(선조 7)	1656년(효종 7)	광산(光山)
ITKC_MI_0312A	다산집(茶山集)	목대흠(睦大欽)	1575년(선조 8)	1638년(인조 16)	사천(泗川)
ITKC_MI_0313A	죽음집(竹陰集)	조희일(趙希逸)	1575년(선조 8)	1638년(인조 16)	임천(林川)
ITKC_MI_0314A	만운집(晚雲集)	정충신(鄭忠信)	1575년(선조 8)	1636년(인조 14)	광주(光州)
ITKC_MI_0315A	소암집(疎菴集)	임숙영(任叔英)	1576년(선조 9)	1623년(인조 1)	풍천(豐川)
ITKC_MI_0316A	화당집(化堂集)	신민일(申敏一)	1576년(선조 9)	1650년(효종 1)	평산(平山)
ITKC_MI_0317A	청사집(晴沙集)	고용후(高用厚)	1577년(선조 10)	1652년(효종 3)	장흥(長興)
ITKC_MI_0318A	계암집(溪巖集)	김령(金坽)	1577년(선조 10)	1641년(인조 19)	광산(光山)
ITKC_MI_0319A	휴옹집(休翁集)	심광세(沈光世)	1577년(선조 10)	1624년(인조 2)	청송(靑松)
ITKC_MI_0320A	후천집(朽淺集)	황종해(黃宗海)	1579년(선조 12)	1642년(인조 20)	회덕(懷德)
ITKC_MI_0321A	포저집(浦渚集)	조익(趙翼)	1579년(선조 12)	1655년(효종 6)	풍양(豐壤)
ITKC_MI_0322A	잠곡유고(潛谷遺稿)	김육(金堉)	1580년(선조 13)	1658년(효종 9)	청풍(淸風)
ITKC_MI_0323A	월당집(月塘集)	강석기(姜碩期)	1580년(선조 13)	1643년(인조 21)	금천(衿川)
ITKC_MI_0324A	기암집(畸庵集)	정홍명(鄭弘溟)	1582년(선조 15)	1650년(효종 1)	연일(延日)
ITKC_MI_0325A	백강집(白江集)	이경여(李敬輿)	1585년(선조 18)	1657년(효종 8)	전주(全州)
ITKC_MI_0326A	택당집(澤堂集)	이식(李植)	1584년(선조 17)	1647년(인조 25)	덕수(德水)
ITKC_MI_0327A	간송집(澗松集)	조임도(趙任道)	1585년(선조 18)	1664년(현종 5)	함안(咸安)
ITKC_MI_0328A	지천집(遲川集)	최명길(崔鳴吉)	1586년(선조 19)	1647년(인조 25)	전주(全州)
ITKC_MI_0329A	용주유고(龍洲遺稿)	조경(趙絅)	1586년(선조 19)	1669년(현종 10)	한양(漢陽)
ITKC_MI_0330A	죽남당고(竹南堂稿)	오준(吳竣)	1587년(선조 20)	1666년(현종 7)	동복(同福)
ITKC_MI_0331A	학사집(鶴沙集)	김응조(金應祖)	1587년(선조 20)	1667년(현종 8)	풍산(豐山)
ITKC_MI_0332A	고산유고(孤山遺稿)	윤선도(尹善道)	1587년(선조 20)	1671년(현종 12)	해남(海南)
ITKC_MI_0333A	계곡집(谿谷集)	장유(張維)	1587년(선조 20)	1638년(인조 16)	덕수(德水)
ITKC_MI_0334A	돈암전서(遯菴全書)	선우협(鮮于浹)	1588년(선조 21)	1653년(효종 4)	태원(太原)
ITKC_MI_0335A	낙전당집(樂全堂集)	신익성(申翊聖)	1588년(선조 21)	1644년(인조 22)	평산(平山)
ITKC_MI_0336A	현곡집(玄谷集)	정백창(鄭百昌)	1588년(선조 21)	1635년(인조 13)	진주(晉州)
ITKC_MI_0337A	동주집(東州集)	이민구(李敏求)	1589년(선조 22)	1670년(현종 11)	전주(全州)
ITKC_MI_0338A	행명재시집(涬溟齋詩集)	윤순지(尹順之)	1591년(선조 24)	1666년(현종 7)	해평(海平)
ITKC_MI_0339A	천파집(天坡集)	오숙(吳䎘)	1592년(선조 25)	1634년(인조 12)	해주(海州)
ITKC_MI_0340A	동명집(東溟集)	김세렴(金世濂)	1593년(선조 26)	1646년(인조 24)	선산(善山)
ITKC_MI_0341A	백헌집(白軒集)	이경석(李景奭)	1595년(선조 28)	1671년(현종 12)	전주(全州)
ITKC_MI_0342A	겸재집(謙齋集)	하홍도(河弘度)	1593년(선조 26)	1666년(현종 7)	진주(晉州)
ITKC_MI_0343A	백주집(白洲集)	이명한(李明漢)	1595년(선조 28)	1645년(인조 23)	연안(延安)
ITKC_MI_0344A	기언(記言)	허목(許穆)	1595년(선조 28)	1682년(숙종 8)	양천(陽川)
ITKC_MI_0345A	백원집(百源集)	신석번(申碩蕃)	1596년(선조 29)	1675년(숙종 1)	평산(平山)
ITKC_MI_0346A	동토집(童土集)	윤순거(尹舜擧)	1596년(선조 29)	1668년(현종 9)	파평(坡平)
ITKC_MI_0347A	송애집(松崖集)	김경여(金慶餘)	1596년(선조 29)	1653년(효종 4)	경주(慶州)
ITKC_MI_0348A	경와집(敬窩集)	김휴(金烋)	1597년(선조 30)	1638년(인조 16)	의성(義城)
ITKC_MI_0349A	동명집(東溟集)	정두경(鄭斗卿)	1597년(선조 30)	1673년(현종 14)	온양(溫陽)
ITKC_MI_0350A	가주집(家州集)	이상질(李尙質)	1597년(선조 30)	1635년(인조 13)	전주(全州)
ITKC_MI_0351A	태계집(台溪集)	하진(河溍)	1597년(선조 30)	1658년(효종 9)	진주(晉州)
ITKC_MI_0352A	현주집(玄洲集)	이소한(李昭漢)	1598년(선조 31)	1645년(인조 23)	연안(延安)
ITKC_MI_0353A	호주집(湖洲集)	채유후(蔡裕後)	1599년(선조 32)	1660년(현종 1)	평강(平康)
ITKC_MI_0354A	포옹집(抱翁集)	정양(鄭瀁)	1600년(선조 33)	1668년(현종 9)	영일(迎日)
ITKC_MI_0355A	용서집(龍西集)	윤원거(尹元擧)	1601년(선조 34)	1672년(현종 13)	파평(坡平)
ITKC_MI_0356A	학주전집(鶴洲全集)	김홍욱(金弘郁)	1602년(선조 35)	1654년(효종 5)	경주(慶州)
ITKC_MI_0357A	양파유고(陽坡遺稿)	정태화(鄭太和)	1602년(선조 35)	1673년(현종 14)	동래(東萊)
ITKC_MI_0358A	설봉유고(雪峯遺稿)	강백년(姜栢年)	1603년(선조 36)	1681년(숙종 7)	진주(晉州)
ITKC_MI_0359A	만랑집(漫浪集)	황호(黃㦿)	1604년(선조 37)	1656년(효종 7)	창원(昌原)
ITKC_MI_0360A	백곡집(柏谷集)	김득신(金得臣)	1604년(선조 37)	1684년(숙종 10)	안동(安東)
ITKC_MI_0361A	탄옹집(炭翁集)	권시(權諰)	1604년(선조 37)	1672년(현종 13)	안동(安東)
ITKC_MI_0362A	동강유집(東江遺集)	신익전(申翊全)	1605년(선조 38)	1660년(현종 1)	평산(平山)
ITKC_MI_0363A	석호유고(石湖遺稿)	윤문거(尹文擧)	1606년(선조 39)	1672년(현종 13)	파평(坡平)
ITKC_MI_0364A	낙정집(樂静集)	조석윤(趙錫胤)	1606년(선조 39)	1655년(효종 6)	배천(白川)
ITKC_MI_0365A	남파집(南坡集)	홍우원(洪宇遠)	1605년(선조 38)	1687년(숙종 13)	남양(南陽)
ITKC_MI_0366A	동춘당집(同春堂集)	송준길(宋浚吉)	1606년(선조 39)	1672년(현종 13)	은진(恩津)
ITKC_MI_0367A	송자대전(宋子大全)	송시열(宋時烈)	1607년(선조 40)	1689년(숙종 15)	은진(恩津)
ITKC_MI_0368A	시남집(市南集)	유계(兪棨)	1607년(선조 40)	1664년(현종 5)	기계(杞溪)
ITKC_MI_0369A	초려집(草廬集)	이유태(李惟泰)	1607년(선조 40)	1684년(숙종 10)	경주(慶州)
ITKC_MI_0370A	충열공유고(忠烈公遺稿)	오달제(吳達濟)	1609년(광해군 1)	1637년(인조 15)	해주(海州)
ITKC_MI_0371A	송곡집(松谷集)	조복양(趙復陽)	1609년(광해군 1)	1671년(현종 12)	풍양(豐壤)
ITKC_MI_0372A	창주유고(滄洲遺稿)	김익희(金益熙)	1610년(광해군 2)	1656년(효종 7)	광주(光州)
ITKC_MI_0373A	노서유고(魯西遺稿)	윤선거(尹宣擧)	1610년(광해군 2)	1669년(현종 10)	파평(坡平)
ITKC_MI_0374A	구당집(久堂集)	박장원(朴長遠)	1612년(광해군 4)	1671년(현종 12)	고령(高靈)
ITKC_MI_0375A	육곡유고(六谷遺稿)	서필원(徐必遠)	1613년(광해군 5)	1671년(현종 12)	부여(夫餘)
ITKC_MI_0376A	규창유고(葵窓遺稿)	이건(李健)	1614년(광해군 6)	1662년(현종 3)	전주(全州)
ITKC_MI_0377A	귀계유고(歸溪遺稿)	김좌명(金佐明)	1616년(광해군 8)	1671년(현종 12)	청풍(淸風)
ITKC_MI_0378A	야당유고(野堂遺稿)	유혁연(柳赫然)	1616년(광해군 8)	1680년(숙종 6)	진주(晉州)
ITKC_MI_0379A	동리집(東里集)	이은상(李殷相)	1617년(광해군 9)	1678년(숙종 4)	연안(延安)
ITKC_MI_0380A	백호집(白湖集)	윤휴(尹鑴)	1617년(광해군 9)	1680년(숙종 6)	남원(南原)
ITKC_MI_0381A	존재집(存齋集)	이휘일(李徽逸)	1619년(광해군 11)	1672년(현종 13)	재령(載寧)
ITKC_MI_0382A	타우유고(打愚遺稿)	이상(李翔)	1620년(광해군 12)	1690년(숙종 16)	우봉(牛峯)
ITKC_MI_0383A	목재집(木齋集)	홍여하(洪汝河)	1620년(광해군 12)	1674년(현종 15)	부계(缶溪)
ITKC_MI_0384A	청계집(淸溪集)	홍위(洪葳)	1620년(광해군 12)	1660년(현종 1)	남양(南陽)
ITKC_MI_0385A	곡운집(谷雲集)	김수증(金壽增)	1624년(인조 2)	1701년(숙종 27)	안동(安東)
ITKC_MI_0386A	외재집(畏齋集)	이단하(李端夏)	1625년(인조 3)	1689년(숙종 15)	덕수(德水)
ITKC_MI_0387A	고산집(孤山集)	이유장(李惟樟)	1625년(인조 3)	1701년(숙종 27)	예안(禮安)
ITKC_MI_0388A	우담집(愚潭集)	정시한(丁時翰)	1625년(인조 3)	1707년(숙종 33)	나주(羅州)
ITKC_MI_0389A	퇴우당집(退憂堂集)	김수흥(金壽興)	1626년(인조 4)	1690년(숙종 16)	안동(安東)
ITKC_MI_0390A	월주집(月洲集)	소두산(蘇斗山)	1627년(인조 5)	1693년(숙종 19)	진주(晉州)
ITKC_MI_0391A	갈암집(葛庵集)	이현일(李玄逸)	1627년(인조 5)	1704년(숙종 30)	재령(載寧)
ITKC_MI_0392A	노봉집(老峯集)	민정중(閔鼎重)	1628년(인조 6)	1692년(숙종 18)	여흥(驪興)
ITKC_MI_0393A	분애유고(汾厓遺稿)	신정(申晸)	1628년(인조 6)	1687년(숙종 13)	평산(平山)
ITKC_MI_0394A	정관재집(靜觀齋集)	이단상(李端相)	1628년(인조 6)	1669년(현종 10)	연안(延安)
ITKC_MI_0395A	호곡집(壺谷集)	남용익(南龍翼)	1628년(인조 6)	1692년(숙종 18)	의령(宜寧)
ITKC_MI_0396A	약천집(藥泉集)	남구만(南九萬)	1629년(인조 7)	1711년(숙종 37)	의령(宜寧)
ITKC_MI_0397A	문곡집(文谷集)	김수항(金壽恒)	1629년(인조 7)	1689년(숙종 15)	안동(安東)
ITKC_MI_0398A	서계집(西溪集)	박세당(朴世堂)	1629년(인조 7)	1703년(숙종 29)	반남(潘南)
ITKC_MI_0399A	우헌집(寓軒集)	박상현(朴尙玄)	1629년(인조 7)	1693년(숙종 19)	순천(順天)
ITKC_MI_0400A	명재유고(明齋遺稿)	윤증(尹拯)	1629년(인조 7)	1714년(숙종 40)	파평(坡平)
ITKC_MI_0401A	문정공유고(文貞公遺稿)	민유중(閔維重)	1630년(인조 8)	1687년(숙종 13)	여흥(驪興)
ITKC_MI_0402A	제월당집(霽月堂集)	송규렴(宋奎濂)	1630년(인조 8)	1709년(숙종 35)	은진(恩津)
ITKC_MI_0403A	항재집(恒齋集)	이숭일(李嵩逸)	1631년(인조 9)	1698년(숙종 24)	재령(載寧)
ITKC_MI_0404A	남계집(南溪集)	박세채(朴世采)	1631년(인조 9)	1695년(숙종 21)	반남(潘南)
ITKC_MI_0405A	수촌집(水村集)	오시수(吳始壽)	1632년(인조 10)	1681년(숙종 7)	동복(同福)
ITKC_MI_0406A	농은유고(農隱遺稿)	윤추(尹推)	1632년(인조 10)	1707년(숙종 33)	파평(坡平)
ITKC_MI_0407A	지호집(芝湖集)	이선(李選)	1631년(인조 9)	1692년(숙종 18)	전주(全州)
ITKC_MI_0408A	서하집(西河集)	이민서(李敏敍)	1633년(인조 11)	1688년(숙종 14)	전주(全州)
ITKC_MI_0409A	서석집(瑞石集)	김만기(金萬基)	1633년(인조 11)	1687년(숙종 13)	광산(光山)
ITKC_MI_0410A	식암유고(息庵遺稿)	김석주(金錫胄)	1634년(인조 12)	1684년(숙종 10)	청풍(淸風)
ITKC_MI_0411A	성재유고(醒齋遺稿)	신익상(申翼相)	1634년(인조 12)	1697년(숙종 23)	고령(高靈)
ITKC_MI_0412A	우사집(雩沙集)	이세백(李世白)	1635년(인조 13)	1703년(숙종 29)	용인(龍仁)
ITKC_MI_0413A	우헌집(寓軒集)	유세명(柳世鳴)	1636년(인조 14)	1690년(숙종 16)	풍산(豐山)
ITKC_MI_0414A	졸수재집(拙修齋集)	조성기(趙聖期)	1638년(인조 16)	1689년(숙종 15)	임천(林川)
ITKC_MI_0415A	우재집(迂齋集)	조지겸(趙持謙)	1639년(인조 17)	1685년(숙종 11)	풍양(豐壤)
ITKC_MI_0416A	서포집(西浦集)	김만중(金萬重)	1637년(인조 15)	1692년(숙종 18)	광산(光山)
ITKC_MI_0417A	염헌집(恬軒集)	임상원(任相元)	1638년(인조 16)	1697년(숙종 23)	풍천(豐川)
ITKC_MI_0418A	수촌집(水村集)	임방(任埅)	1640년(인조 18)	1724년(경종 4)	풍천(豐川)
ITKC_MI_0419A	직재집(直齋集)	이기홍(李箕洪)	1641년(인조 19)	1708년(숙종 34)	전주(全州)
ITKC_MI_0420A	한수재집(寒水齋集)	권상하(權尙夏)	1641년(인조 19)	1721년(경종 1)	안동(安東)
ITKC_MI_0421A	학암집(鶴庵集)	최신(崔愼)	1642년(인조 20)	1708년(숙종 34)	회령(會寧)
ITKC_MI_0422A	하당집(荷塘集)	권두인(權斗寅)	1643년(인조 21)	1719년(숙종 45)	안동(安東)
ITKC_MI_0423A	서파집(西坡集)	오도일(吳道一)	1645년(인조 23)	1703년(숙종 29)	해주(海州)
ITKC_MI_0424A	수곡집(睡谷集)	이여(李畬)	1645년(인조 23)	1718년(숙종 44)	덕수(德水)
ITKC_MI_0425A	명곡집(明谷集)	최석정(崔錫鼎)	1646년(인조 24)	1715년(숙종 41)	전주(全州)
ITKC_MI_0426A	후재집(厚齋集)	김간(金榦)	1646년(인조 24)	1732년(영조 8)	청풍(淸風)
ITKC_MI_0427A	유재집(游齋集)	이현석(李玄錫)	1647년(인조 25)	1703년(숙종 29)	전주(全州)
ITKC_MI_0428A	장암집(丈巖集)	정호(鄭澔)	1648년(인조 26)	1736년(영조 12)	연일(延日)
ITKC_MI_0429A	몽와집(夢窩集)	김창집(金昌集)	1648년(인조 26)	1722년(경종 2)	안동(安東)
ITKC_MI_0430A	일암집(一庵集)	신몽삼(辛夢參)	1648년(인조 26)	1711년(숙종 37)	영산(靈山)
ITKC_MI_0431A	갑봉유고(甲峰遺稿)	김우항(金宇杭)	1649년(인조 27)	1723년(경종 3)	김해(金海)
ITKC_MI_0432A	창계집(滄溪集)	임영(林泳)	1649년(인조 27)	1696년(숙종 22)	나주(羅州)
ITKC_MI_0433A	하곡집(霞谷集)	정제두(鄭齊斗)	1649년(인조 27)	1736년(영조 12)	연일(延日)
ITKC_MI_0434A	간재집(艮齋集)	최규서(崔奎瑞)	1650년(효종 1)	1735년(영조 11)	해주(海州)
ITKC_MI_0435A	농암집(農巖集)	김창협(金昌協)	1651년(효종 2)	1708년(숙종 34)	안동(安東)
ITKC_MI_0436A	만정당집(晚靜堂集)	서종태(徐宗泰)	1652년(효종 3)	1719년(숙종 45)	달성(達城)
ITKC_MI_0437A	약헌집(約軒集)	송징은(宋徵殷)	1652년(효종 3)	1720년(숙종 46)	여산(礪山)
ITKC_MI_0438A	병와집(甁窩集)	이형상(李衡祥)	1653년(효종 4)	1733년(영조 9)	전주(全州)
ITKC_MI_0439A	삼연집(三淵集)	김창흡(金昌翕)	1653년(효종 4)	1722년(경종 2)	안동(安東)
ITKC_MI_0440A	유하집(柳下集)	홍세태(洪世泰)	1653년(효종 4)	1725년(영조 1)	남양(南陽)
ITKC_MI_0441A	정재집(定齋集)	박태보(朴泰輔)	1654년(효종 5)	1689년(숙종 15)	반남(潘南)
ITKC_MI_0442A	경연당집(景淵堂集)	이현조(李玄祚)	1654년(효종 5)	1710년(숙종 36)	전주(全州)
ITKC_MI_0443A	창설재집(蒼雪齋集)	권두경(權斗經)	1654년(효종 5)	1725년(영조 1)	안동(安東)
ITKC_MI_0444A	손와유고(損窩遺稿)	최석항(崔錫恒)	1654년(효종 5)	1724년(경종 4)	전주(全州)
ITKC_MI_0445A	지촌집(芝村集)	이희조(李喜朝)	1655년(효종 6)	1724년(경종 4)	연안(延安)
ITKC_MI_0446A	손재집(遜齋集)	박광일(朴光一)	1655년(효종 6)	1723년(경종 3)	순천(順天)
ITKC_MI_0447A	옥오재집(玉吾齋集)	송상기(宋相琦)	1657년(효종 8)	1723년(경종 3)	은진(恩津)
ITKC_MI_0448A	회와시고(晦窩詩稿)	이인엽(李寅燁)	1656년(효종 7)	1710년(숙종 36)	경주(慶州)
ITKC_MI_0449A	소재집(疎齋集)	이이명(李頤命)	1658년(효종 9)	1722년(경종 2)	전주(全州)
ITKC_MI_0450A	밀암집(密菴集)	이재(李栽)	1657년(효종 8)	1730년(영조 6)	재령(載寧)
ITKC_MI_0451A	죽천집(竹泉集)	김진규(金鎭圭)	1658년(효종 9)	1716년(숙종 42)	광산(光山)
ITKC_MI_0452A	노가재집(老稼齋集)	김창업(金昌業)	1658년(효종 9)	1721년(경종 1)	안동(安東)
ITKC_MI_0453A	옥천집(玉川集)	조덕린(趙德鄰)	1658년(효종 9)	1737년(영조 13)	한양(漢陽)
ITKC_MI_0454A	명암집(鳴巖集)	이해조(李海朝)	1660년(현종 1)	1711년(숙종 37)	연안(延安)
ITKC_MI_0455A	이우당집(二憂堂集)	조태채(趙泰采)	1660년(현종 1)	1722년(경종 2)	양주(楊州)
ITKC_MI_0456A	수곡집(壽谷集)	김주신(金柱臣)	1661년(현종 2)	1721년(경종 1)	경주(慶州)
ITKC_MI_0457A	포음집(圃陰集)	김창즙(金昌緝)	1662년(현종 3)	1713년(숙종 39)	안동(安東)
ITKC_MI_0458A	병산집(屛山集)	이관명(李觀命)	1661년(현종 2)	1733년(영조 9)	전주(全州)
ITKC_MI_0459A	한포재집(寒圃齋集)	이건명(李健命)	1663년(현종 4)	1722년(경종 2)	전주(全州)
ITKC_MI_0460A	식산집(息山集)	이만부(李萬敷)	1664년(현종 5)	1732년(영조 8)	연안(延安)
ITKC_MI_0461A	송암집(松巖集)	이재형(李載亨)	1665년(현종 6)	1741년(영조 17)	전주(全州)
ITKC_MI_0462A	덕촌집(德村集)	양득중(梁得中)	1665년(현종 6)	1742년(영조 18)	제주(濟州)
ITKC_MI_0463A	돈와유고(遯窩遺稿)	임수간(任守幹)	1665년(현종 6)	1721년(경종 1)	풍천(豐川)
ITKC_MI_0464A	도곡집(陶谷集)	이의현(李宜顯)	1669년(현종 10)	1745년(영조 21)	용인(龍仁)
ITKC_MI_0465A	희암집(希菴集)	채팽윤(蔡彭胤)	1669년(현종 10)	1731년(영조 7)	평강(平康)
ITKC_MI_0466A	곤륜집(昆侖集)	최창대(崔昌大)	1669년(현종 10)	1720년(숙종 46)	전주(全州)
ITKC_MI_0467A	기원집(杞園集)	어유봉(魚有鳳)	1672년(현종 13)	1744년(영조 20)	함종(咸從)
ITKC_MI_0468A	북헌집(北軒集)	김춘택(金春澤)	1670년(현종 11)	1717년(숙종 43)	광산(光山)
ITKC_MI_0469A	극재집(克齋集)	신익황(申益愰)	1672년(현종 13)	1722년(경종 2)	평산(平山)
ITKC_MI_0470A	도운유집(陶雲遺集)	이진망(李眞望)	1672년(현종 13)	1737년(영조 13)	전주(全州)
ITKC_MI_0471A	서당사재(西堂私載)	이덕수(李德壽)	1673년(현종 14)	1744년(영조 20)	전의(全義)
ITKC_MI_0472A	내재집(耐齋集)	홍태유(洪泰猷)	1672년(현종 13)	1715년(숙종 41)	남양(南陽)
ITKC_MI_0473A	눌은집(訥隱集)	이광정(李光庭)	1674년(현종 15)	1756년(영조 32)	원주(原州)
ITKC_MI_0474A	병곡집(屛谷集)	권구(權榘)	1672년(현종 13)	1749년(영조 25)	안동(安東)
ITKC_MI_0475A	경암유고(敬庵遺稿)	윤동수(尹東洙)	1674년(현종 15)	1739년(영조 15)	파평(坡平)
ITKC_MI_0476A	겸재집(謙齋集)	조태억(趙泰億)	1675년(숙종 1)	1728년(영조 4)	양주(楊州)
ITKC_MI_0477A	외암유고(巍巖遺稿)	이간(李柬)	1677년(숙종 3)	1727년(영조 3)	예안(禮安)
ITKC_MI_0478A	관봉유고(冠峯遺稿)	현상벽(玄尙璧)	1673년(현종 14)	1731년(영조 7)	연주(延州)
ITKC_MI_0479A	두타초(頭陀草)	이하곤(李夏坤)	1677년(숙종 3)	1724년(경종 4)	경주(慶州)
ITKC_MI_0480A	백일헌유집(白日軒遺集)	이삼(李森)	1677년(숙종 3)	1735년(영조 11)	함평(咸平)
ITKC_MI_0481A	백하집(白下集)	윤순(尹淳)	1680년(숙종 6)	1741년(영조 17)	해평(海平)
ITKC_MI_0482A	학암집(鶴巖集)	조문명(趙文命)	1680년(숙종 6)	1732년(영조 8)	풍양(豐壤)
ITKC_MI_0483A	치헌집(癡軒集)	김덕오(金德五)	1680년(숙종 6)	1748년(영조 24)	수안(遂安)
ITKC_MI_0484A	포암집(圃巖集)	윤봉조(尹鳳朝)	1680년(숙종 6)	1761년(영조 37)	파평(坡平)
ITKC_MI_0485A	도암집(陶菴集)	이재(李縡)	1680년(숙종 6)	1746년(영조 22)	우봉(牛峯)
ITKC_MI_0486A	여호집(黎湖集)	박필주(朴弼周)	1680년(숙종 6)	1748년(영조 24)	반남(潘南)
ITKC_MI_0487A	서암집(恕菴集)	신정하(申靖夏)	1681년(숙종 7)	1716년(숙종 42)	평산(平山)
ITKC_MI_0488A	완암집(浣巖集)	정내교(鄭來僑)	1681년(숙종 7)	1759년(영조 35)	창녕(昌寧)
ITKC_MI_0489A	성호전집(星湖全集)	이익(李瀷)	1681년(숙종 7)	1763년(영조 39)	여주(驪州)
ITKC_MI_0490A	청천집(靑泉集)	신유한(申維翰)	1681년(숙종 7)	1752년(영조 28)	영해(寧海)
ITKC_MI_0491A	남당집(南塘集)	한원진(韓元震)	1682년(숙종 8)	1751년(영조 27)	청주(淸州)
ITKC_MI_0492A	관복암시고(觀復菴詩稿)	김숭겸(金崇謙)	1682년(숙종 8)	1700년(숙종 26)	안동(安東)
ITKC_MI_0493A	숭악집(崧岳集)	임창택(林昌澤)	1682년(숙종 8)	1723년(경종 3)	곡성(谷城)
ITKC_MI_0494A	병계집(屛溪集)	윤봉구(尹鳳九)	1683년(숙종 9)	1767년(영조 43)	파평(坡平)
ITKC_MI_0495A	봉암집(鳳巖集)	채지홍(蔡之洪)	1683년(숙종 9)	1741년(영조 17)	인천(仁川)
ITKC_MI_0496A	노촌집(老村集)	임상덕(林象德)	1683년(숙종 9)	1719년(숙종 45)	나주(羅州)
ITKC_MI_0497A	제산집(霽山集)	김성탁(金聖鐸)	1684년(숙종 10)	1747년(영조 23)	의성(義城)
ITKC_MI_0498A	저촌유고(樗村遺稿)	심육(沈錥)	1685년(숙종 11)	1753년(영조 29)	청송(靑松)
ITKC_MI_0499A	일암유고(一庵遺稿)	윤동원(尹東源)	1685년(숙종 11)	1741년(영조 17)	파평(坡平)
ITKC_MI_0500A	화곡집(華谷集)	황택후(黃宅厚)	1687년(숙종 13)	1737년(영조 13)	창원(昌原)
ITKC_MI_0501A	강좌집(江左集)	권만(權萬)	1688년(숙종 14)	1749년(영조 25)	안동(安東)
ITKC_MI_0502A	몽예집(夢囈集)	남극관(南克寬)	1689년(숙종 15)	1714년(숙종 40)	의령(宜寧)
ITKC_MI_0503A	관양집(冠陽集)	이광덕(李匡德)	1690년(숙종 16)	1748년(영조 24)	전주(全州)
ITKC_MI_0504A	입재유고(立齋遺稿)	강재항(姜再恒)	1689년(숙종 15)	1756년(영조 32)	진주(晉州)
ITKC_MI_0505A	약산만고(藥山漫稿)	오광운(吳光運)	1689년(숙종 15)	1745년(영조 21)	동복(同福)
ITKC_MI_0506A	회헌집(悔軒集)	조관빈(趙觀彬)	1691년(숙종 17)	1757년(영조 33)	양주(楊州)
ITKC_MI_0507A	귀록집(歸鹿集)	조현명(趙顯命)	1691년(숙종 17)	1752년(영조 28)	풍양(豐壤)
ITKC_MI_0508A	지수재집(知守齋集)	유척기(兪拓基)	1691년(숙종 17)	1767년(영조 43)	기계(杞溪)
ITKC_MI_0509A	오천집(梧川集)	이종성(李宗城)	1692년(숙종 18)	1759년(영조 35)	경주(慶州)
ITKC_MI_0510A	동계집(東谿集)	조귀명(趙龜命)	1693년(숙종 19)	1737년(영조 13)	풍양(豐壤)
ITKC_MI_0511A	정암집(貞菴集)	민우수(閔遇洙)	1694년(숙종 20)	1756년(영조 32)	여흥(驪興)
ITKC_MI_0512A	직암집(直菴集)	신경(申暻)	1696년(숙종 22)	1766년(영조 42)	평산(平山)
ITKC_MI_0513A	뇌연집(雷淵集)	남유용(南有容)	1698년(숙종 24)	1773년(영조 49)	의령(宜寧)
ITKC_MI_0514A	진암집(晉菴集)	이천보(李天輔)	1698년(숙종 24)	1761년(영조 37)	연안(延安)
ITKC_MI_0515A	월곡집(月谷集)	오원(吳瑗)	1700년(숙종 26)	1740년(영조 16)	해주(海州)
ITKC_MI_0516A	춘주유고(春洲遺稿)	김도수(金道洙)	1699년(숙종 25)	1733년(영조 9)	청풍(淸風)
ITKC_MI_0517A	계구암집(戒懼菴集)	윤형로(尹衡老)	1702년(숙종 28)	1782년(정조 6)	파평(坡平)
ITKC_MI_0518A	삼산집(三山集)	유정원(柳正源)	1702년(숙종 28)	1761년(영조 37)	전주(全州)
ITKC_MI_0519A	미호집(渼湖集)	김원행(金元行)	1702년(숙종 28)	1772년(영조 48)	안동(安東)
ITKC_MI_0520A	손재집(損齋集)	조재호(趙載浩)	1702년(숙종 28)	1762년(영조 38)	풍양(豐壤)
ITKC_MI_0521A	역천집(櫟泉集)	송명흠(宋明欽)	1705년(숙종 31)	1768년(영조 44)	은진(恩津)
ITKC_MI_0522A	원교집(圓嶠集)	이광사(李匡師)	1705년(숙종 31)	1777년(정조 1)	전주(全州)
ITKC_MI_0523A	백불암집(百弗菴集)	최흥원(崔興遠)	1705년(숙종 31)	1786년(정조 10)	경주(慶州)
ITKC_MI_0524A	구사당집(九思堂集)	김낙행(金樂行)	1708년(숙종 34)	1766년(영조 42)	의성(義城)
ITKC_MI_0525A	탄만집(𢾡𢿜集)	이용휴(李用休)	1708년(숙종 34)	1782년(정조 6)	여주(驪州)
ITKC_MI_0526A	소곡유고(素谷遺稿)	윤광소(尹光紹)	1708년(숙종 34)	1786년(정조 10)	파평(坡平)
ITKC_MI_0527A	강한집(江漢集)	황경원(黃景源)	1709년(숙종 35)	1787년(정조 11)	장수(長水)
ITKC_MI_0528A	운평집(雲坪集)	송능상(宋能相)	1710년(숙종 36)	1758년(영조 34)	은진(恩津)
ITKC_MI_0529A	한정당집(閒靜堂集)	송문흠(宋文欽)	1710년(숙종 36)	1752년(영조 28)	은진(恩津)
ITKC_MI_0530A	능호집(凌壺集)	이인상(李麟祥)	1710년(숙종 36)	1760년(영조 36)	전주(全州)
ITKC_MI_0531A	대산집(大山集)	이상정(李象靖)	1711년(숙종 37)	1781년(정조 5)	한산(韓山)
ITKC_MI_0532A	녹문집(鹿門集)	임성주(任聖周)	1711년(숙종 37)	1788년(정조 12)	풍천(豐川)
ITKC_MI_0533A	과암집(果菴集)	송덕상(宋德相)	1710년(숙종 36)	1783년(정조 7)	은진(恩津)
ITKC_MI_0534A	순암집(順菴集)	안정복(安鼎福)	1712년(숙종 38)	1791년(정조 15)	광주(廣州)
ITKC_MI_0535A	재간집(在澗集)	임희성(任希聖)	1712년(숙종 38)	1783년(정조 7)	풍천(豐川)
ITKC_MI_0536A	여암유고(旅菴遺稿)	신경준(申景濬)	1712년(숙종 38)	1781년(정조 5)	고령(高靈)
ITKC_MI_0537A	석북집(石北集)	신광수(申光洙)	1712년(숙종 38)	1775년(영조 51)	고령(高靈)
ITKC_MI_0538A	소산집(小山集)	이광정(李光靖)	1714년(숙종 40)	1789년(정조 13)	한산(韓山)
ITKC_MI_0539A	풍서집(豐墅集)	이민보(李敏輔)	1717년(숙종 43)	1799년(정조 23)	연안(延安)
ITKC_MI_0540A	보만재집(保晚齋集)	서명응(徐命膺)	1716년(숙종 42)	1787년(정조 11)	달성(達城)
ITKC_MI_0541A	삽교집(霅橋集)	안석경(安錫儆)	1718년(숙종 44)	1774년(영조 50)	순흥(順興)
ITKC_MI_0542A	간옹집(艮翁集)	이헌경(李獻慶)	1719년(숙종 45)	1791년(정조 15)	전주(全州)
ITKC_MI_0543A	번암집(樊巖集)	채제공(蔡濟恭)	1720년(숙종 46)	1799년(정조 23)	평강(平康)
ITKC_MI_0544A	쌍계유고(雙溪遺稿)	이복원(李福源)	1719년(숙종 45)	1792년(정조 16)	연안(延安)
ITKC_MI_0545A	이참봉집(李參奉集)	이광려(李匡呂)	1720년(숙종 46)	1783년(정조 7)	전주(全州)
ITKC_MI_0546A	본암집(本庵集)	김종후(金鍾厚)	1721년(경종 1)	1780년(정조 4)	청풍(淸風)
ITKC_MI_0547A	노애집(蘆厓集)	유도원(柳道源)	1721년(경종 1)	1791년(정조 15)	전주(全州)
ITKC_MI_0548A	삼산재집(三山齋集)	김이안(金履安)	1722년(경종 2)	1791년(정조 15)	안동(安東)
ITKC_MI_0549A	해좌집(海左集)	정범조(丁範祖)	1723년(경종 3)	1801년(순조 1)	나주(羅州)
ITKC_MI_0550A	죽하집(竹下集)	김익(金熤)	1723년(경종 3)	1790년(정조 14)	연안(延安)
ITKC_MI_0551A	이계집(耳溪集)	홍양호(洪良浩)	1724년(경종 4)	1802년(순조 2)	풍산(豐山)
ITKC_MI_0552A	순암집(醇庵集)	오재순(吳載純)	1727년(영조 3)	1792년(정조 16)	해주(海州)
ITKC_MI_0553A	존재집(存齋集)	위백규(魏伯珪)	1727년(영조 3)	1798년(정조 22)	장흥(長興)
ITKC_MI_0554A	성담집(性潭集)	송환기(宋煥箕)	1728년(영조 4)	1807년(순조 7)	은진(恩津)
ITKC_MI_0555A	하서집(荷棲集)	조경(趙璥)	1727년(영조 3)	1787년(정조 11)	풍양(豐壤)
ITKC_MI_0556A	몽오집(夢梧集)	김종수(金鍾秀)	1728년(영조 4)	1799년(정조 23)	청풍(淸風)
ITKC_MI_0557A	이재유고(頤齋遺藁)	황윤석(黃胤錫)	1729년(영조 5)	1791년(정조 15)	평해(平海)
ITKC_MI_0558A	연석(燕石)	유언호(兪彥鎬)	1730년(영조 6)	1796년(정조 20)	기계(杞溪)
ITKC_MI_0559A	수산집(修山集)	이종휘(李種徽)	1731년(영조 7)	1797년(정조 21)	전주(全州)
ITKC_MI_0560A	담헌서(湛軒書)	홍대용(洪大容)	1731년(영조 7)	1783년(정조 7)	남양(南陽)
ITKC_MI_0561A	청성집(靑城集)	성대중(成大中)	1732년(영조 8)	1809년(순조 9)	창녕(昌寧)
ITKC_MI_0562A	자저(自著)	유한준(兪漢雋)	1732년(영조 8)	1811년(순조 11)	기계(杞溪)
ITKC_MI_0563A	근재집(近齋集)	박윤원(朴胤源)	1734년(영조 10)	1799년(정조 23)	반남(潘南)
ITKC_MI_0564A	능허관만고(凌虛關漫稿)	장헌세자(莊憲世子)	1735년(영조 11)	1762년(영조 38)	전주(全州)
ITKC_MI_0565A	완구유집(宛丘遺集)	신대우(申大羽)	1735년(영조 11)	1809년(순조 9)	평산(平山)
ITKC_MI_0566A	묵헌집(默軒集)	이만운(李萬運)	1736년(영조 12)	1820년(순조 20)	광주(廣州)
ITKC_MI_0567A	만각재집(晚覺齋集)	이동급(李東汲)	1738년(영조 14)	1811년(순조 11)	광주(廣州)
ITKC_MI_0568A	연암집(燕巖集)	박지원(朴趾源)	1737년(영조 13)	1805년(순조 5)	반남(潘南)
ITKC_MI_0569A	신재집(信齋集)	이영익(李令翊)	1738년(영조 14)	1780년(정조 4)	전주(全州)
ITKC_MI_0570A	송목관신여고(松穆館燼餘稿)	이언진(李彥瑱)	1740년(영조 16)	1766년(영조 42)	강양(江陽)
ITKC_MI_0571A	입재집(立齋集)	정종로(鄭宗魯)	1738년(영조 14)	1816년(순조 16)	진주(晉州)
ITKC_MI_0572A	금석집(錦石集)	박준원(朴準源)	1739년(영조 15)	1807년(순조 7)	반남(潘南)
ITKC_MI_0573A	과재유고(過齋遺稿)	김정묵(金正默)	1739년(영조 15)	1799년(정조 23)	광산(光山)
ITKC_MI_0574A	금대시문초(錦帶詩文鈔)	이가환(李家煥)	1742년(영조 18)	1801년(순조 1)	여주(驪州)
ITKC_MI_0575A	초원유고(椒園遺藁)	이충익(李忠翊)	1744년(영조 20)	1816년(순조 16)	전주(全州)
ITKC_MI_0576A	무명자집(無名子集)	윤기(尹愭)	1741년(영조 17)	1826년(순조 26)	파평(坡平)
ITKC_MI_0577A	청장관전서(靑莊館全書)	이덕무(李德懋)	1741년(영조 17)	1793년(정조 17)	전주(全州)
ITKC_MI_0578A	해석유고(海石遺稿)	김재찬(金載瓚)	1746년(영조 22)	1827년(순조 27)	연안(延安)
ITKC_MI_0579A	영재집(泠齋集)	유득공(柳得恭)	1748년(영조 24)	1807년(순조 7)	문화(文化)
ITKC_MI_0580A	공백당집(拱白堂集)	황덕일(黃德壹)	1748년(영조 24)	1800년(정조 24)	창원(昌原)
ITKC_MI_0581A	하려집(下廬集)	황덕길(黃德吉)	1750년(영조 26)	1827년(순조 27)	창원(昌原)
ITKC_MI_0582A	명고전집(明臯全集)	서형수(徐瀅修)	1749년(영조 25)	1824년(순조 24)	달성(達城)
ITKC_MI_0583A	정유각집(貞蕤閣集)	박제가(朴齊家)	1750년(영조 26)	1805년(순조 5)	밀양(密陽)
ITKC_MI_0584A	홍재전서(弘齋全書)	정조(正祖)	1752년(영조 28)	1800년(정조 24)	전주(全州)
ITKC_MI_0585A	극원유고(屐園遺稿)	이만수(李晩秀)	1752년(영조 28)	1820년(순조 20)	연안(延安)
ITKC_MI_0586A	사명자시집(四名子詩集)	차좌일(車佐一)	1753년(영조 29)	1809년(순조 9)	연안(延安)
ITKC_MI_0587A	후계집(後溪集)	이이순(李頤淳)	1754년(영조 30)	1832년(순조 32)	진보(眞寶)
ITKC_MI_0588A	죽석관유집(竹石館遺集)	서영보(徐榮輔)	1759년(영조 35)	1816년(순조 16)	달성(達城)
ITKC_MI_0589A	척재집(惕齋集)	이서구(李書九)	1754년(영조 30)	1825년(순조 25)	전주(全州)
ITKC_MI_0590A	이이엄집(而已广集)	장혼(張混)	1759년(영조 35)	1828년(순조 28)	결성(結城)
ITKC_MI_0591A	강재집(剛齋集)	송치규(宋穉圭)	1759년(영조 35)	1838년(헌종 4)	은진(恩津)
ITKC_MI_0592A	추재집(秋齋集)	조수삼(趙秀三)	1762년(영조 38)	1849년(헌종 15)	한양(漢陽)
ITKC_MI_0593A	금릉집(金陵集)	남공철(南公轍)	1760년(영조 36)	1840년(헌종 6)	의령(宜寧)
ITKC_MI_0594A	연경재전집(硏經齋全集)	성해응(成海應)	1760년(영조 36)	1839년(헌종 5)	창녕(昌寧)
ITKC_MI_0595A	석천유고(石泉遺稿)	신작(申綽)	1760년(영조 36)	1828년(순조 28)	평산(平山)
ITKC_MI_0596A	노주집(老洲集)	오희상(吳熙常)	1763년(영조 39)	1833년(순조 33)	해주(海州)
ITKC_MI_0597A	여유당전서(與猶堂全書)	정약용(丁若鏞)	1762년(영조 38)	1836년(헌종 2)	나주(羅州)
ITKC_MI_0598A	석재고(碩齋稿)	윤행임(尹行恁)	1762년(영조 38)	1801년(순조 1)	남원(南原)
ITKC_MI_0599A	풍석전집(楓石全集)	서유구(徐有榘)	1764년(영조 40)	1845년(헌종 11)	달성(達城)
ITKC_MI_0600A	풍고집(楓皐集)	김조순(金祖淳)	1765년(영조 41)	1832년(순조 32)	안동(安東)
ITKC_MI_0601A	담정유고(藫庭遺藁)	김려(金鑢)	1766년(영조 42)	1821년(순조 21)	연안(延安)
ITKC_MI_0602A	두실존고(斗室存稿)	심상규(沈象奎)	1766년(영조 42)	1838년(헌종 4)	청송(靑松)
ITKC_MI_0603A	대연유고(岱淵遺藁)	이면백(李勉伯)	1767년(영조 43)	1830년(순조 30)	전주(全州)
ITKC_MI_0604A	낙하생집(洛下生集)	이학규(李學逵)	1770년(영조 46)	1835년(헌종 1)	평창(平昌)
ITKC_MI_0605A	경수당전고(警修堂全藁)	신위(申緯)	1769년(영조 45)	1845년(헌종 11)	평산(平山)
ITKC_MI_0606A	존재집(存齋集)	박윤묵(朴允默)	1771년(영조 47)	1849년(헌종 15)	밀양(密陽)
ITKC_MI_0607A	연천집(淵泉集)	홍석주(洪奭周)	1774년(영조 50)	1842년(헌종 8)	풍산(豐山)
ITKC_MI_0608A	대산집(臺山集)	김매순(金邁淳)	1776년(영조 52)	1840년(헌종 6)	안동(安東)
ITKC_MI_0609A	매산집(梅山集)	홍직필(洪直弼)	1776년(영조 52)	1852년(철종 3)	남양(南陽)
ITKC_MI_0610A	정재집(定齋集)	유치명(柳致明)	1777년(정조 1)	1861년(철종 12)	전주(全州)
ITKC_MI_0611A	운석유고(雲石遺稿)	조인영(趙寅永)	1782년(정조 6)	1850년(철종 1)	풍양(豐壤)
ITKC_MI_0612A	과재집(果齋集)	성근묵(成近默)	1784년(정조 8)	1852년(철종 3)	창녕(昌寧)
ITKC_MI_0613A	경산집(經山集)	정원용(鄭元容)	1783년(정조 7)	1873년(고종 10)	동래(東萊)
ITKC_MI_0614A	완당전집(阮堂全集)	김정희(金正喜)	1786년(정조 10)	1856년(철종 7)	경주(慶州)
ITKC_MI_0615A	성재집(成齋集)	조병현(趙秉鉉)	1791년(정조 15)	1849년(헌종 15)	풍양(豐壤)
ITKC_MI_0616A	사기집(沙磯集)	이시원(李是遠)	1789년(정조 13)	1866년(고종 3)	전주(全州)
ITKC_MI_0617A	오서집(梧墅集)	박영원(朴永元)	1791년(정조 15)	1854년(철종 5)	고령(高靈)
ITKC_MI_0618A	소재집(歗齋集)	변종운(卞鍾運)	1790년(정조 14)	1866년(고종 3)	밀양(密陽)
ITKC_MI_0619A	금곡집(錦谷集)	송내희(宋來熙)	1791년(정조 15)	1867년(고종 4)	은진(恩津)
ITKC_MI_0620A	동번집(東樊集)	이만용(李晩用)	1792년(정조 16)	1863년(철종 14)	전주(全州)
ITKC_MI_0621A	화서집(華西集)	이항로(李恒老)	1792년(정조 16)	1868년(고종 5)	벽진(碧珍)
ITKC_MI_0622A	침계유고(梣溪遺稿)	윤정현(尹定鉉)	1793년(정조 17)	1874년(고종 11)	남원(南原)
ITKC_MI_0623A	연파시초(蓮坡詩鈔)	김진수(金進洙)	1797년(정조 21)	1865년(고종 2)	경주(慶州)
ITKC_MI_0624A	해옹고(海翁藁)	홍한주(洪翰周)	1798년(정조 22)	1868년(고종 5)	풍산(豐山)
ITKC_MI_0625A	심암유고(心庵遺稿)	조두순(趙斗淳)	1796년(정조 20)	1870년(고종 7)	양주(楊州)
ITKC_MI_0626A	성재집(性齋集)	허전(許傳)	1797년(정조 21)	1886년(고종 23)	양천(陽川)
ITKC_MI_0627A	담인집(澹人集)	신좌모(申佐模)	1799년(정조 23)	1877년(고종 14)	고령(高靈)
ITKC_MI_0628A	노사집(蘆沙集)	기정진(奇正鎭)	1798년(정조 22)	1879년(고종 16)	행주(幸州)
ITKC_MI_0629A	숙재집(肅齋集)	조병덕(趙秉悳)	1800년(정조 24)	1870년(고종 7)	양주(楊州)
ITKC_MI_0630A	봉서집(鳳棲集)	유신환(兪莘煥)	1801년(순조 1)	1859년(철종 10)	기계(杞溪)
ITKC_MI_0631A	은송당집(恩誦堂集)	이상적(李尙迪)	1803년(순조 3)	1865년(고종 2)	우봉(牛峯)
ITKC_MI_0632A	환재집(瓛齋集)	박규수(朴珪壽)	1807년(순조 7)	1876년(고종 13)	반남(潘南)
ITKC_MI_0633A	하원시초(夏園詩鈔)	정지윤(鄭芝潤)	1808년(순조 8)	1858년(철종 9)	봉산(蓬山)
ITKC_MI_0634A	수종재집(守宗齋集)	송달수(宋達洙)	1808년(순조 8)	1858년(철종 9)	은진(恩津)
ITKC_MI_0635A	계당집(溪堂集)	유주목(柳疇睦)	1813년(순조 13)	1872년(고종 9)	풍산(豐山)
ITKC_MI_0636A	고산집(鼓山集)	임헌회(任憲晦)	1811년(순조 11)	1876년(고종 13)	풍천(豐川)
ITKC_MI_0637A	가오고략(嘉梧藁略)	이유원(李裕元)	1814년(순조 14)	1888년(고종 25)	경주(慶州)
ITKC_MI_0638A	사미헌집(四未軒集)	장복추(張福樞)	1815년(순조 15)	1900년(고종 37)	인동(仁同)
ITKC_MI_0639A	규재유고(圭齋遺藁)	남병철(南秉哲)	1817년(순조 17)	1863년(철종 14)	의령(宜寧)
ITKC_MI_0640A	한주집(寒洲集)	이진상(李震相)	1818년(순조 18)	1886년(고종 23)	성산(星山)
ITKC_MI_0641A	고환당수초(古歡堂收艸)	강위(姜瑋)	1820년(순조 20)	1884년(고종 21)	진주(晉州)
ITKC_MI_0642A	중암집(重菴集)	김평묵(金平默)	1819년(순조 19)	1891년(고종 28)	청풍(淸風)
ITKC_MI_0643A	서산집(西山集)	김흥락(金興洛)	1827년(순조 27)	1899년(고종 36)	의성(義城)
ITKC_MI_0644A	하정집(荷亭集)	김영수(金永壽)	1829년(순조 29)	1899년(고종 36)	광산(光山)
ITKC_MI_0645A	미산집(眉山集)	한장석(韓章錫)	1832년(순조 32)	1894년(고종 31)	청주(淸州)
ITKC_MI_0646A	성재집(省齋集)	유중교(柳重敎)	1832년(순조 32)	1893년(고종 30)	고흥(高興)
ITKC_MI_0647A	면암집(勉菴集)	최익현(崔益鉉)	1833년(순조 33)	1906년(고종 43)	경주(慶州)
ITKC_MI_0648A	후산집(后山集)	허유(許愈)	1833년(순조 33)	1904년(고종 41)	김해(金海)
ITKC_MI_0649A	방산집(舫山集)	허훈(許薰)	1836년(헌종 2)	1907년(순종 1)	김해(金海)
ITKC_MI_0650A	운양집(雲養集)	김윤식(金允植)	1835년(헌종 1)	1922년	청풍(淸風)
ITKC_MI_0651A	연재집(淵齋集)	송병선(宋秉璿)	1836년(헌종 2)	1905년(고종 42)	은진(恩津)
ITKC_MI_0652A	만구집(晩求集)	이종기(李種杞)	1837년(헌종 3)	1902년(고종 39)	전의(全義)
ITKC_MI_0653A	간재집(艮齋集)	전우(田愚)	1841년(헌종 7)	1922년	담양(潭陽)
ITKC_MI_0654A	의암집(毅菴集)	유인석(柳麟錫)	1842년(헌종 8)	1915년	고흥(高興)
ITKC_MI_0655A	면우집(俛宇集)	곽종석(郭鍾錫)	1846년(헌종 12)	1919년	현풍(玄風)
ITKC_MI_0656A	송사집(松沙集)	기우만(奇宇萬)	1846년(헌종 12)	1916년	행주(幸州)
ITKC_MI_0657A	이해학유서(李海鶴遺書)	이기(李沂)	1848년(헌종 14)	1909년(순종 3)	고성(固城)
ITKC_MI_0658A	소호당집(韶濩堂集)	김택영(金澤榮)	1850년(철종 1)	1927년	화개(花開)
ITKC_MI_0659A	양원유집(陽園遺集)	신기선(申箕善)	1851년(철종 2)	1909년(순종 3)	평산(平山)
ITKC_MI_0660A	매천집(梅泉集)	황현(黃玹)	1855년(철종 6)	1910년(순종 4)	장수(長水)
ITKC_MI_0661A	명미당집(明美堂集)	이건창(李建昌)	1852년(철종 3)	1898년(고종 35)	전주(全州)
ITKC_MI_0662A	수당유집(修堂遺集)	이남규(李南珪)	1855년(철종 6)	1907년(순종 1)	한산(韓山)
ITKC_MI_0663A	암서집(巖棲集)	조긍섭(曺兢燮)	1873년(고종 10)	1933년	창녕(昌寧)
ITKC_MI_0664A	죽헌유집(竹軒遺集)	나계종(羅繼從)	1339년(충숙왕 복위 8)	1415년(태종 15)	나주(羅州)
ITKC_MI_0665A	매헌집(梅軒集)	권우(權遇)	1363년(공민왕 12)	1419년(세종 1)	안동(安東)
ITKC_MI_0666A	무송헌집(撫松軒集)	김담(金淡)	1416년(태종 16)	1464년(세조 10)	예안(禮安)
ITKC_MI_0667A	물재집(勿齋集)	손순효(孫舜孝)	1427년(세종 9)	1497년(연산군 3)	평해(平海)
ITKC_MI_0668A	지지당시집(止止堂詩集)	김맹성(金孟性)	1437년(세종 19)	1487년(성종 18)	해평(海平)
ITKC_MI_0669A	풍월정집(風月亭集)	이정(李婷)	1454년(단종 2)	1488년(성종 19)	전주(全州)
ITKC_MI_0670A	창계집(滄溪集)	문경동(文敬仝)	1457년(세조 3)	1521년(중종 16)	감천(甘泉)
ITKC_MI_0671A	관포시집(灌圃詩集)	어득강(魚得江)	1470년(성종 1)	1550년(명종 5)	함종(咸從)
ITKC_MI_0672A	괴은유고(乖隱遺稿)	정구(鄭球)	1490년(성종 21)	미상	동래(東萊)
ITKC_MI_0673A	운암일고(雲巖逸稿)	김연(金緣)	1487년(성종 18)	1544년(중종 39)	광주(光州)
ITKC_MI_0674A	용암집(龍巖集)	박운(朴雲)	1493년(성종 24)	1562년(명종 17)	밀양(密陽)
ITKC_MI_0675A	야계집(倻溪集)	송희규(宋希奎)	1494년(성종 25)	1558년(명종 13)	야로(冶爐)
ITKC_MI_0676A	독암유고(獨庵遺稿)	조종경(趙宗敬)	1495년(연산군 1)	1535년(중종 30)	풍양(豐壤)
ITKC_MI_0677A	회산집(檜山集)	정환(丁煥)	1497년(연산군 3)	1540년(중종 35)	창원(昌原)
ITKC_MI_0678A	무하옹집(無何翁集)	이원손(李元孫)	1498년(연산군 4)	1554년(명종 9)	전의(全義)
ITKC_MI_0679A	숭덕재유고(崇德齋遺稿)	이윤경(李潤慶)	1498년(연산군 4)	1562년(명종 17)	광주(廣州)
ITKC_MI_0680A	구암집(久庵集)	김취문(金就文)	1509년(중종 4)	1570년(선조 3)	선산(善山)
ITKC_MI_0681A	송파일고(松坡逸稿)	박전(朴全)	1514년(중종 9)	1558년(명종 13)	무안(務安)
ITKC_MI_0682A	급고유고(汲古遺稿)	이홍남(李洪男)	1515년(중종 10)	1572년(선조 5)	광주(廣州)
ITKC_MI_0683A	후조당집(後彫堂集)	김부필(金富弼)	1516년(중종 11)	1577년(선조 10)	광산(光山)
ITKC_MI_0684A	구촌집(龜村集)	유경심(柳景深)	1516년(중종 11)	1571년(선조 4)	풍산(豐山)
ITKC_MI_0685A	청련집(靑蓮集)	이후백(李後白)	1520년(중종 15)	1578년(선조 11)	연안(延安)
ITKC_MI_0686A	매헌집(梅軒集)	금보(琴輔)	1521년(중종 16)	1584년(선조 17)	봉화(奉化)
ITKC_MI_0687A	춘당집(春塘集)	오수영(吳守盈)	1521년(중종 16)	1606년(선조 39)	고창(高敞)
ITKC_MI_0688A	기봉집(岐峯集)	백광홍(白光弘)	1522년(중종 17)	1556년(명종 11)	해미(海美)
ITKC_MI_0689A	개암집(開巖集)	김우굉(金宇宏)	1524년(중종 19)	1590년(선조 23)	의성(義城)
ITKC_MI_0690A	지산집(芝山集)	김팔원(金八元)	1524년(중종 19)	1569년(선조 2)	강릉(江陵)
ITKC_MI_0691A	송당집(松塘集)	유홍(兪泓)	1524년(중종 19)	1594년(선조 27)	기계(杞溪)
ITKC_MI_0692A	만헌집(晩軒集)	정염(丁焰)	1524년(중종 19)	1609년(광해군 1)	창원(昌原)
ITKC_MI_0693A	동상집(東湘集)	허진동(許震童)	1525년(중종 20)	1610년(광해군 2)	태인(泰仁)
ITKC_MI_0694A	오봉집(鰲峯集)	김제민(金齊閔)	1527년(중종 22)	1599년(선조 32)	의성(義城)
ITKC_MI_0695A	성재집(惺齋集)	금난수(琴蘭秀)	1530년(중종 25)	1604년(선조 37)	봉화(奉化)
ITKC_MI_0696A	동은고(峒隱稿)	이의건(李義健)	1533년(중종 28)	1621년(광해군 13)	전주(全州)
ITKC_MI_0697A	임연재집(臨淵齋集)	배삼익(裵三益)	1534년(중종 29)	1588년(선조 21)	흥해(興海)
ITKC_MI_0698A	상유집(桑楡集)	유사규(柳思規)	1534년(중종 29)	1607년(선조 40)	진주(晉州)
ITKC_MI_0699A	선양정집(善養亭集)	정희맹(丁希孟)	1536년(중종 31)	1596년(선조 29)	영광(靈光)
ITKC_MI_0700A	송담집(松潭集)	송남수(宋柟壽)	1537년(중종 32)	1626년(인조 4)	은진(恩津)
ITKC_MI_0701A	회곡집(晦谷集)	권춘란(權春蘭)	1539년(중종 34)	1617년(광해군 9)	안동(安東)
ITKC_MI_0702A	죽유집(竹牖集)	오운(吳澐)	1540년(중종 35)	1617년(광해군 9)	고창(高敞)
ITKC_MI_0703A	송암유고(松菴遺稿)	김면(金沔)	1541년(중종 36)	1593년(선조 26)	고령(高靈)
ITKC_MI_0704A	남창잡고(南窓雜藁)	김현성(金玄成)	1542년(중종 37)	1621년(광해군 13)	김해(金海)
ITKC_MI_0705A	만죽헌집(萬竹軒集)	서익(徐益)	1542년(중종 37)	1587년(선조 20)	부여(扶餘)
ITKC_MI_0706A	명관유고집(冥觀遺稿集)	윤안성(尹安性)	1542년(중종 37)	1615년(광해군 7)	파평(坡平)
ITKC_MI_0707A	남천집(南川集)	권두문(權斗文)	1543년(중종 38)	1617년(광해군 9)	안동(安東)
ITKC_MI_0708A	안촌집(安村集)	배응경(裵應褧)	1544년(중종 39)	1602년(선조 35)	성주(星州)
ITKC_MI_0709A	식암집(息庵集)	황섬(黃暹)	1544년(중종 39)	1616년(광해군 8)	창원(昌原)
ITKC_MI_0710A	북애집(北厓集)	김기(金圻)	1547년(명종 2)	1603년(선조 36)	광산(光山)
ITKC_MI_0711A	사촌집(沙村集)	장경세(張經世)	1547년(명종 2)	1615년(광해군 7)	흥덕(興德)
ITKC_MI_0712A	서포집(西浦集)	곽열(郭說)	1548년(명종 3)	1630년(인조 8)	청주(淸州)
ITKC_MI_0713A	대암집(大菴集)	박성(朴惺)	1549년(명종 4)	1606년(선조 39)	밀양(密陽)
ITKC_MI_0714A	계음집(溪陰集)	조팽년(趙彭年)	1549년(명종 4)	1612년(광해군 4)	한양(漢陽)
ITKC_MI_0715A	모당집(慕堂集)	홍이상(洪履祥)	1549년(명종 4)	1615년(광해군 7)	풍산(豐山)
ITKC_MI_0716A	하의유고(荷衣遺稿)	홍적(洪迪)	1549년(명종 4)	1591년(선조 24)	남양(南陽)
ITKC_MI_0717A	낙재집(樂齋集)	서사원(徐思遠)	1550년(명종 5)	1615년(광해군 7)	달성(達城)
ITKC_MI_0718A	동호집(東湖集)	문덕교(文德敎)	1551년(명종 6)	1611년(광해군 3)	개령(開寧)
ITKC_MI_0719A	독석집(獨石集)	황혁(黃赫)	1551년(명종 6)	1612년(광해군 4)	장수(長水)
ITKC_MI_0720A	송소집(松巢集)	권우(權宇)	1552년(명종 7)	1590년(선조 23)	안동(安東)
ITKC_MI_0721A	청륙집(靑陸集)	김덕겸(金德謙)	1552년(명종 7)	1633년(인조 11)	상산(商山)
ITKC_MI_0722A	감호집(鑑湖集)	여대로(呂大老)	1552년(명종 7)	1619년(광해군 11)	성산(星山)
ITKC_MI_0723A	유연당집(悠然堂集)	김대현(金大賢)	1553년(명종 8)	1602년(선조 35)	풍산(豐山)
ITKC_MI_0724A	모당집(慕堂集)	손처눌(孫處訥)	1553년(명종 8)	1634년(인조 12)	일직(一直)
ITKC_MI_0725A	만퇴헌유고(晩退軒遺稿)	신응구(申應榘)	1553년(명종 8)	1623년(인조 1)	고령(高靈)
ITKC_MI_0726A	서계집(西溪集)	이득윤(李得胤)	1553년(명종 8)	1630년(인조 8)	경주(慶州)
ITKC_MI_0727A	화곡집(禾谷集)	정사호(鄭賜湖)	1553년(명종 8)	1616년(광해군 8)	광주(光州)
ITKC_MI_0728A	모계집(茅谿集)	문위(文緯)	1554년(명종 9)	1631년(인조 9)	남평(南平)
ITKC_MI_0729A	감수재집(感樹齋集)	박여량(朴汝樑)	1554년(명종 9)	1611년(광해군 3)	삼척(三陟)
ITKC_MI_0730A	근시재집(近始齋集)	김해(金垓)	1555년(명종 10)	1593년(선조 26)	광주(光州)
ITKC_MI_0731A	역양집(嶧陽集)	문경호(文景虎)	1556년(명종 11)	1619년(광해군 11)	남평(南平)
ITKC_MI_0732A	표옹유고(瓢翁遺稿)	송영구(宋英耈)	1556년(명종 11)	1620년(광해군 12)	진천(鎭川)
ITKC_MI_0733A	취사집(炊沙集)	이여빈(李汝馪)	1556년(명종 11)	1631년(인조 9)	우계(羽溪)
ITKC_MI_0734A	가휴집(可畦集)	조익(趙翊)	1556년(명종 11)	1613년(광해군 5)	풍양(豐壤)
ITKC_MI_0735A	해월집(海月集)	황여일(黃汝一)	1556년(명종 11)	1622년(광해군 14)	평해(平海)
ITKC_MI_0736A	수북정집(水北亭集)	김흥국(金興國)	1557년(명종 12)	1623년(인조 1)	순천(順天)
ITKC_MI_0737A	월간집(月澗集)	이전(李㙉)	1558년(명종 13)	1648년(인조 26)	흥양(興陽)
ITKC_MI_0738A	매창집(梅窓集)	정사신(鄭士信)	1558년(명종 13)	1619년(광해군 11)	청주(淸州)
ITKC_MI_0739A	문월당집(問月堂集)	오극성(吳克成)	1559년(명종 14)	1617년(광해군 9)	함양(咸陽)
ITKC_MI_0740A	풍암집(楓巖集)	김종필(金終弼)	미상(중종 연간 활동)	미상	청풍(淸風)
ITKC_MI_0741A	용계유고(龍溪遺稿)	김지남(金止男)	1559년(명종 14)	1631년(인조 9)	광산(光山)
ITKC_MI_0742A	석계집(石溪集)	민욱(閔昱)	1559년(명종 14)	1625년(인조 3)	여흥(驪興)
ITKC_MI_0743A	오한집(聱漢集)	손기양(孫起陽)	1559년(명종 14)	1617년(광해군 9)	밀양(密陽)
ITKC_MI_0744A	귤옥졸고(橘屋拙稿)	윤광계(尹光啓)	1559년(명종 14)	1619년(광해군 11)	해남(海南)
ITKC_MI_0745A	명고집(鳴皐集)	임전(任錪)	1559년(명종 14)	1611년(광해군 3)	풍천(豐川)
ITKC_MI_0746A	서담집(西潭集)	홍위(洪瑋)	1559년(명종 14)	1624년(인조 2)	남양(南陽)
ITKC_MI_0747A	일옹집(逸翁集)	최희량(崔希亮)	1560년(명종 15)	1651년(효종 2)	수원(水原)
ITKC_MI_0748A	동리집(東籬集)	김윤안(金允安)	1560년(명종 15)	1622년(광해군 14)	순천(順天)
ITKC_MI_0749A	소릉집(少陵集)	이상의(李尙毅)	1560년(명종 15)	1624년(인조 2)	여흥(驪興)
ITKC_MI_0750A	죽헌집(竹軒集)	최항경(崔恒慶)	1560년(명종 15)	1638년(인조 16)	영천(永川)
ITKC_MI_0751A	이재집(頤齋集)	조우인(曺友仁)	1561년(명종 16)	1625년(인조 3)	창녕(昌寧)
ITKC_MI_0752A	성옹유고(醒翁遺稿)	김덕함(金德諴)	1562년(명종 17)	1636년(인조 14)	상주(尙州)
ITKC_MI_0753A	오봉집(梧峯集)	신지제(申之悌)	1562년(명종 17)	1624년(인조 2)	아주(鵝洲)
ITKC_MI_0754A	구봉집(九峯集)	김수인(金守訒)	1563년(명종 18)	1626년(인조 4)	광주(廣州)
ITKC_MI_0755A	사촌집(沙村集)	안덕린(安德麟)	1563년(명종 18)	1609년(광해군 1)	순흥(順興)
ITKC_MI_0756A	월봉집(月峯集)	고인계(高仁繼)	1564년(명종 19)	1647년(인조 25)	개성(開城)
ITKC_MI_0757A	낙애유고(洛涯遺稿)	김안절(金安節)	1564년(명종 19)	1632년(인조 10)	상주(尙州)
ITKC_MI_0758A	양서집(瀼西集)	이광윤(李光胤)	1564년(명종 19)	1637년(인조 15)	경주(慶州)
ITKC_MI_0759A	희암유고(希菴遺稿)	현덕승(玄德升)	1564년(명종 19)	1627년(인조 5)	성주(星州)
ITKC_MI_0760A	사호집(思湖集)	오장(吳長)	1565년(명종 20)	1617년(광해군 9)	함양(咸陽)
ITKC_MI_0761A	동호집(東湖集)	이서(李𥳕)	1566년(명종 21)	1651년(효종 2)	광주(光州)
ITKC_MI_0762A	죽창집(竹窓集)	강주(姜籒)	1566년(명종 21)	1650년(효종 1)	진주(晉州)
ITKC_MI_0763A	구전집(苟全集)	김중청(金中淸)	1566년(명종 21)	1629년(인조 7)	안동(安東)
ITKC_MI_0764A	능허집(凌虛集)	박민(朴敏)	1566년(명종 21)	1630년(인조 8)	태안(泰安)
ITKC_MI_0765A	간정집(艮庭集)	이유홍(李惟弘)	1566년(명종 21)	1619년(광해군 11)	전주(全州)
ITKC_MI_0766A	학송집(鶴松集)	전유형(全有亨)	1566년(명종 21)	1624년(인조 2)	평강(平康)
ITKC_MI_0767A	고주집(孤舟集)	정운희(丁運熙)	1566년(명종 21)	1635년(인조 13)	영광(靈光)
ITKC_MI_0768A	낙서집(洛西集)	장만(張晩)	1566년(명종 21)	1629년(인조 7)	인동(仁同)
ITKC_MI_0769A	둔봉집(遯峯集)	김녕(金寧)	1567년(명종 22)	1650년(효종 1)	선산(善山)
ITKC_MI_0770A	습정집(習靜集)	송방조(宋邦祚)	1567년(명종 22)	1618년(광해군 10)	은진(恩津)
ITKC_MI_0771A	동계집(東溪集)	조형도(趙亨道)	1567년(명종 22)	1637년(인조 15)	함안(咸安)
ITKC_MI_0772A	단곡집(丹谷集)	곽진(郭𡺽)	1568년(선조 1)	1633년(인조 11)	현풍(玄風)
ITKC_MI_0773A	설정집(雪汀集)	이흘(李忔)	1568년(선조 1)	1630년(인조 8)	경주(慶州)
ITKC_MI_0774A	호봉집(壺峯集)	이돈(李燉)	1568년(선조 1)	1624년(인조 2)	진보(眞寶)
ITKC_MI_0775A	완정집(浣亭集)	이언영(李彦英)	1568년(선조 1)	1639년(인조 17)	벽진(碧珍)
ITKC_MI_0776A	양포유고(楊浦遺藁)	최전(崔澱)	1568년(선조 1)	1589년(선조 22)	해주(海州)
ITKC_MI_0777A	죽창유고(竹窓遺稿)	구용(具容)	1569년(선조 2)	1601년(선조 34)	능성(綾城)
ITKC_MI_0778A	장곡집(藏谷集)	권태일(權泰一)	1569년(선조 2)	1631년(인조 9)	안동(安東)
ITKC_MI_0779A	석담집(石潭集)	이윤우(李潤雨)	1569년(선조 2)	1634년(인조 12)	광주(廣州)
ITKC_MI_0780A	송오집(松塢集)	정전(鄭佺)	1569년(선조 2)	1639년(인조 17)	청주(淸州)
ITKC_MI_0781A	운학집(雲壑集)	조평(趙平)	1569년(선조 2)	1647년(인조 25)	함안(咸安)
ITKC_MI_0782A	모하당집(慕夏堂集)	김충선(金忠善)	1571년(선조 4)	1642년(인조 20)	김해(金海, 우록(友鹿))
ITKC_MI_0783A	양직집(養直集)	도성유(都聖兪)	1571년(선조 4)	1649년(인조 27)	성주(星州)
ITKC_MI_0784A	관포집(灌圃集)	박홍미(朴弘美)	1571년(선조 4)	1642년(인조 20)	경주(慶州)
ITKC_MI_0785A	송죽당집(松竹堂集)	정문익(鄭文翼)	1571년(선조 4)	1639년(인조 17)	초계(草溪)
ITKC_MI_0786A	청풍자집(淸風子集)	정윤목(鄭允穆)	1571년(선조 4)	1629년(인조 7)	청주(淸州)
ITKC_MI_0787A	국담집(菊潭集)	박수춘(朴壽春)	1572년(선조 5)	1652년(효종 3)	밀양(密陽)
ITKC_MI_0788A	잠와유고(潛窩遺稿)	이명준(李命俊)	1572년(선조 5)	1630년(인조 8)	전의(全義)
ITKC_MI_0789A	등암집(藤庵集)	배상룡(裵尙龍)	1574년(선조 7)	1655년(효종 6)	성주(星州)
ITKC_MI_0790A	추담집(秋潭集)	김우급(金友伋)	1574년(선조 7)	1643년(인조 21)	광산(光山)
ITKC_MI_0791A	동계집(東溪集)	권도(權濤)	1575년(선조 8)	1644년(인조 22)	안동(安東)
ITKC_MI_0792A	만오집(晩悟集)	신달도(申達道)	1576년(선조 9)	1631년(인조 9)	아주(鵝洲)
ITKC_MI_0793A	쌍봉집(雙峯集)	정극후(鄭克後)	1577년(선조 10)	1658년(효종 9)	영일(迎日)
ITKC_MI_0794A	죽로집(竹老集)	신활(申活)	1576년(선조 9)	1643년(인조 21)	평산(平山)
ITKC_MI_0795A	망와집(忘窩集)	김영조(金榮祖)	1577년(선조 10)	1648년(인조 26)	풍산(豐山)
ITKC_MI_0796A	석문집(石門集)	정영방(鄭榮邦)	1577년(선조 10)	1650년(효종 1)	동래(東萊)
ITKC_MI_0797A	월봉집(月峯集)	고부천(高傅川)	1578년(선조 11)	1636년(인조 14)	장흥(長興)
ITKC_MI_0798A	죽소집(竹所集)	김광욱(金光煜)	1580년(선조 13)	1656년(효종 7)	안동(安東)
ITKC_MI_0799A	수암집(修巖集)	유진(柳袗)	1582년(선조 15)	1635년(인조 13)	풍산(豐山)
ITKC_MI_0800A	하음집(河陰集)	신즙(申楫)	1580년(선조 13)	1639년(인조 17)	영해(寧海)
ITKC_MI_0801A	추산집(秋山集)	박홍중(朴弘中)	1582년(선조 15)	1646년(인조 24)	경주(慶州)
ITKC_MI_0802A	금암집(琴巖集)	송몽인(宋夢寅)	1582년(선조 15)	1612년(광해군 4)	은진(恩津)
ITKC_MI_0803A	현주집(玄洲集)	윤신지(尹新之)	1582년(선조 15)	1657년(효종 8)	해평(海平)
ITKC_MI_0804A	시암집(時庵集)	조상우(趙相禹)	1582년(선조 15)	1657년(효종 8)	양주(楊州)
ITKC_MI_0805A	무민당집(无悶堂集)	박인(朴絪)	1583년(선조 16)	1640년(인조 18)	고령(高靈)
ITKC_MI_0806A	백담유집(白潭遺集)	조우신(趙又新)	1583년(선조 16)	1650년(효종 1)	한양(漢陽)
ITKC_MI_0807A	죽유시집(竹牖詩集)	구영(具瑩)	1584년(선조 17)	1663년(현종 4)	능성(綾城)
ITKC_MI_0808A	수북유고(水北遺稿)	김광현(金光炫)	1584년(선조 17)	1647년(인조 25)	안동(安東)
ITKC_MI_0809A	남간집선(南磵集選)	나해봉(羅海鳳)	1584년(선조 17)	1638년(인조 16)	나주(羅州)
ITKC_MI_0810A	청하집(靑霞集)	권극중(權克中)	1585년(선조 18)	1659년(효종 10)	안동(安東)
ITKC_MI_0811A	태천집(苔川集)	김지수(金地粹)	1585년(선조 18)	1639년(인조 17)	의성(義城)
ITKC_MI_0812A	천묵유고(天默遺稿)	이상형(李尙馨)	1585년(선조 18)	1645년(인조 23)	전주(全州)
ITKC_MI_0813A	백석유고(白石遺稿)	유즙(柳楫)	1585년(선조 18)	1651년(효종 2)	문화(文化)
ITKC_MI_0814A	임곡집(林谷集)	임진부(林眞怤)	1586년(선조 19)	1657년(효종 8)	은진(恩津)
ITKC_MI_0815A	구곡시고(龜谷詩稿)	최기남(崔奇男)	1586년(선조 19)	미상	천녕(川寧)
ITKC_MI_0816A	화포유고(花浦遺稿)	홍익한(洪翼漢)	1586년(선조 19)	1637년(인조 15)	남양(南陽)
ITKC_MI_0817A	무주일고(無住逸稿)	홍호(洪鎬)	1586년(선조 19)	1646년(인조 24)	부계(缶溪)
ITKC_MI_0818A	현암유고(玄巖遺稿)	최유연(崔有淵)	1587년(선조 20)	1656년(효종 7)	해주(海州)
ITKC_MI_0819A	둔헌집(遯軒集)	이홍유(李弘有)	1588년(선조 21)	1671년(현종 12)	경주(慶州)
ITKC_MI_0820A	묵수당집(嘿守堂集)	최유해(崔有海)	1588년(선조 21)	1641년(인조 19)	해주(海州)
ITKC_MI_0821A	둔계유편(遯溪遺編)	허후(許厚)	1588년(선조 21)	1661년(현종 2)	양천(陽川)
ITKC_MI_0822A	조은집(釣隱集)	한몽삼(韓夢參)	1589년(선조 22)	1662년(현종 3)	청주(淸州)
ITKC_MI_0823A	나재집(懶齋集)	신열도(申悅道)	1589년(선조 22)	1659년(효종 10)	아주(鵝洲)
ITKC_MI_0824A	우교당유고(于郊堂遺稿)	구치용(具致用)	1590년(선조 23)	1666년(현종 7)	능성(綾城)
ITKC_MI_0825A	석계집(石溪集)	이시명(李時明)	1590년(선조 23)	1674년(현종 15)	재령(載寧)
ITKC_MI_0826A	설정시집(雪汀詩集)	조문수(曺文秀)	1590년(선조 23)	1647년(인조 25)	창녕(昌寧)
ITKC_MI_0827A	한사집(寒沙集)	강대수(姜大遂)	1591년(선조 24)	1658년(효종 9)	진주(晉州)
ITKC_MI_0828A	분서집(汾西集)	박미(朴瀰)	1592년(선조 25)	1645년(인조 23)	반남(潘南)
ITKC_MI_0829A	소은유고(素隱遺稿)	신천익(愼天翊)	1592년(선조 25)	1661년(현종 2)	거창(居昌)
ITKC_MI_0830A	만사고(晩沙稿)	심지원(沈之源)	1593년(선조 26)	1662년(현종 3)	청송(靑松)
ITKC_MI_0831A	청봉집(晴峯集)	심동구(沈東龜)	1594년(선조 27)	1660년(현종 1)	청송(靑松)
ITKC_MI_0832A	석병집(石屛集)	이회보(李回寶)	1594년(선조 27)	1669년(현종 10)	진보(眞寶)
ITKC_MI_0833A	수은유집(睡隱遺集)	이홍조(李弘祚)	1595년(선조 28)	1660년(현종 1)	한산(韓山)
ITKC_MI_0834A	소전집(少痊集)	김덕승(金德承)	1595년(선조 28)	1658년(효종 9)	김해(金海)
ITKC_MI_0835A	계서일고(溪西逸稿)	성이성(成以性)	1595년(선조 28)	1664년(현종 5)	창녕(昌寧)
ITKC_MI_0836A	야곡집(冶谷集)	조극선(趙克善)	1595년(선조 28)	1658년(효종 9)	한양(漢陽)
ITKC_MI_0837A	두곡집(杜谷集)	홍우정(洪宇定)	1595년(선조 28)	1656년(효종 7)	남양(南陽)
ITKC_MI_0838A	창주집(滄洲集)	심지한(沈之漢)	1596년(선조 29)	1657년(효종 8)	청송(靑松)
ITKC_MI_0839A	야당유고(野塘遺稿)	김남중(金南重)	1596년(선조 29)	1663년(현종 4)	경주(慶州)
ITKC_MI_0840A	양곡유고(亮谷遺稿)	이의길(李義吉)	1596년(선조 29)	1633년(인조 11)	함평(咸平)
ITKC_MI_0841A	상곡집(商谷集)	강유(姜瑜)	1597년(선조 30)	1668년(현종 9)	진주(晉州)
ITKC_MI_0842A	노암집(魯庵集)	김종일(金宗一)	1597년(선조 30)	1675년(숙종 1)	경주(慶州)
ITKC_MI_0843A	사우당집(四友堂集)	송국택(宋國澤)	1597년(선조 30)	1659년(효종 10)	은진(恩津)
ITKC_MI_0844A	표은집(瓢隱集)	김시온(金是榲)	1598년(선조 31)	1669년(현종 10)	의성(義城)
ITKC_MI_0845A	기봉집(騏峯集)	이시성(李時省)	1598년(선조 31)	1668년(현종 9)	경주(慶州)
ITKC_MI_0846A	졸재집(拙齋集)	유원지(柳元之)	1598년(선조 31)	1674년(현종 15)	풍산(豐山)
ITKC_MI_0847A	송파집(松坡集)	이해창(李海昌)	1599년(선조 32)	1655년(효종 6)	한산(韓山)
ITKC_MI_0848A	청천당집(聽天堂集)	장응일(張應一)	1599년(선조 32)	1676년(숙종 2)	인동(仁同)
ITKC_MI_0849A	고송집(孤松集)	신홍망(申弘望)	1600년(선조 33)	1673년(현종 14)	아주(鵝洲)
ITKC_MI_0850A	구포집(鷗浦集)	안헌징(安獻徵)	1600년(선조 33)	1674년(현종 15)	광주(廣州)
ITKC_MI_0851A	금천집(琴川集)	정시수(鄭時修)	1601년(선조 34)	1647년(인조 25)	동래(東萊)
ITKC_MI_0852A	우천집(愚川集)	정칙(鄭侙)	1601년(선조 34)	1663년(현종 4)	청주(淸州)
ITKC_MI_0853A	당계집(棠溪集)	김화준(金華俊)	1602년(선조 35)	1644년(인조 22)	광산(光山)
ITKC_MI_0854A	백졸암집(百拙庵集)	유직(柳㮨)	1602년(선조 35)	1662년(현종 3)	전주(全州)
ITKC_MI_0855A	서귀유고(西歸遺藁)	이기발(李起浡)	1602년(선조 35)	1662년(현종 3)	한산(韓山)
ITKC_MI_0856A	동촌유고(東村遺稿)	유대춘(柳帶春)	1543년(중종 38)	1631년(인조 9)	서산(瑞山)
ITKC_MI_0857A	낙촌집(洛村集)	이도장(李道長)	1603년(선조 36)	1644년(인조 22)	광주(廣州)
ITKC_MI_0858A	설해유고(雪海遺稿)	이만영(李晩榮)	1604년(선조 37)	1672년(현종 13)	전주(全州)
ITKC_MI_0859A	당촌집(塘村集)	황위(黃暐)	1605년(선조 38)	1654년(효종 5)	장수(長水)
ITKC_MI_0860A	만주집(晩洲集)	정창주(鄭昌胄)	1606년(선조 39)	1664년(현종 5)	초계(草溪)
ITKC_MI_0861A	무하당유고(無何堂遺稿)	홍주원(洪柱元)	1606년(선조 39)	1672년(현종 13)	풍산(豐山)
ITKC_MI_0862A	마경헌집(磨鏡軒集)	홍구연(洪九淵)	1606년(선조 39)	1629년(인조 7)	남양(南陽)
ITKC_MI_0863A	만주유집(晩洲遺集)	홍석기(洪錫箕)	1606년(선조 39)	1680년(숙종 6)	남양(南陽)
ITKC_MI_0864A	회곡집(晦谷集)	조한영(曺漢英)	1608년(선조 41)	1670년(현종 11)	창녕(昌寧)
ITKC_MI_0865A	수현집(壽峴集)	석지형(石之珩)	1610년(광해군 2)	미상	성주(星州,화원(花園))
ITKC_MI_0866A	죽당집(竹堂集)	신유(申濡)	1610년(광해군 2)	1665년(현종 6)	고령(高靈)
ITKC_MI_0867A	죽헌집(竹軒集)	도신징(都愼徵)	1611년(광해군 3)	1678년(숙종 4)	성주(星州)
ITKC_MI_0868A	팔사유고(八斯遺稿)	배유화(裵幼華)	1611년(광해군 3)	1673년(현종 14)	성주(星州)
ITKC_MI_0869A	팔송집(八松集)	정필달(鄭必達)	1611년(광해군 3)	1693년(숙종 19)	진주(晉州)
ITKC_MI_0870A	존양재집(存養齋集)	송정렴(宋挺濂)	1612년(광해군 4)	1684년(숙종 10)	은진(恩津)
ITKC_MI_0871A	정허당집(靜虛堂集)	홍주세(洪柱世)	1612년(광해군 4)	1661년(현종 2)	풍산(豐山)
ITKC_MI_0872A	활재집(活齋集)	이구(李榘)	1613년(광해군 5)	1654년(효종 5)	전주(全州)
ITKC_MI_0873A	명곡집(明谷集)	구음(具崟)	1614년(광해군 6)	1683년(숙종 9)	능성(綾城)
ITKC_MI_0874A	추담집(秋潭集)	유창(兪瑒)	1614년(광해군 6)	1690년(숙종 16)	창원(昌原)
ITKC_MI_0875A	석동유고(石洞遺稿)	이문재(李文載)	1615년(광해군 7)	1689년(숙종 15)	전주(全州)
ITKC_MI_0876A	장육당유집(藏六堂遺集)	조귀석(趙龜錫)	1615년(광해군 7)	1665년(현종 6)	양주(楊州)
ITKC_MI_0877A	계와집(桂窩集)	조비(趙備)	1616년(광해군 8)	1659년(효종 10)	한양(漢陽)
ITKC_MI_0878A	요은집(鬧隱集)	고여흥(高汝興)	1617년(광해군 9)	1678년(숙종 4)	장택(長澤)
ITKC_MI_0879A	석문집(石門集)	오이익(吳以翼)	1618년(광해군 10)	1666년(현종 7)	나주(羅州)
ITKC_MI_0880A	춘소자집(春沼子集)	신최(申最)	1619년(광해군 11)	1658년(효종 9)	평산(平山)
ITKC_MI_0881A	오탄집(梧灘集)	심유(沈攸)	1620년(광해군 12)	1688년(숙종 14)	청송(靑松)
ITKC_MI_0882A	송봉유고(松峯遺稿)	오익승(吳益升)	1620년(광해군 12)	1679년(숙종 5)	보성(寶城)
ITKC_MI_0883A	이계집(伊溪集)	남몽뢰(南夢賚)	1620년(광해군 12)	1681년(숙종 7)	영양(英陽)
ITKC_MI_0884A	송계집(松溪集)	이요(李㴭)	1622년(광해군 14)	1658년(효종 9)	전주(全州)
ITKC_MI_0885A	귀암집(歸巖集)	이원정(李元禎)	1622년(광해군 14)	1680년(숙종 6)	광주(廣州)
ITKC_MI_0886A	서암유고(西巖遺稿)	이진백(李震白)	1622년(광해군 14)	1707년(숙종 33)	전주(全州)
ITKC_MI_0887A	지촌집(芝村集)	김방걸(金邦杰)	1623년(인조 1)	1695년(숙종 21)	의성(義城)
ITKC_MI_0888A	범옹집(泛翁集)	홍주국(洪柱國)	1623년(인조 1)	1680년(숙종 6)	풍산(豐山)
ITKC_MI_0889A	남포집(南圃集)	김만영(金萬英)	1624년(인조 2)	1671년(현종 12)	당악(棠岳)
ITKC_MI_0890A	양곡집(陽谷集)	오두인(吳斗寅)	1624년(인조 2)	1689년(숙종 15)	해주(海州)
ITKC_MI_0891A	초암집(初菴集)	신혼(申混)	1624년(인조 2)	1656년(효종 7)	고령(高靈)
ITKC_MI_0892A	추담집(秋潭集)	김여만(金如萬)	1625년(인조 3)	1711년(숙종 37)	순천(順天)
ITKC_MI_0893A	운포유고(雲浦遺稿)	여성제(呂聖齊)	1625년(인조 3)	1691년(숙종 17)	함양(咸陽)
ITKC_MI_0894A	죽서집(竹西集)	이민적(李敏迪)	1625년(인조 3)	1673년(현종 14)	전주(全州)
ITKC_MI_0895A	매간집(梅澗集)	이익상(李翊相)	1625년(인조 3)	1691년(숙종 17)	연안(延安)
ITKC_MI_0896A	송월재집(松月齋集)	이시선(李時善)	1625년(인조 3)	1715년(숙종 41)	전주(全州)
ITKC_MI_0897A	오아재집(聱齖齋集)	강석규(姜錫圭)	1628년(인조 6)	1695년(숙종 21)	진주(晉州)
ITKC_MI_0898A	금옹집(錦翁集)	김학배(金學培)	1628년(인조 6)	1673년(현종 14)	의성(義城)
ITKC_MI_0899A	치암집(恥菴集)	이지렴(李之濂)	1628년(인조 6)	1691년(숙종 17)	함평(咸平)
ITKC_MI_0900A	동산유고(東山遺稿)	조성한(趙晟漢)	1628년(인조 6)	1686년(숙종 12)	한양(漢陽)
ITKC_MI_0901A	육우당유고(六寓堂遺稿)	이하진(李夏鎭)	1628년(인조 6)	1682년(숙종 8)	여주(驪州)
ITKC_MI_0902A	임호집(林湖集)	박수검(朴守儉)	1629년(인조 7)	1698년(숙종 24)	의흥(義興)
ITKC_MI_0903A	금강집(錦江集)	장신(張璶)	1629년(인조 7)	1711년(숙종 37)	인동(仁同)
ITKC_MI_0904A	쌍백당집(雙柏堂集)	이세화(李世華)	1630년(인조 8)	1701년(숙종 27)	부평(富平)
ITKC_MI_0905A	구봉집(九峯集)	조원기(趙遠期)	1630년(인조 8)	1680년(숙종 6)	임천(林川)
ITKC_MI_0906A	남악집(南岳集)	조종저(趙宗著)	1631년(인조 9)	1690년(숙종 16)	한양(漢陽)
ITKC_MI_0907A	덕포유고(德浦遺稿)	윤진(尹搢)	1631년(인조 9)	1698년(숙종 24)	파평(坡平)
ITKC_MI_0908A	손암집(損庵集)	조근(趙根)	1631년(인조 9)	1680년(숙종 6)	함안(咸安)
ITKC_MI_0909A	금호유고(琴湖遺稿)	이지걸(李志傑)	1632년(인조 10)	1702년(숙종 28)	벽진(碧珍)
ITKC_MI_0910A	설초유고(雪蕉遺稿)	최승태(崔承太)	미상	미상	천녕(川寧)
ITKC_MI_0911A	퇴당집(退堂集)	유명천(柳命天)	1633년(인조 11)	1705년(숙종 31)	진주(晉州)
ITKC_MI_0912A	폐추유고(敝帚遺稿)	임홍량(任弘亮)	1634년(인조 12)	1707년(숙종 33)	풍천(豐川)
ITKC_MI_0913A	송파집(松坡集)	이서우(李瑞雨)	1633년(인조 11)	1709년(숙종 35)	우계(羽溪)
ITKC_MI_0914A	산택재집(山澤齋集)	권태시(權泰時)	1635년(인조 13)	1719년(숙종 45)	안동(安東)
ITKC_MI_0915A	모암집(茅庵集)	장진(張瑱)	1635년(인조 13)	1707년(숙종 33)	인동(仁同)
ITKC_MI_0916A	일봉집(一峯集)	조현기(趙顯期)	1634년(인조 12)	1685년(숙종 11)	임천(林川)
ITKC_MI_0917A	규정집(葵亭集)	신후재(申厚載)	1636년(인조 14)	1699년(숙종 25)	평산(平山)
ITKC_MI_0918A	약재집(約齋集)	유상운(柳尙運)	1636년(인조 14)	1707년(숙종 33)	문화(文化)
ITKC_MI_0919A	관란재유고(觀瀾齋遺稿)	고회(高晦)	1636년(인조 14)	1711년(숙종 37)	제주(濟州)
ITKC_MI_0920A	노주집(蘆洲集)	김태일(金兌一)	1637년(인조 15)	1702년(숙종 28)	예안(禮安)
ITKC_MI_0921A	안촌집(安村集)	박광후(朴光後)	1637년(인조 15)	1678년(숙종 4)	순천(順天)
ITKC_MI_0922A	범허정집(泛虛亭集)	송광연(宋光淵)	1638년(인조 16)	1695년(숙종 21)	여산(礪山)
ITKC_MI_0923A	팔오헌집(八吾軒集)	김성구(金聲久)	1641년(인조 19)	1707년(숙종 33)	의성(義城)
ITKC_MI_0924A	조암집(槽巖集)	조창기(趙昌期)	1640년(인조 18)	1676년(숙종 2)	임천(林川)
ITKC_MI_0925A	박천집(博泉集)	이옥(李沃)	1641년(인조 19)	1698년(숙종 24)	연안(延安)
ITKC_MI_0926A	구소집(鳩巢集)	권성구(權聖矩)	1642년(인조 20)	1708년(숙종 34)	안동(安東)
ITKC_MI_0927A	둔옹집(遁翁集)	한여유(韓汝愈)	1642년(인조 20)	1709년(숙종 35)	곡산(谷山)
ITKC_MI_0928A	구천유고(龜川遺稿)	이세필(李世弼)	1642년(인조 20)	1718년(숙종 44)	경주(慶州)
ITKC_MI_0929A	호은집(壺隱集)	홍수주(洪受疇)	1642년(인조 20)	1704년(숙종 30)	남양(南陽)
ITKC_MI_0930A	야촌집(野村集)	손만웅(孫萬雄)	1643년(인조 21)	1712년(숙종 38)	경주(慶州)
ITKC_MI_0931A	동강유고(東岡遺稿)	최시옹(崔是翁)	1646년(인조 24)	1730년(영조 6)	삭녕(朔寧)
ITKC_MI_0932A	나은집(懶隱集)	이동표(李東標)	1644년(인조 22)	1700년(숙종 26)	진보(眞寶)
ITKC_MI_0933A	경암집(絅菴集)	신완(申琓)	1646년(인조 24)	1707년(숙종 33)	평산(平山)
ITKC_MI_0934A	정재집(靜齋集)	이담명(李聃命)	1646년(인조 24)	1701년(숙종 27)	광주(廣州)
ITKC_MI_0935A	양와집(養窩集)	이세귀(李世龜)	1646년(인조 24)	1700년(숙종 26)	경주(慶州)
ITKC_MI_0936A	시와유고(是窩遺稿)	한태동(韓泰東)	1646년(인조 24)	1687년(숙종 13)	청주(淸州)
ITKC_MI_0937A	관복재유고(觀復齋遺稿)	김구(金構)	1649년(인조 27)	1704년(숙종 30)	청풍(淸風)
ITKC_MI_0938A	봉곡집(鳳谷集)	송주석(宋疇錫)	1650년(효종 1)	1692년(숙종 18)	은진(恩津)
ITKC_MI_0939A	수초당집(遂初堂集)	권변(權忭)	1651년(효종 2)	1726년(영조 2)	안동(安東)
ITKC_MI_0940A	육화집(六化集)	양거안(梁居安)	1652년(효종 3)	1731년(영조 7)	제주(濟州)
ITKC_MI_0941A	남충장공시고(南忠壯公詩稿)	남연년(南延年)	1653년(효종 4)	1728년(영조 4)	의령(宜寧)
ITKC_MI_0942A	검재집(儉齋集)	김유(金楺)	1653년(효종 4)	1719년(숙종 45)	청풍(淸風)
ITKC_MI_0943A	기봉집(碁峯集)	남정중(南正重)	1653년(효종 4)	1704년(숙종 30)	의령(宜寧)
ITKC_MI_0944A	동계집(東溪集)	박태순(朴泰淳)	1653년(효종 4)	1704년(숙종 30)	반남(潘南)
ITKC_MI_0945A	회은집(晦隱集)	남학명(南鶴鳴)	1654년(효종 5)	1722년(경종 2)	의령(宜寧)
ITKC_MI_0946A	통허재집(洞虛齋集)	성헌징(成獻徵)	1654년(효종 5)	1676년(숙종 2)	창녕(昌寧)
ITKC_MI_0947A	오재집(寤齋集)	조정만(趙正萬)	1656년(효종 7)	1739년(영조 15)	임천(林川)
ITKC_MI_0948A	자유헌집(自濡軒集)	이만백(李萬白)	1656년(효종 7)	1716년(숙종 42)	여주(驪州)
ITKC_MI_0949A	탄촌유고(灘村遺稿)	권구(權絿)	1658년(효종 9)	1730년(영조 6)	안동(安東)
ITKC_MI_0950A	모주집(茅洲集)	김시보(金時保)	1658년(효종 9)	1734년(영조 10)	안동(安東)
ITKC_MI_0951A	추담집(秋潭集)	성만징(成晩徵)	1659년(효종 10)	1711년(숙종 37)	창녕(昌寧)
ITKC_MI_0952A	역옹유고(櫟翁遺稿)	이정신(李正臣)	1660년(현종 1)	1727년(영조 3)	연안(延安)
ITKC_MI_0953A	함계집(涵溪集)	정석달(鄭碩達)	1660년(현종 1)	1720년(숙종 46)	영일(迎日)
ITKC_MI_0954A	만은유고(晩隱遺稿)	홍주화(洪胄華)	1660년(현종 1)	1718년(숙종 44)	남양(南陽)
ITKC_MI_0955A	우암집(寓庵集)	남구명(南九明)	1661년(현종 2)	1719년(숙종 45)	영양(英陽)
ITKC_MI_0956A	눌헌집(訥軒集)	서성구(徐聖耇)	1663년(현종 4)	1735년(영조 11)	달성(達城)
ITKC_MI_0957A	홍도유고(弘道遺稿)	이서(李溆)	1662년(현종 3)	1723년(경종 3)	여주(驪州)
ITKC_MI_0958A	창사집(昌舍集)	손명래(孫命來)	1664년(현종 5)	1722년(경종 2)	밀양(密陽)
ITKC_MI_0959A	후계집(后溪集)	조유수(趙裕壽)	1663년(현종 4)	1741년(영조 17)	풍양(豐壤)
ITKC_MI_0960A	박정자유고(朴正字遺稿)	박태한(朴泰漢)	1664년(현종 5)	1697년(숙종 23)	고령(高靈)
ITKC_MI_0961A	삼수헌고(三秀軒稿)	이하조(李賀朝)	1664년(현종 5)	1700년(숙종 26)	연안(延安)
ITKC_MI_0962A	화암집(和菴集)	신성하(申聖夏)	1665년(현종 6)	1736년(영조 12)	평산(平山)
ITKC_MI_0963A	택재유타(澤齋遺唾)	김창립(金昌立)	1666년(현종 7)	1683년(숙종 9)	안동(安東)
ITKC_MI_0964A	묵암집(黙庵集)	신구(申球)	1666년(현종 7)	1734년(영조 10)	평산(平山)
ITKC_MI_0965A	유회당집(有懷堂集)	권이진(權以鎭)	1668년(현종 9)	1734년(영조 10)	안동(安東)
ITKC_MI_0966A	고재집(顧齋集)	이만(李)	1669년(현종 10)	1734년(영조 10)	재령(載寧)
ITKC_MI_0967A	운와집(芸窩集)	홍중성(洪重聖)	1668년(현종 9)	1735년(영조 11)	풍산(豐山)
ITKC_MI_0968A	용포집(龍浦集)	이유(李濰)	1669년(현종 10)	1742년(영조 18)	여주(驪州)
ITKC_MI_0969A	사천시초(槎川詩抄)	이병연(李秉淵)	1671년(현종 12)	1751년(영조 27)	한산(韓山)
ITKC_MI_0970A	포헌집(逋軒集)	권덕수(權德秀)	1672년(현종 13)	1759년(영조 35)	안동(安東)
ITKC_MI_0971A	화은집(和隱集)	이시항(李時恒)	1672년(현종 13)	1736년(영조 12)	수안(遂安)
ITKC_MI_0972A	모계집(茅溪集)	이명배(李命培)	1672년(현종 13)	1736년(영조 12)	재령(載寧)
ITKC_MI_0973A	필운고(弼雲稿)	김영행(金令行)	1673년(현종 14)	1745년(영조 21)	안동(安東)
ITKC_MI_0974A	지족당집(知足堂集)	권만두(權萬斗)	1674년(현종 15)	1753년(영조 29)	안동(安東)
ITKC_MI_0975A	우계집(雨溪集)	김명석(金命錫)	1675년(숙종 1)	1762년(영조 38)	의성(義城)
ITKC_MI_0976A	기옹집(寄翁集)	남한기(南漢紀)	1675년(숙종 1)	1748년(영조 24)	의령(宜寧)
ITKC_MI_0977A	순암집(順菴集)	이병성(李秉成)	1675년(숙종 1)	1735년(영조 11)	한산(韓山)
ITKC_MI_0978A	시암집(是庵集)	임화세(任華世)	1675년(숙종 1)	1731년(영조 7)	풍천(豐川)
ITKC_MI_0979A	서계집(西溪集)	박태무(朴泰茂)	1677년(숙종 3)	1756년(영조 32)	태안(泰安)
ITKC_MI_0980A	졸은유고(拙隱遺稿)	이한보(李漢輔)	1675년(숙종 1)	1748년(영조 24)	전주(全州)
ITKC_MI_0981A	정암집(正菴集)	이현익(李顯益)	1678년(숙종 4)	1717년(숙종 43)	전주(全州)
ITKC_MI_0982A	추암집(KC01783菴集)	김하구(金夏九)	1676년(숙종 2)	1762년(영조 38)	수안(遂安)
ITKC_MI_0983A	절곡집(節谷集)	김시관(金時觀)	1677년(숙종 3)	1740년(영조 16)	안동(安東)
ITKC_MI_0984A	청대집(淸臺集)	권상일(權相一)	1679년(숙종 5)	1759년(영조 35)	안동(安東)
ITKC_MI_0985A	죽헌집(竹軒集)	김민택(金民澤)	1678년(숙종 4)	1722년(경종 2)	광산(光山)
ITKC_MI_0986A	퇴암집(退庵集)	권중도(權重道)	1680년(숙종 6)	1722년(경종 2)	안동(安東)
ITKC_MI_0987A	몽오재집(夢悟齋集)	심상정(沈尙鼎)	1680년(숙종 6)	1721년(경종 1)	청송(靑松)
ITKC_MI_0988A	용와집(慵窩集)	유승현(柳升鉉)	1680년(숙종 6)	1746년(영조 22)	전주(全州)
ITKC_MI_0989A	동포집(東圃集)	김시민(金時敏)	1681년(숙종 7)	1747년(영조 23)	안동(安東)
ITKC_MI_0990A	응재집(凝齋集)	이희지(李喜之)	1681년(숙종 7)	1722년(경종 2)	전주(全州)
ITKC_MI_0991A	학당유고(鶴塘遺稿)	조상경(趙尙絅)	1681년(숙종 7)	1746년(영조 22)	풍양(豐壤)
ITKC_MI_0992A	송와집(松窩集)	안명하(安命夏)	1682년(숙종 8)	1752년(영조 28)	광주(廣州)
ITKC_MI_0993A	서주집(西州集)	조하망(曺夏望)	1682년(숙종 8)	1747년(영조 23)	창녕(昌寧)
ITKC_MI_0994A	화재집(華齋集)	황익재(黃翼再)	1682년(숙종 8)	1747년(영조 23)	장수(長水)
ITKC_MI_0995A	박담옹집(朴澹翁集)	박창원(朴昌元)	1683년(숙종 9)	1753년(영조 29)	밀양(密陽)
ITKC_MI_0996A	학고집(鶴臯集)	김이만(金履萬)	1683년(숙종 9)	1758년(영조 34)	예안(禮安)
ITKC_MI_0997A	회와집(悔窩集)	안중관(安重觀)	1683년(숙종 9)	1752년(영조 28)	순흥(順興)
ITKC_MI_0998A	명암집(明庵集)	정식(鄭栻)	1683년(숙종 9)	1746년(영조 22)	해주(海州)
ITKC_MI_0999A	청령자유고(淸泠子遺稿)	최수철(崔守哲)	1683년(숙종 9)	1712년(숙종 38)	전주(全州)
ITKC_MI_1000A	백남집(白南集)	김시빈(金始鑌)	1684년(숙종 10)	1729년(영조 5)	함창(咸昌)
ITKC_MI_1001A	퇴어당유고(退漁堂遺稿)	김진상(金鎭商)	1684년(숙종 10)	1755년(영조 31)	광산(光山)
ITKC_MI_1002A	봉암집(鳳巖集)	한몽린(韓夢麟)	1684년(숙종 10)	1762년(영조 38)	청주(淸州)
ITKC_MI_1003A	노은집(老隱集)	임적(任適)	1685년(숙종 11)	1728년(영조 4)	풍천(豐川)
ITKC_MI_1004A	둔암집(屯菴集)	신방(申昉)	1686년(숙종 12)	1736년(영조 12)	평산(平山)
ITKC_MI_1005A	매산집(梅山集)	정중기(鄭重器)	1685년(숙종 11)	1757년(영조 33)	영일(迎日)
ITKC_MI_1006A	관아재고(觀我齋稿)	조영석(趙榮祏)	1686년(숙종 12)	1761년(영조 37)	함안(咸安)
ITKC_MI_1007A	목곡집(牧谷集)	이기진(李箕鎭)	1687년(숙종 13)	1755년(영조 31)	덕수(德水)
ITKC_MI_1008A	관수재유고(觀水齋遺稿)	홍계영(洪啓英)	1687년(숙종 13)	1705년(숙종 31)	남양(南陽)
ITKC_MI_1009A	모헌집(慕軒集)	강필신(姜必愼)	1687년(숙종 13)	1756년(영조 32)	진주(晉州)
ITKC_MI_1010A	화계집(花溪集)	유의건(柳宜健)	1687년(숙종 13)	1760년(영조 36)	서산(瑞山)
ITKC_MI_1011A	동계유고(東溪遺稿)	이영보(李英輔)	1687년(숙종 13)	1747년(영조 23)	연안(延安)
ITKC_MI_1012A	서재집(西齋集)	임징하(任徵夏)	1687년(숙종 13)	1730년(영조 6)	풍천(豐川)
ITKC_MI_1013A	퇴헌유고(退軒遺稿)	서종급(徐宗伋)	1688년(숙종 14)	1762년(영조 38)	대구(大丘)
ITKC_MI_1014A	황고집(黃臯集)	신수이(愼守彝)	1688년(숙종 14)	1768년(영조 44)	거창(居昌)
ITKC_MI_1015A	석문집(石門集)	윤봉오(尹鳳五)	1688년(숙종 14)	1769년(영조 45)	파평(坡平)
ITKC_MI_1016A	국포집(菊圃集)	강박(姜樸)	1690년(숙종 16)	1742년(영조 18)	진주(晉州)
ITKC_MI_1017A	일암집(一菴集)	이기지(李器之)	1690년(숙종 16)	1722년(경종 2)	전주(全州)
ITKC_MI_1018A	이치재집(二恥齋集)	신정모(申正模)	1691년(숙종 17)	1742년(영조 18)	아주(鵝洲)
ITKC_MI_1019A	한송재집(寒松齋集)	심사주(沈師周)	1691년(숙종 17)	1757년(영조 33)	청송(靑松)
ITKC_MI_1020A	두기시집(杜機詩集)	최성대(崔成大)	1691년(숙종 17)	1762년(영조 38)	전주(全州)
ITKC_MI_1021A	지암유고(止庵遺稿)	이철보(李喆輔)	1691년(숙종 17)	1770년(영조 46)	연안(延安)
ITKC_MI_1022A	사촌집(沙村集)	김치후(金致垕)	1691년(숙종 17)	1742년(영조 18)	청풍(淸風)
ITKC_MI_1023A	명고집(鳴臯集)	정간(鄭榦)	1692년(숙종 18)	1757년(영조 33)	영일(迎日)
ITKC_MI_1024A	모산유고(慕山遺稿)	권혜(權寭)	1693년(숙종 19)	1747년(영조 23)	안동(安東)
ITKC_MI_1025A	증소집(橧巢集)	김신겸(金信謙)	1693년(숙종 19)	1738년(영조 14)	안동(安東)
ITKC_MI_1026A	청벽집(靑壁集)	이수연(李守淵)	1693년(숙종 19)	1748년(영조 24)	진보(眞寶)
ITKC_MI_1027A	우천집(牛川集)	정옥(鄭玉)	1694년(숙종 20)	1760년(영조 36)	청주(淸州)
ITKC_MI_1028A	전긍재집(戰兢齋集)	김서일(金瑞一)	1694년(숙종 20)	1780년(정조 4)	풍산(豐山)
ITKC_MI_1029A	정좌와집(靜坐窩集)	심조(沈潮)	1694년(숙종 20)	1756년(영조 32)	청송(靑松)
ITKC_MI_1030A	우원집(愚園集)	임성원(林聲遠)	1695년경(숙종 21)	미상	회진(會津)
ITKC_MI_1031A	만모유고(晩慕遺稿)	정기안(鄭基安)	1695년(숙종 21)	1775년(영조 51)	온양(溫陽)
ITKC_MI_1032A	이안당집(易安堂集)	조천경(趙天經)	1695년(숙종 21)	1776년(영조 52)	풍양(豐壤)
ITKC_MI_1033A	태화자고(太華子稿)	남유상(南有常)	1696년(숙종 22)	1728년(영조 4)	의령(宜寧)
ITKC_MI_1034A	겸산집(兼山集)	유숙기(兪肅基)	1696년(숙종 22)	1752년(영조 28)	기계(杞溪)
ITKC_MI_1035A	하정집(芐亭集)	이덕주(李德胄)	1696년(숙종 22)	1751년(영조 27)	전주(全州)
ITKC_MI_1036A	비수재집(賁需齋集)	강규환(姜奎煥)	1697년(숙종 23)	1731년(영조 7)	진주(晉州)
ITKC_MI_1037A	한천유고(寒泉遺稿)	정민교(鄭敏僑)	1697년(숙종 23)	1731년(영조 7)	창녕(昌寧)
ITKC_MI_1038A	남촌집(南村集)	송이석(宋履錫)	1698년(숙종 24)	1782년(정조 6)	야로(冶爐)
ITKC_MI_1039A	창하집(蒼霞集)	원경하(元景夏)	1698년(숙종 24)	1761년(영조 37)	원주(原州)
ITKC_MI_1040A	약헌유집(藥軒遺集)	서종화(徐宗華)	1700년(숙종 26)	1748년(영조 24)	대구(大邱)
ITKC_MI_1041A	이봉집(夷峯集)	황후간(黃後榦)	1700년(숙종 26)	1773년(영조 49)	창원(昌原)
ITKC_MI_1042A	후암집(厚庵集)	권렴(權濂)	1701년(숙종 27)	1781년(정조 5)	안동(安東)
ITKC_MI_1043A	백수집(白水集)	양응수(楊應秀)	1700년(숙종 26)	1767년(영조 43)	남원(南原)
ITKC_MI_1044A	이택재유고(麗澤齋遺稿)	권재운(權載運)	1701년(숙종 27)	1778년(정조 2)	안동(安東)
ITKC_MI_1045A	동강유고(桐江遺稿)	이석(李)	1701년(숙종 27)	1759년(영조 35)	덕수(德水)
ITKC_MI_1046A	송호집(松湖集)	유언술(兪彦述)	1703년(숙종 29)	1773년(영조 49)	기계(杞溪)
ITKC_MI_1047A	봉곡계찰방유집(鳳谷桂察訪遺集)	계덕해(桂德海)	1708년(숙종 34)	1775년(영조 51)	수안(遂安)
ITKC_MI_1048A	활산집(活山集)	남용만(南龍萬)	1709년(숙종 35)	1784년(정조 8)	영양(英陽)
ITKC_MI_1049A	팔우헌집(八友軒集)	조보양(趙普陽)	1709년(숙종 35)	1788년(정조 12)	한양(漢陽)
ITKC_MI_1050A	평암집(平庵集)	권정침(權正忱)	1710년(숙종 36)	1767년(영조 43)	안동(安東)
ITKC_MI_1051A	창암집(蒼巖集)	김상채(金尙彩)	1710년(숙종 36)	미상	안산(安山)
ITKC_MI_1052A	만옹집(晩翁集)	서명서(徐命瑞)	1711년(숙종 37)	1795년(정조 19)	대구(大丘)
ITKC_MI_1053A	하지유집(下枝遺集)	이상진(李象辰)	1710년(숙종 36)	1772년(영조 48)	예안(禮安)
ITKC_MI_1054A	누실집(陋室集)	이중연(李重延)	1711년(숙종 37)	1794년(정조 18)	진보(眞寶)
ITKC_MI_1055A	봉록집(鳳麓集)	김이곤(金履坤)	1712년(숙종 38)	1774년(영조 50)	안동(安東)
ITKC_MI_1056A	농수집(農叟集)	최천익(崔天翼)	1712년(숙종 38)	1779년(정조 3)	흥해(興海)
ITKC_MI_1057A	표암고(豹菴稿)	강세황(姜世晃)	1713년(숙종 39)	1791년(정조 15)	진주(晉州)
ITKC_MI_1058A	진명집(震溟集)	권헌(權攇)	1713년(숙종 39)	1770년(영조 46)	안동(安東)
ITKC_MI_1059A	용재집(庸齋集)	김근행(金謹行)	1713년(숙종 39)	1784년(정조 8)	안동(安東)
ITKC_MI_1060A	이호유고(梨湖遺稿)	김시탁(金時鐸)	1713년(숙종 39)	1751년(영조 27)	덕수(德水)
ITKC_MI_1061A	이계집(尼溪集)	박내오(朴來吾)	1713년(숙종 39)	1785년(정조 9)	밀양(密陽)
ITKC_MI_1062A	단릉유고(丹陵遺稿)	이윤영(李胤永)	1714년(숙종 40)	1759년(영조 35)	한산(韓山)
ITKC_MI_1063A	유심재집(有心齋集)	이화보(李和甫)	1714년(숙종 40)	1781년(정조 5)	전주(全州)
ITKC_MI_1064A	쌍백당유고(雙柏堂遺稿)	임광택(林光澤)	1714년(숙종 40)	1799년(정조 23)	보성(寶城)
ITKC_MI_1065A	위암집(韋庵集)	이최중(李最中)	1715년(숙종 41)	1784년(정조 8)	전주(全州)
ITKC_MI_1066A	밀암집(密菴集)	김지행(金砥行)	1716년(숙종 42)	1774년(영조 50)	안동(安東)
ITKC_MI_1067A	나와집(懶窩集)	기언정(奇彦鼎)	1716년(숙종 42)	1797년(정조 21)	행주(幸州)
ITKC_MI_1068A	경현재집(警弦齋集)	강세진(姜世晉)	1717년(숙종 43)	1786년(정조 10)	진주(晉州)
ITKC_MI_1069A	해악집(海嶽集)	이명환(李明煥)	1718년(숙종 44)	1764년(영조 40)	전주(全州)
ITKC_MI_1070A	성당집(性堂集)	정혁신(鄭赫臣)	1719년(숙종 45)	1793년(정조 17)	경주(慶州)
ITKC_MI_1071A	반포유고(伴圃遺稿)	김광익(金光翼)	1721년(경종 1)	1772년(영조 48)	김해(金海)
ITKC_MI_1072A	윤지당유고(允摯堂遺稿)	임윤지당(任允摯堂)	1721년(경종 1)	1793년(정조 17)	풍천(豐川)
ITKC_MI_1073A	추담집(秋潭集)	고유(高裕)	1722년(경종 2)	1779년(정조 3)	개성(開城)
ITKC_MI_1074A	석당유고(石堂遺稿)	김상정(金相定)	1722년(경종 2)	1788년(정조 12)	광산(光山)
ITKC_MI_1075A	후산집(后山集)	이종수(李宗洙)	1722년(경종 2)	1797년(정조 21)	진보(眞寶)
ITKC_MI_1076A	운계만고(雲溪漫稿)	김종정(金鍾正)	1722년(경종 2)	1787년(정조 11)	청풍(淸風)
ITKC_MI_1077A	약재집(約齋集)	권병(權炳)	1723년(경종 3)	1772년(영조 48)	안동(安東)
ITKC_MI_1078A	천사집(川沙集)	김종덕(金宗德)	1724년(경종 4)	1797년(정조 21)	안동(安東)
ITKC_MI_1079A	태을암집(太乙菴集)	신국빈(申國賓)	1724년(경종 4)	1799년(정조 23)	평산(平山)
ITKC_MI_1080A	동암집(東巖集)	유장원(柳長源)	1724년(경종 4)	1796년(정조 20)	전주(全州)
ITKC_MI_1081A	운재유고(雲齋遺稿)	이중경(李重慶)	1724년(경종 4)	1754년(영조 30)	진보(眞寶)
ITKC_MI_1082A	제헌집(霽軒集)	심정진(沈定鎭)	1725년(영조 1)	1786년(정조 10)	청송(靑松)
ITKC_MI_1083A	노우집(魯宇集)	정충필(鄭忠弼)	1725년(영조 1)	1789년(정조 13)	영일(迎日)
ITKC_MI_1084A	퇴헌집(退軒集)	조영순(趙榮順)	1725년(영조 1)	1775년(영조 51)	양주(楊州)
ITKC_MI_1085A	오산집(梧山集)	서창재(徐昌載)	1726년(영조 2)	1781년(정조 5)	달성(達城)
ITKC_MI_1086A	소암집(素巖集)	김진동(金鎭東)	1727년(영조 3)	1800년(정조 24)	의성(義城)
ITKC_MI_1087A	여와집(餘窩集)	목만중(睦萬中)	1727년(영조 3)	1810년(순조 10)	사천(泗川)
ITKC_MI_1088A	운호집(雲湖集)	임정주(任靖周)	1727년(영조 3)	1796년(정조 20)	풍천(豐川)
ITKC_MI_1089A	동계유고(東溪遺稿)	최윤창(崔潤昌)	1727년(영조 3)	미상	충주(忠州)
ITKC_MI_1090A	우고집(雨皐集)	김도행(金道行)	1728년(영조 4)	1812년(순조 12)	의성(義城)
ITKC_MI_1091A	최와집(最窩集)	김규오(金奎五)	1729년(영조 5)	1791년(정조 15)	함창(咸昌)
ITKC_MI_1092A	두암집(斗庵集)	김약련(金若鍊)	1730년(영조 6)	1802년(순조 2)	예안(禮安)
ITKC_MI_1093A	소미산방장(少眉山房藏)	이삼환(李森煥)	1729년(영조 5)	1813년(순조 13)	여주(驪州)
ITKC_MI_1094A	만곡집(晩谷集)	조술도(趙述道)	1729년(영조 5)	1803년(순조 3)	한양(漢陽)
ITKC_MI_1095A	임여재집(臨汝齋集)	유규(柳)	1730년(영조 6)	1808년(순조 8)	풍산(豐山)
ITKC_MI_1096A	묵산집(默山集)	남기만(南基萬)	1730년(영조 6)	1796년(정조 20)	영양(英陽)
ITKC_MI_1097A	오룡재유고(五龍齋遺稿)	남명학(南溟學)	1731년(영조 7)	1798년(정조 22)	의령(宜寧)
ITKC_MI_1098A	회병집(晦屛集)	신체인(申體仁)	1731년(영조 7)	1812년(순조 12)	아주(鵝洲)
ITKC_MI_1099A	나산집(蘿山集)	조유선(趙有善)	1731년(영조 7)	1809년(순조 9)	직산(稷山)
ITKC_MI_1100A	이재집(頤齋集)	이의숙(李義肅)	1733년(영조 9)	1805년(순조 5)	전주(全州)
ITKC_MI_1101A	동야집(東埜集)	김양근(金養根)	1734년(영조 10)	1799년(정조 23)	안동(安東)
ITKC_MI_1102A	국헌집(菊軒集)	소시만(蘇始萬)	1734년(영조 10)	1765년(영조 41)	진주(晉州)
ITKC_MI_1103A	만취정유고(晩翠亭遺稿)	박영석(朴永錫)	1735년(영조 11)	1801년(순조 1)	전주(全州)
ITKC_MI_1104A	탁계집(濯溪集)	김상진(金相進)	1736년(영조 12)	1811년(순조 11)	금릉(金陵)
ITKC_MI_1105A	검암산인시집(儉巖山人詩集)	범경문(范慶文)	1738년(영조 14)	1801년(순조 1)	금성(錦城)
ITKC_MI_1106A	덕봉집(德峯集)	이진택(李鎭宅)	1738년(영조 14)	1805년(순조 5)	경주(慶州)
ITKC_MI_1107A	구와집(龜窩集)	김굉(金㙆)	1739년(영조 15)	1816년(순조 16)	의성(義城)
ITKC_MI_1108A	두와집(蠹窩集)	최흥벽(崔興璧)	1739년(영조 15)	1812년(순조 12)	경주(慶州)
ITKC_MI_1109A	구암집(懼庵集)	이수인(李樹仁)	1739년(영조 15)	1822년(순조 22)	청안(淸安)
ITKC_MI_1110A	면암집(俛庵集)	이우(李㙖)	1739년(영조 15)	1810년(순조 10)	한산(韓山)
ITKC_MI_1111A	가정유고(柯汀遺稿)	조진관(趙鎭寬)	1739년(영조 15)	1808년(순조 8)	풍양(豐壤)
ITKC_MI_1112A	치서집(菑墅集)	한경의(韓敬儀)	1739년(영조 15)	1821년(순조 21)	청주(淸州)
ITKC_MI_1113A	학림집(鶴林集)	권방(權訪)	1740년(영조 16)	1808년(순조 8)	안동(安東)
ITKC_MI_1114A	지애집(芝厓集)	정위(鄭煒)	1740년(영조 16)	1811년(순조 11)	청주(淸州)
ITKC_MI_1115A	전암집(典庵集)	강정환(姜鼎煥)	1741년(영조 17)	1816년(순조 16)	진주(晉州)
ITKC_MI_1116A	가암유고(可庵遺稿)	김귀주(金龜柱)	1740년(영조 16)	1786년(정조 10)	경주(慶州)
ITKC_MI_1117A	안와유고(安窩遺稿)	홍낙인(洪樂仁)	1729년(영조 5)	1777년(정조 1)	풍산(豐山)
ITKC_MI_1118A	제암집(濟庵集)	김종섭(金宗燮)	1743년(영조 19)	1791년(정조 15)	안동(安東)
ITKC_MI_1119A	우원집(尤園集)	이정국(李楨國)	1743년(영조 19)	1807년(순조 7)	예안(禮安)
ITKC_MI_1120A	손재집(損齋集)	남한조(南漢朝)	1744년(영조 20)	1809년(순조 9)	의령(宜寧)
ITKC_MI_1121A	호곡집(壺谷集)	유범휴(柳範休)	1744년(영조 20)	1823년(순조 23)	전주(全州)
ITKC_MI_1122A	사헌집(思軒集)	정내성(鄭來成)	1744년(영조 20)	1835년(헌종 1)	청주(淸州)
ITKC_MI_1123A	태호집(太湖集)	홍원섭(洪元燮)	1744년(영조 20)	1807년(순조 7)	남양(南陽)
ITKC_MI_1124A	정와집(貞窩集)	황용한(黃龍漢)	1744년(영조 20)	1818년(순조 18)	창원(昌原)
ITKC_MI_1125A	구암집(龜巖集)	이원배(李元培)	1745년(영조 21)	1802년(순조 2)	공주(公州)
ITKC_MI_1126A	화천집(華泉集)	이채(李采)	1745년(영조 21)	1820년(순조 20)	우봉(牛峯)
ITKC_MI_1127A	치암집(癡庵集)	남경희(南景羲)	1748년(영조 24)	1812년(순조 12)	영양(英陽)
ITKC_MI_1128A	박옹시초(泊翁詩鈔)	이명오(李明五)	1750년(영조 26)	1836년(헌종 2)	전주(全州)
ITKC_MI_1129A	열암집(悅菴集)	하시찬(夏時贊)	1750년(영조 26)	1828년(순조 28)	달성(達城)
ITKC_MI_1130A	화산집(華山集)	정규한(鄭奎漢)	1751년(영조 27)	1824년(순조 24)	장기(長鬐)
ITKC_MI_1131A	광뢰집(廣瀨集)	이야순(李野淳)	1755년(영조 31)	1831년(순조 31)	진성(眞城)
ITKC_MI_1132A	눌암집(訥菴集)	박지서(朴旨瑞)	1754년(영조 30)	1819년(순조 19)	태안(泰安)
ITKC_MI_1133A	궁오집(窮悟集)	임천상(任天常)	1754년(영조 30)	1822년(순조 22)	풍천(豐川)
ITKC_MI_1134A	근와집(近窩集)	유식(柳栻)	1755년(영조 31)	1822년(순조 22)	진주(晉州)
ITKC_MI_1135A	족수당집(足睡堂集)	홍인모(洪仁謨)	1755년(영조 31)	1812년(순조 12)	풍산(豐山)
ITKC_MI_1136A	일엄유고(一广遺稿)	김상일(金相日)	1756년(영조 32)	1822년(순조 22)	광산(光山)
ITKC_MI_1137A	산목헌집(山木軒集)	김희순(金羲淳)	1757년(영조 33)	1821년(순조 21)	안동(安東)
ITKC_MI_1138A	신야집(新野集)	이인행(李仁行)	1758년(영조 34)	1833년(순조 33)	진성(眞城)
ITKC_MI_1139A	현와집(弦窩集)	윤동야(尹東野)	1757년(영조 33)	1827년(순조 27)	파평(坡平)
ITKC_MI_1140A	학포헌집(學圃軒集)	서경창(徐慶昌)	1758년(영조 34)	미상	전주(全州)
ITKC_MI_1141A	괴담유고(槐潭遺稿)	배상열(裵相說)	1759년(영조 35)	1789년(정조 13)	흥해(興海)
ITKC_MI_1142A	갈천집(葛川集)	김희주(金熙周)	1760년(영조 36)	1830년(순조 30)	의성(義城)
ITKC_MI_1143A	성재집(誠齋集)	남한호(南漢皜)	1760년(영조 36)	1821년(순조 21)	의령(宜寧)
ITKC_MI_1144A	도계유고(陶溪遺稿)	윤홍규(尹弘圭)	1760년(영조 36)	1826년(순조 26)	파평(坡平)
ITKC_MI_1145A	좌소산인집(左蘇山人集)	서유본(徐有本)	1762년(영조 38)	1822년(순조 22)	대구(大邱)
ITKC_MI_1146A	강고집(江皐集)	유심춘(柳尋春)	1762년(영조 38)	1834년(순조 34)	풍산(豐山)
ITKC_MI_1147A	수재유고(壽齋遺稿)	이곤수(李崑秀)	1762년(영조 38)	1787년(정조 11)	연안(延安)
ITKC_MI_1148A	질암집(質菴集)	최벽(崔璧)	1762년(영조 38)	1813년(순조 13)	경주(慶州)
ITKC_MI_1149A	학서집(鶴棲集)	유태좌(柳台佐)	1763년(영조 39)	1837년(헌종 3)	풍산(豐山)
ITKC_MI_1150A	일포집(逸圃集)	박시원(朴時源)	1764년(영조 40)	1842년(헌종 8)	반남(潘南)
ITKC_MI_1151A	해은유고(海隱遺稿)	강필효(姜必孝)	1764년(영조 40)	1848년(헌종 14)	진주(晉州)
ITKC_MI_1152A	수와집(守窩集)	백경해(白慶楷)	1765년(영조 41)	1842년(헌종 8)	수원(水原)
ITKC_MI_1153A	돈암집(敦巖集)	박종경(朴宗慶)	1765년(영조 41)	1817년(순조 17)	반남(潘南)
ITKC_MI_1154A	눌와집(訥窩集)	이약열(李若烈)	1765년(영조 41)	1836년(헌종 2)	성주(星州)
ITKC_MI_1155A	냉천유고(冷泉遺稿)	박종여(朴宗輿)	1766년(영조 42)	1815년(순조 15)	반남(潘南)
ITKC_MI_1156A	백하집(白下集)	황반로(黃磻老)	1766년(영조 42)	1840년(헌종 6)	장수(長水)
ITKC_MI_1157A	송월만록(松月漫錄)	임득명(林得明)	1767년(영조 43)	1822년(순조 22)	회진(會津)
ITKC_MI_1158A	삼명시집(三溟詩集)	강준흠(姜浚欽)	1768년(영조 44)	1833년(순조 33)	진주(晉州)
ITKC_MI_1159A	대야집(大埜集)	유건휴(柳健休)	1768년(영조 44)	1834년(순조 34)	전주(全州)
ITKC_MI_1160A	수계집(修溪集)	이승배(李升培)	1768년(영조 44)	1834년(순조 34)	흥양(興陽)
ITKC_MI_1161A	운곡집(雲谷集)	이희발(李羲發)	1768년(영조 44)	1850년(철종 1)	영천(永川)
ITKC_MI_1162A	중암고(重菴稿)	강이천(姜彝天)	1769년(영조 45)	1801년(순조 1)	진주(晉州)
ITKC_MI_1163A	정일당유고(靜一堂遺稿)	강지덕(姜至德)	1772년(영조 48)	1832년(순조 32)	진주(晉州)
ITKC_MI_1164A	난국재집(蘭菊齋集)	이예환(李禮煥)	1772년(영조 48)	1837년(헌종 3)	경주(慶州)
ITKC_MI_1165A	문산집(文山集)	이재의(李載毅)	1772년(영조 48)	1839년(헌종 5)	전주(全州)
ITKC_MI_1166A	호고와집(好古窩集)	유휘문(柳徽文)	1773년(영조 49)	1832년(순조 32)	전주(全州)
ITKC_MI_1167A	관암전서(冠巖全書)	홍경모(洪敬謨)	1774년(영조 50)	1851년(철종 2)	풍산(豐山)
ITKC_MI_1168A	송서집(松西集)	강운(姜橒)	1773년(영조 49)	1834년(순조 34)	진주(晉州)
ITKC_MI_1169A	초암전집(初庵全集)	김헌기(金憲基)	1774년(영조 50)	1842년(헌종 8)	웅천(熊川)
ITKC_MI_1170A	소암집(所菴集)	이병원(李秉遠)	1774년(영조 50)	1840년(헌종 6)	한산(韓山)
ITKC_MI_1171A	제암집(制庵集)	정상리(鄭象履)	1774년(영조 50)	1848년(헌종 14)	진주(晉州)
ITKC_MI_1172A	몽관시고(夢觀詩稿)	이정주(李廷柱)	1778년(정조 2)	1853년(철종 4)	우봉(牛峯)
ITKC_MI_1173A	활수옹유고(活水翁遺稿)	윤대순(尹大淳)	1779년(정조 3)	1865년(고종 2)	파평(坡平)
ITKC_MI_1174A	경암집(敬菴集)	이한응(李漢膺)	1778년(정조 2)	1864년(고종 1)	진보(眞寶)
ITKC_MI_1175A	중산재집(重山齋集)	이지수(李趾秀)	1779년(정조 3)	1842년(헌종 8)	연안(延安)
ITKC_MI_1176A	외와집(畏窩集)	최림(崔琳)	1779년(정조 3)	1841년(헌종 7)	경주(慶州)
ITKC_MI_1177A	둔오집(屯塢集)	임종칠(林宗七)	1781년(정조 5)	1859년(철종 10)	전주(全州)
ITKC_MI_1178A	신와집(愼窩集)	정재경(鄭在褧)	1781년(정조 5)	1858년(철종 9)	영일(迎日)
ITKC_MI_1179A	수정재집(壽靜齋集)	유정문(柳鼎文)	1782년(정조 6)	1839년(헌종 5)	전주(全州)
ITKC_MI_1180A	서소집(書巢集)	김종휴(金宗烋)	1783년(정조 7)	1866년(고종 3)	풍산(豐山)
ITKC_MI_1181A	정수재유고(靜修齋遺稿)	김응하(金應夏)	1783년(정조 7)	1830년(순조 30)	청도(淸道)
ITKC_MI_1182A	동리집(東里集)	이오수(李五秀)	1783년(정조 7)	1853년(철종 4)	고성(固城)
ITKC_MI_1183A	봉촌집(鳳村集)	최상룡(崔象龍)	1786년(정조 10)	1849년(헌종 15)	경주(慶州)
ITKC_MI_1184A	보산집(甫山集)	유영하(柳榮河)	1787년(정조 11)	1868년(고종 5)	고흥(高興)
ITKC_MI_1185A	지헌집(止軒集)	최효술(崔孝述)	1786년(정조 10)	1870년(고종 7)	경주(慶州)
ITKC_MI_1186A	만희집(晩羲集)	양진영(梁進永)	1788년(정조 12)	1860년(철종 11)	제주(濟州)
ITKC_MI_1187A	고계집(古溪集)	이휘령(李彙寧)	1788년(정조 12)	1861년(철종 12)	진보(眞寶)
ITKC_MI_1188A	온유재집(溫裕齋集)	윤종섭(尹鍾燮)	1791년(정조 15)	1870년(고종 7)	파평(坡平)
ITKC_MI_1189A	순재고(純齋稿)	순조(純祖)	1790년(정조 14)	1834년(순조 34)	전주(全州)
ITKC_MI_1190A	직재집(直齋集)	김익동(金翊東)	1793년(정조 17)	1860년(철종 11)	청도(淸道)
ITKC_MI_1191A	영은집(瀛隱集)	남공수(南公壽)	1793년(정조 17)	1875년(고종 12)	영양(英陽)
ITKC_MI_1192A	지락와유고(至樂窩遺稿)	이주면(李周冕)	1796년(정조 20)	1875년(고종 12)	전주(全州)
ITKC_MI_1193A	응와집(凝窩集)	이원조(李源祚)	1792년(정조 16)	1871년(고종 8)	성산(星山)
ITKC_MI_1194A	향은집(薌隱集)	이장찬(李章贊)	1794년(정조 18)	1860년(철종 11)	한산(韓山)
ITKC_MI_1195A	덕은유고(德隱遺稿)	박운수(朴雲壽)	1797년(정조 21)	1841년(헌종 7)	반남(潘南)
ITKC_MI_1196A	농려집(農廬集)	강헌규(姜獻奎)	1797년(정조 21)	1860년(철종 11)	진주(晉州)
ITKC_MI_1197A	정헌집(定軒集)	이종상(李鍾祥)	1799년(정조 23)	1870년(고종 7)	여주(驪州)
ITKC_MI_1198A	진암집(進菴集)	정교(鄭墧)	1799년(정조 23)	1879년(고종 16)	청주(淸州)
ITKC_MI_1199A	용이와집(龍耳窩集)	권뢰(權𡋃)	1800년(정조 24)	1873년(고종 10)	안동(安東)
ITKC_MI_1200A	정와집(訂窩集)	김대진(金岱鎭)	1800년(정조 24)	1871년(고종 8)	의성(義城)
ITKC_MI_1201A	동림집(東林集)	유치호(柳致皜)	1800년(정조 24)	1862년(철종 13)	전주(全州)
ITKC_MI_1202A	유계집(柳溪集)	강명규(姜命奎)	1801년(순조 1)	1867년(고종 4)	진주(晉州)
ITKC_MI_1203A	입헌집(立軒集)	한운성(韓運聖)	1802년(순조 2)	1863년(철종 14)	청주(淸州)
ITKC_MI_1204A	옥수집(玉垂集)	조면호(趙冕鎬)	1803년(순조 3)	1887년(고종 24)	임천(林川)
ITKC_MI_1205A	소정고(卲亭稿)	김영작(金永爵)	1802년(순조 2)	1868년(고종 5)	경주(慶州)
ITKC_MI_1206A	회정집(晦亭集)	민재남(閔在南)	1802년(순조 2)	1873년(고종 10)	여흥(驪興)
ITKC_MI_1207A	구애집(龜厓集)	조극승(曺克承)	1803년(순조 3)	1877년(고종 14)	창녕(昌寧)
ITKC_MI_1208A	내헌집(耐軒集)	이재영(李在永)	1804년(순조 4)	1892년(고종 29)	여주(驪州)
ITKC_MI_1209A	해장집(海藏集)	신석우(申錫愚)	1805년(순조 5)	1865년(고종 2)	평산(平山)
ITKC_MI_1210A	교정시집(皎亭詩集)	현일(玄鎰)	1807년(순조 7)	1888년(고종 25)	연주(延州)
ITKC_MI_1211A	천재집(泉齋集)	신필흠(申弼欽)	1806년(순조 6)	1866년(고종 3)	평산(平山)
ITKC_MI_1212A	침우당집(枕雨堂集)	장지완(張之琬)	1806년(순조 6)	미상	인동(仁同)
ITKC_MI_1213A	대산집(對山集)	강진(姜溍)	1807년(순조 7)	1858년(철종 9)	진주(晉州)
ITKC_MI_1214A	시암집(時庵集)	남고(南皐)	1807년(순조 7)	1879년(고종 16)	영양(英陽)
ITKC_MI_1215A	석세유고(石世遺稿)	김정집(金鼎集)	1808년(순조 8)	1859년(철종 10)	경주(慶州)
ITKC_MI_1216A	사애집(沙厓集)	민주현(閔冑顯)	1808년(순조 8)	1882년(고종 19)	여흥(驪興)
ITKC_MI_1217A	운창집(芸窓集)	박성양(朴性陽)	1809년(순조 9)	1890년(고종 27)	반남(潘南)
ITKC_MI_1218A	경헌집(敬軒集)	효명세자(孝明世子)	1809년(순조 9)	1830년(순조 30)	전주(全州)
ITKC_MI_1219A	녹리집(甪里集)	고성겸(高聖謙)	1810년(순조 10)	1886년(고종 23)	개성(開城)
ITKC_MI_1220A	이재집(頤齋集)	권연하(權璉夏)	1813년(순조 13)	1896년(고종 33)	안동(安東)
ITKC_MI_1221A	운강집(雲岡集)	박시묵(朴時默)	1814년(순조 14)	1875년(고종 12)	밀양(密陽)
ITKC_MI_1222A	인산집(仁山集)	소휘면(蘇輝冕)	1814년(순조 14)	1889년(고종 26)	진주(晉州)
ITKC_MI_1223A	석산유고(石山遺稿)	이승보(李承輔)	1814년(순조 14)	1880년(고종 17)	전주(全州)
ITKC_MI_1224A	하거집(荷居集)	양헌수(梁憲洙)	1816년(순조 16)	1888년(고종 25)	남원(南原)
ITKC_MI_1225A	신암집(愼庵集)	이만각(李晩慤)	1815년(순조 15)	1874년(고종 11)	진성(眞城)
ITKC_MI_1226A	역암집(櫟菴集)	강진규(姜晉奎)	1817년(순조 17)	1891년(고종 28)	진주(晉州)
ITKC_MI_1227A	백후집(柏後集)	김기수(金基洙)	1818년(순조 18)	1873년(고종 10)	상산(商山)
ITKC_MI_1228A	만향재시초(晩香齋詩鈔)	남상길(南相吉)	1820년(순조 20)	1869년(고종 6)	의령(宜寧)
ITKC_MI_1229A	입재집(立齋集)	송근수(宋近洙)	1818년(순조 18)	1902년(고종 39)	은진(恩津)
ITKC_MI_1230A	유헌집(遊軒集)	장석룡(張錫龍)	1823년(순조 23)	1908년(순종 2)	인동(仁同)
ITKC_MI_1231A	어당집(峿堂集)	이상수(李象秀)	1820년(순조 20)	1882년(고종 19)	전주(全州)
ITKC_MI_1232A	근암집(近庵集)	유치덕(柳致德)	1823년(순조 23)	1881년(고종 18)	전주(全州)
ITKC_MI_1233A	죽포집(竹圃集)	박기종(朴淇鍾)	1824년(순조 24)	1898년(고종 35)	무안(務安)
ITKC_MI_1234A	운암집(雲菴集)	박문일(朴文一)	1822년(순조 22)	1894년(고종 31)	밀양(密陽)
ITKC_MI_1235A	만성집(晩醒集)	박치복(朴致馥)	1824년(순조 24)	1894년(고종 31)	밀양(密陽)
ITKC_MI_1236A	혼재집(渾齋集)	안교익(安敎翼)	1824년(순조 24)	1896년(고종 33)	순흥(順興)
ITKC_MI_1237A	월고집(月皐集)	조성가(趙性家)	1824년(순조 24)	1904년(고종 41)	함안(咸安)
ITKC_MI_1238A	소송유고(小松遺稿)	이지용(李志容)	1825년(순조 25)	1891년(고종 28)	성주(星州)
ITKC_MI_1239A	척암집(拓菴集)	김도화(金道和)	1825년(순조 25)	1912년	의성(義城)
ITKC_MI_1240A	임재집(臨齋集)	서찬규(徐贊奎)	1825년(순조 25)	1905년(고종 42)	달성(達城)
ITKC_MI_1241A	극재집(克齋集)	노필연(盧佖淵)	1827년(순조 27)	1885년(고종 22)	광주(光州)
ITKC_MI_1242A	동호유고(東湖遺稿)	윤자학(尹滋學)	1830년(순조 30)	1893년(고종 30)	파평(坡平)
ITKC_MI_1243A	경재집(景齋集)	우성규(禹成圭)	1830년(순조 30)	1905년(고종 42)	단양(丹陽)
ITKC_MI_1244A	조암집(照菴集)	정해필(鄭海弼)	1831년(순조 31)	1887년(고종 24)	영일(迎日)
ITKC_MI_1245A	성암집(誠菴集)	박문오(朴文五)	1835년(헌종 1)	1899년(고종 36)	밀양(密陽)
ITKC_MI_1246A	대계유고(大溪遺稿)	황재영(黃在英)	1835년(헌종 1)	1885년(고종 22)	창원(昌原)
ITKC_MI_1247A	총쇄(叢瑣)	오횡묵(吳宖默)	1834년(순조 34)	1906년(고종 43)	해주(海州)
ITKC_MI_1248A	효산집(曉山集)	이수형(李壽瀅)	1837년(헌종 3)	1908년(순종 2)	재령(載寧)
ITKC_MI_1249A	진계집(進溪集)	박재형(朴在馨)	1838년(헌종 4)	1900년(고종 37)	밀양(密陽)
ITKC_MI_1250A	심석재집(心石齋集)	송병순(宋秉珣)	1839년(헌종 5)	1912년	은진(恩津)
ITKC_MI_1251A	석간집(石澗集)	서효원(徐孝源)	1839년(헌종 5)	1897년(고종 34)	달성(達城)
ITKC_MI_1252A	향산집(響山集)	이만도(李晩燾)	1842년(헌종 8)	1910년(순종 4)	진성(眞城)
ITKC_MI_1253A	노백헌집(老柏軒集)	정재규(鄭載圭)	1843년(헌종 9)	1911년	초계(草溪)
ITKC_MI_1254A	사복재집(思復齋集)	송진봉(宋鎭鳳)	1840년(헌종 6)	1898년(고종 35)	여산(礪山)
ITKC_MI_1255A	농산집(農山集)	신득구(申得求)	1850년(철종 1)	1900년(고종 37)	고령(高靈)
ITKC_MI_1256A	대계집(大溪集)	이승희(李承熙)	1847년(헌종 13)	1916년	성산(星山)
ITKC_MI_1257A	회당집(晦堂集)	장석영(張錫英)	1851년(철종 2)	1926년	인동(仁同)
ITKC_MI_1258A	석릉집(石菱集)	김창희(金昌熙)	1844년(헌종 10)	1890년(고종 27)	경주(慶州)
ITKC_MI_1259A	소눌집(小訥集)	노상직(盧相稷)	1855년(철종 6)	1931년	광주(光州)
