munjip_id	문집	文集	성명	姓名	birthyear	birthyear2	deathyear	deathyear2	ancestralseat	choronym	uci	biog_id	encykorea
ITKC_MI_0001A	계원필경집	桂苑筆耕集	최치원	崔致遠	857				慶州	慶州 崔			
ITKC_MI_0002A	고운집	孤雲集	최치원	崔致遠	857				慶州	慶州 崔			
ITKC_MI_0003A	서하집	西河集	임춘	林椿					醴泉	醴泉 林	G002+AKS-KHF_12C784CD98FFFFU9999X0	PPL_5COb_A9999_1_0011442	E0047698
ITKC_MI_0004A	동국이상국집	東國李相國集	이규보	李奎報	1168		1241		驪州	驪州 李	G002+AKS-KHF_13C774ADDCBCF4B1168X0	PPL_5COc_A1168_1_0009114	E0043772
ITKC_MI_0005A	매호유고	梅湖遺稿	진화	陳澕					驪陽	驪陽 陳	G002+AKS-KHF_12C9C4D654FFFFU9999X1	PPL_5COb_A9999_1_0013275	E0055007
ITKC_MI_0006A	남양시집	南陽詩集	백비화	白賁華	1180		1224		藍浦	藍浦 白	G002+AKS-KHF_13BC31BD84D654B1180X0	PPL_5COb_A1180_1_0005049	E0022134
ITKC_MI_0007A	지포집	止浦集	김구	金坵	1211		1278		扶寧	扶寧 金		PPL_5COc_A1211_1_0001268	E0008749
ITKC_MI_0008A	동안거사집	動安居士集	이승휴	李承休	1224		1300		嘉利	嘉利 李		PPL_5COc_A1224_1_0009934	E0044965
ITKC_MI_0009A	홍애유고	洪崖遺槀	홍간	洪侃			1304		豐山	豐山 洪		PPL_5COc_A9999_1_0014671	E0063940
ITKC_MI_0010A	근재집	謹齋集	안축	安軸	1282		1348		順興	順興 安		PPL_5COc_A1287_1_0006952	E0035065
ITKC_MI_0011A	익재난고	益齋亂藁	이제현	李齊賢	1287		1367		慶州	慶州 李	G002+AKS-KHF_13C774C81CD604B1287X0	PPL_5COc_A1287_1_0010573	E0045877
ITKC_MI_0012A	졸고천백	拙藁千百	최해	崔瀣	1287		1340		慶州	慶州 崔	G002+AKS-KHF_12CD5CD574FFFFB1287X0	PPL_5COc_A1287_1_0013900	E0057747
ITKC_MI_0013A	급암시집	及菴詩集	민사평	閔思平	1295		1359		驪興	驪興 閔		PPL_5COc_A1295_1_0004015	E0020135
ITKC_MI_0014A	가정집	稼亭集	이곡	李穀	1298		1351		韓山	韓山 李	G002+AKS-KHF_12C774ACE1FFFFB1298X0	PPL_5COc_A1298_1_0009002	E0043626
ITKC_MI_0015A	설곡집	雪谷集	정포	鄭誧	1309		1345		淸州	淸州 鄭		PPL_5COc_A1309_1_0012430	E0051083
ITKC_MI_0016A	제정집	霽亭集	이달충	李達衷	1309		1385		慶州	慶州 李		PPL_5COc_A9999_1_0009246	E0043952
ITKC_MI_0017A	담암일집	淡庵逸集	백문보	白文寶	1303		1374		稷山	稷山 白		PPL_5COc_A9999_1_0005046	E0022117
ITKC_MI_0018A	둔촌잡영	遁村雜詠	이집	李集	1327		1387		廣州	廣州 李		PPL_5COc_A1314_1_0010780	E0046139
ITKC_MI_0019A	야은일고	壄隱逸稿	전녹생	田祿生	1318		1375		潭陽	潭陽 田		PPL_5COc_A1318_1_0011755	E0049331
ITKC_MI_0020A	목은고	牧隱藁	이색	李穡	1328		1396		韓山	韓山 李	G002+AKS-KHF_12C774C0C9FFFFB1328X0	PPL_5COc_A1328_1_0009700	E0044640
ITKC_MI_0021A	원재고	圓齋槀	정추	鄭樞	1333		1382		淸州	淸州 鄭		PPL_5COc_A1333_1_0016455	
ITKC_MI_0022A	송은집	松隱集	박익	朴翊	1332		1398		密陽	密陽 朴		PPL_5COc_A1332_1_0004626	E0021058
ITKC_MI_0023A	유항시집	柳巷詩集	한수	韓脩	1333		1384		淸州	淸州 韓		PPL_5COc_A1333_1_0014233	E0061774
ITKC_MI_0024A	삼봉집	三峯集	정도전	鄭道傳	1342		1398		奉化	奉化 鄭	G002+AKS-KHF_13C815B3C4C804B1342X0	PPL_6JOa_A1342_1_0011959	E0050093
ITKC_MI_0025A	포은집	圃隱集	정몽주	鄭夢周	1337		1392		迎日	迎日 鄭	G002+AKS-KHF_13C815BABDC8FCB1337X0	PPL_5COc_A1337_1_0011997	E0050190
ITKC_MI_0026A	척약재학음집	惕若齋學吟集	김구용	金九容	1338		1384		安東	安東 金	G002+AKS-KHF_13AE40AD6CC6A9B1338X0	PPL_5COc_A1338_1_0001278	E0008760
ITKC_MI_0027A	독곡집	獨谷集	성석린	成石璘	1338		1423		昌寧	昌寧 成		PPL_6JOa_A1338_1_0005693	E0029374
ITKC_MI_0028A	운곡행록	耘谷行錄	원천석	元天錫	1330				原州	原州 元	G002+AKS-KHF_13C6D0CC9CC11DB1330X0	PPL_5COc_A1330_1_0007832	E0040871
ITKC_MI_0029A	경렴정집	景濂亭集	탁광무	卓光茂	1330		1410		光州	光州 卓	G002+AKS-KHF_13D0C1AD11BB34U9999X0	PPL_5COc_A9999_1_0013996	E0058724
ITKC_MI_0030A	석탄집	石灘集	이존오	李存吾	1341		1371		慶州	慶州 李		PPL_5COc_A1341_1_0010588	E0045902
ITKC_MI_0031A	쌍매당협장집	雙梅堂篋藏集	이첨	李詹	1345		1405		新平	新平 李	G002+AKS-KHF_12C774CCA8FFFFB1345X0	PPL_6JOa_A1345_1_0010845	E0046240
ITKC_MI_0032A	송당집	松堂集	조준	趙浚	1346		1405		平壤	平壤 趙		PPL_6JOa_A1346_1_0012946	E0052623
ITKC_MI_0033A	호정집	浩亭集	하륜	河崙	1347		1416		晉州	晉州 河		PPL_6JOa_A1347_1_0014085	E0060593
ITKC_MI_0034A	도은집	陶隱集	이숭인	李崇仁	1347		1392		京山	京山 李	G002+AKS-KHF_13C774C22DC778B1347X0	PPL_5COc_A1347_1_0009902	E0044922
ITKC_MI_0035A	구정유고	龜亭遺藁	남재	南在	1351		1419		宜寧	宜寧 南		PPL_6JOa_A1351_1_0003332	E0012125
ITKC_MI_0036A	양촌집	陽村集	권근	權近	1352		1409		安東	安東 權		PPL_6JOa_A1352_1_0000774	E0006849
ITKC_MI_0037A	기우집	騎牛集	이행	李行	1352		1432		驪興	驪興 李		PPL_6JOa_A1352_1_0010986	E0046452
ITKC_MI_0038A	야은집	冶隱集	길재	吉再	1353		1419		海平	海平 吉	G002+AKS-KHF_12AE38C7ACFFFFB1353X0	PPL_6JOa_A1353_1_0001122	E0008561
ITKC_MI_0039A	복재집	復齋集	정총	鄭摠	1358		1397		淸州	淸州 鄭		PPL_6JOa_A1358_1_0012398	E0051007
ITKC_MI_0040A	인재유고	麟齋遺稿	이종학	李種學	1361		1392		韓山	韓山 李	G002+AKS-KHF_13C774C885D559B1361X0		
ITKC_MI_0041A	형재시집	亨齋詩集	이직	李稷	1362		1431		星州	星州 李		PPL_6JOa_A1362_1_0010746	E0046090
ITKC_MI_0042A	용헌집	容軒集	이원	李原	1368		1429	1430	鐵城	鐵城 李		PPL_6JOa_A1368_1_0010177	E0045335
ITKC_MI_0043A	춘정집	春亭集	변계량	卞季良	1369		1430		密陽	密陽 卞	G002+AKS-KHF_13BCC0ACC4B7C9B1369X0	PPL_6JOa_A1369_1_0005135	E0022899
ITKC_MI_0044A	별동집	別洞集	윤상	尹祥	1373		1455		醴泉	醴泉 尹	G002+AKS-KHF_12C724C0C1FFFFB1373X0	PPL_6JOa_A1373_1_0008514	E0042372
ITKC_MI_0045A	국당유고	菊堂遺稿	박흥생	朴興生	1374		1446		密陽	密陽 朴	G002+AKS-KHF_13BC15D765C0DDB1374X0	PPL_6JOa_A1374_1_0004890	E0021404
ITKC_MI_0046A	인재집	寅齋集	신개	申槩	1374		1446		平山	平山 申	G002+AKS-KHF_12C2E0AC1CFFFFB1374X0	PPL_6JOa_A1374_1_0006221	E0032612
ITKC_MI_0047A	경재집	敬齋集	하연	河演	1376		1453		晉州	晉州 河	G002+AKS-KHF_12D558C5F0FFFFB1376X0	PPL_6JOa_A1376_1_0014096	E0060659
ITKC_MI_0048A	정재일고	貞齋逸稿	박의중	朴宜中	1337		1403		密陽	密陽 朴		PPL_6JOa_A1337_1_0004612	E0021043
ITKC_MI_0049A	단계유고	丹溪遺稿	하위지	河緯地	1412		1456		丹城	丹城 河	G002+AKS-KHF_13D558C704C9C0B1412X0	PPL_6JOa_A1412_1_0014097	E0060670
ITKC_MI_0050A	태재집	泰齋集	유방선	柳方善	1388		1443		瑞山	瑞山 柳	G002+AKS-KHF_13C720BC29FFFFB1388X0	PPL_6JOa_A1388_1_0008004	E0041440
ITKC_MI_0051A	불우헌집	不憂軒集	정극인	丁克仁	1401		1481		靈光	靈光 丁	G002+AKS-KHF_13C815ADF9C778B1401X0	PPL_6JOa_A1401_1_0011910	E0050008
ITKC_MI_0052A	경재유고	敬齋遺稿	남수문	南秀文	1408		1442		固城	固城 南	G002+AKS-KHF_13B0A8C218BB38B1408X0	PPL_6JOa_A1408_1_0003298	E0011987
ITKC_MI_0053A	식우집	拭疣集	김수온	金守溫	1409	1410	1481		永同	永同 金	G002+AKS-KHF_13AE40C218C628B1409X0	PPL_6JOa_A1410_1_0001947	E0009568
ITKC_MI_0054A	태허정집	太虛亭集	최항	崔恒	1409		1474		朔寧	朔寧 崔	G002+AKS-KHF_12CD5CD56DFFFFB1409X0	PPL_6JOa_A1409_1_0013899	E0057745
ITKC_MI_0055A	관란유고	觀瀾遺稿	원호	元昊					原州	原州 元	G002+AKS-KHF_12C6D0D638FFFFU9999X0	PPL_6JOa_A9999_1_0007844	E0040895
ITKC_MI_0056A	눌재집	訥齋集	양성지	梁誠之	1415		1482		南原	南原 梁	G002+AKS-KHF_13C591C131C9C0B1415X0	PPL_6JOa_A1415_1_0007039	E0035611
ITKC_MI_0057A	저헌집	樗軒集	이석형	李石亨	1415		1477		延安	延安 李	G002+AKS-KHF_13C774C11DD615B1415X0	PPL_6JOa_A1415_1_0009725	E0044677
ITKC_MI_0058A	박선생유고	朴先生遺稿	박팽년	朴彭年	1417		1456		順天	順天 朴	G002+AKS-KHF_13BC15D33DB144B1417X0	PPL_6JOa_A1417_1_0004824	E0021321
ITKC_MI_0059A	보한재집	保閑齋集	신숙주	申叔舟	1417		1475		高靈	高靈 申	G002+AKS-KHF_13C2E0C219C8FCB1417X0	PPL_6JOa_A1417_1_0006393	E0033134
ITKC_MI_0060A	성근보집	成謹甫集	성삼문	成三問	1418		1456		昌寧	昌寧 成	G002+AKS-KHF_13C131C0BCBB38B1418X0	PPL_6JOa_A1418_1_0005692	
ITKC_MI_0061A	사가집	四佳集	서거정	徐居正	1420		1488		達城	達城 徐	G002+AKS-KHF_13C11CAC70C815B1420X0	PPL_6JOa_A1420_1_0005362	E0027569
ITKC_MI_0062A	어계집	漁溪集	조려	趙旅	1420		1489		咸安	咸安 趙		PPL_6JOa_A1420_1_0012620	E0051701
ITKC_MI_0063A	삼탄집	三灘集	이승소	李承召	1422		1484		陽城	陽城 李	G002+AKS-KHF_13C774C2B9C18CB1422X0	PPL_6JOa_A1422_1_0009916	E0044944
ITKC_MI_0064A	사숙재집	私淑齋集	강희맹	姜希孟	1424		1483		晉州	晉州 姜	G002+AKS-KHF_13AC15D76CB9F9B1424X0	PPL_6JOa_A1424_1_0000261	E0001550
ITKC_MI_0065A	진일유고	眞逸遺藁	성간	成侃	1427		1456		昌寧	昌寧 成	G002+AKS-KHF_12C131AC04FFFFB1427X0	PPL_6JOa_A1427_1_0005644	E0029163
ITKC_MI_0066A	점필재집	佔畢齋集	김종직	金宗直	1431		1492		善山	善山 金	G002+AKS-KHF_13AE40C885C9C1B1431X0	PPL_6JOa_A1431_1_0002683	E0010507
ITKC_MI_0067A	소총유고	篠䕺遺稿	홍유손	洪裕孫	1452	1431	1529		南陽	南陽 洪		PPL_6JOa_A1431_1_0014877	E0064314
ITKC_MI_0068A	소요재집	逍遙齋集	최숙정	崔淑精	1432		1480	1479	陽川	陽川 崔	G002+AKS-KHF_13CD5CC219C815B1432X0	PPL_6JOa_A1435_1_0013648	E0057420
ITKC_MI_0069A	매월당집	梅月堂集	김시습	金時習	1435		1493		江陵	江陵 金		PPL_6JOa_A1435_1_0002032	E0009666
ITKC_MI_0070A	청파집	靑坡集	이륙	李陸	1438		1498		固城	固城 李	G002+AKS-KHF_12C774B959FFFFB1438X0	PPL_6JOa_A1438_1_0009361	E0044123
ITKC_MI_0071A	허백정집	虛白亭集	홍귀달	洪貴達	1438		1504		缶溪	缶溪 洪	G002+AKS-KHF_13D64DADC0B2ECB1438X0	PPL_6JOa_A1438_1_0014695	E0063983
ITKC_MI_0072A	허백당집	虛白堂集	성현	成俔	1439		1504		昌寧	昌寧 成	G002+AKS-KHF_12C131D604FFFFB1439X0	PPL_6JOa_A1439_1_0005775	E0029691
ITKC_MI_0073A	대봉집	大峯集	양희지	楊熙止	1439		1504		中和	中和 楊	G002+AKS-KHF_13C591D76CC9C0B1439X0	PPL_6JOa_A1439_1_0007117	E0035889
ITKC_MI_0074A	격재집	格齋集	손조서	孫肇瑞					一直	一直 孫	G002+AKS-KHF_13C190C870C11CU9999X0	PPL_6JOa_A9999_1_0005896	E0030568
ITKC_MI_0075A	뇌계집	㵢谿集	유호인	兪好仁	1445		1494		高靈	高靈 兪	G002+AKS-KHF_13C720D638C778B1445X0	PPL_6JOa_A1445_1_0008349	E0042011
ITKC_MI_0076A	안락당집	顔樂堂集	김흔	金訢	1448		1492		延安	延安 金	G002+AKS-KHF_12AE40D754FFFFB1448X0	PPL_6JOa_A1448_1_0003141	E0011154
ITKC_MI_0077A	연헌잡고	蓮軒雜稿	이의무	李宜茂	1449		1507		德水	德水 李	G002+AKS-KHF_13C774C758BB34B1449X0	PPL_6JOa_A1449_1_0010317	E0045519
ITKC_MI_0078A	나재집	懶齋集	채수	蔡壽	1449		1515		仁川	仁川 蔡	G002+AKS-KHF_12CC44C218FFFFB1449X0	PPL_6JOa_A1449_1_0013354	E0055617
ITKC_MI_0079A	남계집	藍溪集	표연말	表沿沫	1449		1498		新昌	新昌 表	G002+AKS-KHF_13D45CC5F0B9D0B1449X0	PPL_6JOa_A1449_1_0014060	E0060248
ITKC_MI_0080A	일두집	一蠧集	정여창	鄭汝昌	1450		1504		河東	河東 鄭	G002+AKS-KHF_13C815C5ECCC3DB1450X0	PPL_6JOa_A1450_1_0012183	E0050583
ITKC_MI_0081A	추강집	秋江集	남효온	南孝溫	1454		1492		宜寧	宜寧 南		PPL_6JOa_A1454_1_0003369	E0012316
ITKC_MI_0082A	월헌집	月軒集	정수강	丁壽崗	1454		1527		押海	押海 丁	G002+AKS-KHF_13C815C218AC15B1454X0	PPL_6JOa_A1454_1_0012104	E0050441
ITKC_MI_0083A	매계집	梅溪集	조위	曺偉	1454		1503		昌寧	昌寧 曺	G002+AKS-KHF_12C870C704FFFFB1454X0	PPL_6JOa_A1454_1_0012841	E0052455
ITKC_MI_0084A	금남집	錦南集	최부	崔溥	1454		1504		耽津	耽津 崔	G002+AKS-KHF_12CD5CBD80FFFFB1454X0	PPL_6JOa_A1454_1_0013574	E0057325
ITKC_MI_0085A	사우정집	四雨亭集	이식	李湜	1458		1488	1489	全州	全州 李	G002+AKS-KHF_12C774C2DDFFFFU9999X3	PPL_6JOa_A1458_1_0016373	
ITKC_MI_0086A	산당집	山堂集	최충성	崔忠成	1458		1491		全州	全州 崔			
ITKC_MI_0087A	용재유고	慵齋遺稿	이종준	李宗準			1499		慶州	慶州 李	G002+AKS-KHF_13C774C885C900D1499X0	PPL_6JOa_A9999_1_0010626	E0045946
ITKC_MI_0088A	재사당일집	再思堂逸集	이원	李黿			1504		慶州	慶州 李	G002+AKS-KHF_12C774C6D0FFFFD1504X0	PPL_6JOa_A9999_1_0010178	E0045336
ITKC_MI_0089A	정문익공유고	鄭文翼公遺稿	정광필	鄭光弼	1462		1538		東萊	東萊 鄭	G002+AKS-KHF_13C815AD11D544B1462X0	PPL_6JOa_A1462_1_0011885	E0049972
ITKC_MI_0090A	이요정집	二樂亭集	신용개	申用漑	1463		1519		高靈	高靈 申	G002+AKS-KHF_13C2E0C6A9AC1CB1463X0	PPL_6JOa_A1463_1_0006420	E0033222
ITKC_MI_0091A	목계일고	木溪逸稿	강혼	姜渾	1464		1519		晉州	晉州 姜	G002+AKS-KHF_12AC15D63CFFFFB1464X0	PPL_6JOa_A1464_1_0000251	E0001495
ITKC_MI_0092A	탁영집	濯纓集	김일손	金馹孫	1464		1498		金海	金海 金	G002+AKS-KHF_13AE40C77CC190B1464X0	PPL_6JOa_A1464_1_0002528	E0010281
ITKC_MI_0093A	수헌집	睡軒集	권오복	權五福	1467		1498		醴泉	醴泉 權	G002+AKS-KHF_13AD8CC624BCF5B1467X0	PPL_6JOa_A1467_1_0000887	E0007001
ITKC_MI_0094A	농암집	聾巖集	이현보	李賢輔	1467		1555		永川	永川 李	G002+AKS-KHF_13C774D604BCF4B1467X0	PPL_6JOa_A1467_1_0011021	E0046501
ITKC_MI_0095A	망헌유고	忘軒遺稿	이주	李胄	1468		1504		固城	固城 李	G002+AKS-KHF_12C774C8FCFFFFB1468X0	PPL_6JOa_A1468_1_0010640	E0045963
ITKC_MI_0096A	송재집	松齋集	이우	李堣	1469		1517		眞寶	眞寶 李	G002+AKS-KHF_12C774C6B0FFFFB1432X0	PPL_6JOa_A1469_1_0010146	E0045282
ITKC_MI_0097A	허암유집	虛庵遺集	정희량	鄭希良	1469				海州	海州 鄭	G002+AKS-KHF_13C815D76CB7C9B1469X0	PPL_6JOa_A1469_1_0012506	E0051210
ITKC_MI_0098A	송당집	松堂集	박영	朴英	1471		1540		密陽	密陽 朴		PPL_6JOa_A1471_1_0004517	E0020930
ITKC_MI_0099A	이평사집	李評事集	이목	李穆	1471		1498		全州	全州 李	G002+AKS-KHF_12C774BAA9FFFFB1471X0		
ITKC_MI_0100A	십청집	十淸集	김세필	金世弼	1473		1533		慶州	慶州 金	G002+AKS-KHF_13AE40C138D544B1473X0	PPL_6JOa_A1473_1_0001910	E0009524
ITKC_MI_0101A	안분당시집	安分堂詩集	이희보	李希輔	1473		1548		平壤	平壤 李	G002+AKS-KHF_13C774D76CBCF4B1473X0	PPL_6JOa_A1473_1_0011182	E0046721
ITKC_MI_0102A	우암고	寓菴稿	홍언충	洪彥忠	1473		1508		缶溪	缶溪 洪			
ITKC_MI_0103A	우정집	憂亭集	김극성	金克成	1474		1540		光山	光山 金	G002+AKS-KHF_13AE40ADF9C131B1474X0	PPL_6JOa_A1474_1_0001314	E0008797
ITKC_MI_0104A	눌재집	訥齋集	박상	朴祥	1474		1530		忠州	忠州 朴	G002+AKS-KHF_12BC15C0C1FFFFB1474X0	PPL_6JOa_A1474_1_0004369	E0020750
ITKC_MI_0105A	대관재난고	大觀齋亂稿	심의	沈義	1475				豐山	豐山 沈	G002+AKS-KHF_12C2ECC758FFFFB1475X0	PPL_6JOa_A1475_1_0006668	E0033895
ITKC_MI_0106A	묵재집	默齋集	홍언필	洪彥弼	1476		1549		南陽	南陽 洪			
ITKC_MI_0107A	충재집	冲齋集	권벌	權橃	1478		1548		安東	安東 權	G002+AKS-KHF_12AD8CBC8CFFFFB1478X0	PPL_6JOa_A1478_1_0000817	E0006915
ITKC_MI_0108A	모재집	慕齋集	김안국	金安國	1478		1543		義城	義城 金	G002+AKS-KHF_13AE40C548AD6DB1478X0	PPL_6JOa_A1478_1_0002076	E0009720
ITKC_MI_0109A	용재집	容齋集	이행	李荇	1478		1534		德水	德水 李	G002+AKS-KHF_12C774D589FFFFB1478X0	PPL_6JOa_A1478_1_0010987	E0046453
ITKC_MI_0110A	읍취헌유고	挹翠軒遺稿	박은	朴誾	1479		1504		高靈	高靈 朴	G002+AKS-KHF_12BC15C740FFFFB1479X0	PPL_6JOa_A1479_1_0004594	E0021024
ITKC_MI_0111A	음애집	陰崖集	이자	李耔	1480		1533		韓山	韓山 李	G002+AKS-KHF_12C774C790FFFFB1480X0	PPL_6JOa_A1480_1_0010429	E0045665
ITKC_MI_0112A	학포집	學圃集	양팽손	梁彭孫	1488		1545		濟州	濟州 梁	G002+AKS-KHF_13C591D33DC190B1488X0	PPL_6JOa_A1488_1_0007100	E0035825
ITKC_MI_0113A	희락당고	希樂堂稿	김안로	金安老	1481		1537		延安	延安 金	G002+AKS-KHF_13AE40C548B85CB1481X0	PPL_6JOa_A1481_1_0002077	E0009722
ITKC_MI_0114A	정암집	靜菴集	조광조	趙光祖	1482		1519		漢陽	漢陽 趙	G002+AKS-KHF_13C870AD11C870B1482X0	PPL_6JOa_A1482_1_0012564	E0051606
ITKC_MI_0115A	월연집	月淵集	이태	李迨	1483		1536		驪州	驪州 李	G002+AKS-KHF_12C774D0DCFFFFB1483X0	PPL_6JOa_A1483_1_0010901	E0046316
ITKC_MI_0116A	기재집	企齋集	신광한	申光漢	1484		1555		高靈	高靈 申	G002+AKS-KHF_13C2E0AD11D55CB1484X0	PPL_6JOa_A1484_1_0006251	E0032684
ITKC_MI_0117A	사재집	思齋集	김정국	金正國	1485		1541		義城	義城 金	G002+AKS-KHF_13AE40C815AD6DB1485X0	PPL_6JOa_A1485_1_0002601	E0010379
ITKC_MI_0118A	충암집	冲庵集	김정	金淨	1486		1521		慶州	慶州 金	G002+AKS-KHF_12AE40C815FFFFB1486X0	PPL_6JOa_A1486_1_0002595	E0010372
ITKC_MI_0119A	양곡집	陽谷集	소세양	蘇世讓	1486		1562		晉州	晉州 蘇	G002+AKS-KHF_13C18CC138C591B1486X0	PPL_6JOa_A1486_1_0005814	E0030135
ITKC_MI_0120A	송재집	松齋集	한충	韓忠	1486		1521		淸州	淸州 韓	G002+AKS-KHF_12D55CCDA9FFFFB1486X0	PPL_6JOa_A1486_1_0014333	E0062027
ITKC_MI_0121A	규암집	圭菴集	송인수	宋麟壽	1499		1547		恩津	恩津 宋	G002+AKS-KHF_13C1A1C778C218B1499X0	PPL_6JOa_A1499_1_0006065	E0031018
ITKC_MI_0122A	어촌집	漁村集	심언광	沈彥光	1487		1540		三陟	三陟 沈			
ITKC_MI_0123A	자암집	自菴集	김구	金絿	1488		1534		光州	光州 金	G002+AKS-KHF_12AE40AD6CFFFFB1488X0	PPL_6JOa_A1488_1_0001270	E0008751
ITKC_MI_0124A	화담집	花潭集	서경덕	徐敬德	1489		1546		唐城	唐城 徐	G002+AKS-KHF_13C11CACBDB355B1489X0	PPL_6JOa_A1489_1_0005364	E0027580
ITKC_MI_0125A	회재집	晦齋集	이언적	李彥迪	1491		1553		驪州	驪州 李			
ITKC_MI_0126A	호음잡고	湖陰雜稿	정사용	鄭士龍	1491		1570		東萊	東萊 鄭	G002+AKS-KHF_13C815C0ACB8E1B1491X0	PPL_6JOa_A1491_1_0012049	E0050307
ITKC_MI_0127A	덕양유고	德陽遺稿	기준	奇遵	1492		1521		幸州	幸州 奇	G002+AKS-KHF_12AE30C900FFFFB1492X0	PPL_6JOa_A1492_1_0001092	E0008441
ITKC_MI_0128A	양심당집	養心堂集	조성	趙晟	1492		1555		平壤	平壤 趙		PPL_6JOa_A1492_1_0012739	E0052280
ITKC_MI_0129A	입암집	立巖集	민제인	閔齊仁	1493		1549		驪興	驪興 閔	G002+AKS-KHF_13BBFCC81CC778B1493X0	PPL_6JOa_A1493_1_0004105	E0020254
ITKC_MI_0130A	범허정집	泛虛亭集	상진	尙震	1493		1564		木川	木川 尙	G002+AKS-KHF_12C0C1C9C4FFFFB1493X0	PPL_6JOa_A1493_1_0005355	E0027352
ITKC_MI_0131A	청송집	聽松集	성수침	成守琛	1493		1564		昌寧	昌寧 成		PPL_6JOa_A1493_1_0005706	E0029400
ITKC_MI_0132A	면앙집	俛仰集	송순	宋純	1493		1582		新平	新平 宋	G002+AKS-KHF_12C1A1C21CFFFFB1493X0	PPL_6JOa_A1493_1_0006016	E0030890
ITKC_MI_0133A	잠암일고	潛庵逸稿	김의정	金義貞	1495		1547		豐山	豐山 金	G002+AKS-KHF_13AE40C758C815B1495X0	PPL_6JOa_A1495_1_0002436	E0010170
ITKC_MI_0134A	무릉잡고	武陵雜稿	주세붕	周世鵬	1495		1554		尙州	尙州 周	G002+AKS-KHF_13C8FCC138BD95B1495X0	PPL_6JOa_A1495_1_0013090	E0053318
ITKC_MI_0135A	온계일고	溫溪逸稿	이해	李瀣	1496		1550		眞寶	眞寶 李	G002+AKS-KHF_12C774D574FFFFB1496X0	PPL_6JOa_A1496_1_0010974	E0046436
ITKC_MI_0136A	석천시집	石川詩集	임억령	林億齡	1496		1568		善山	善山 林	G002+AKS-KHF_13C784C5B5B839B1496X0	PPL_6JOa_A1496_1_0011362	E0047543
ITKC_MI_0137A	대곡집	大谷集	성운	成運	1497		1579		昌寧	昌寧 成	G002+AKS-KHF_12C131C6B4FFFFB1497X0	PPL_6JOa_A1497_1_0005724	E0029467
ITKC_MI_0138A	송재유고	松齋遺稿	나세찬	羅世纘	1498		1551		羅州	羅州 羅	G002+AKS-KHF_13B098C138CC2CB1498X0	PPL_6JOa_A1498_1_0003197	E0011390
ITKC_MI_0139A	장음정유고	長吟亭遺稿	나식	羅湜	1498		1546		安定	安定 羅	G002+AKS-KHF_12B098C2DDFFFFB1498X0	PPL_6JOa_A1498_1_0003200	E0011396
ITKC_MI_0140A	용문집	龍門集	조욱	趙昱	1498		1557		平壤	平壤 趙		PPL_6JOa_A1498_1_0012825	E0052434
ITKC_MI_0141A	동고유고	東皐遺稿	이준경	李浚慶	1499		1572		廣州	廣州 李	G002+AKS-KHF_13C774C900ACBDB1499X0	PPL_6JOa_A1499_1_0010659	E0045986
ITKC_MI_0142A	일재집	一齋集	이항	李恒	1499		1576		星州	星州 李		PPL_6JOa_A1499_1_0010966	E0046422
ITKC_MI_0143A	갈천집	葛川集	임훈	林薰	1500		1584		恩津	恩津 林	G002+AKS-KHF_12C784D6C8FFFFB1537X0	PPL_6JOa_A1500_1_0011476	E0047770
ITKC_MI_0144A	퇴계집	退溪集	이황	李滉	1501		1570		眞寶	眞寶 李	G002+AKS-KHF_12C774D669FFFFB1501X0		
ITKC_MI_0145A	남명집	南冥集	조식	曺植	1501		1572		昌寧	昌寧 曺		PPL_6JOa_A1501_1_0012774	E0052336
ITKC_MI_0146A	간재집	艮齋集	최연	崔演	1503		1549		江陵	江陵 崔	G002+AKS-KHF_12CD5CC5F0FFFFB1500X0	PPL_6JOa_A1503_1_0013677	E0057463
ITKC_MI_0147A	금호유고	錦湖遺稿	임형수	林亨秀	1514		1547		平澤	平澤 林	G002+AKS-KHF_13C784D615C218B1514X0	PPL_6JOa_A1504_1_0011465	E0047749
ITKC_MI_0148A	인재집	忍齋集	홍섬	洪暹	1504		1585		南陽	南陽 洪	G002+AKS-KHF_12D64DC12CFFFFB1504X0	PPL_6JOa_A1504_1_0014795	E0064163
ITKC_MI_0149A	추파집	秋坡集	송기수	宋麒壽	1507		1581		恩津	恩津 宋	G002+AKS-KHF_13C1A1AE30C218B1507X0	PPL_6JOa_A1507_1_0005942	E0030727
ITKC_MI_0150A	십성당집	十省堂集	엄흔	嚴昕	1508		1543	1553	寧越	寧越 嚴	G002+AKS-KHF_12C5C4D754FFFFB1508X0	PPL_6JOa_A1508_1_0007181	E0036241
ITKC_MI_0151A	하서전집	河西全集	김인후	金麟厚	1510		1560		蔚山	蔚山 金	G002+AKS-KHF_13AE40C778D6C4U9999X0	PPL_6JOa_A1510_1_0002521	E0010265
ITKC_MI_0152A	우암유집	寓庵遺集	김주	金澍	1512		1563		安東	安東 金	G002+AKS-KHF_12AE40C8FCFFFFB1512X0	PPL_6JOb_A1512_1_0002700	E0010533
ITKC_MI_0153A	부훤당유고	負暄堂遺稿	오상	吳祥	1512		1573		海州	海州 吳	G002+AKS-KHF_12C624C0C1FFFFB1512X0	PPL_6JOa_A1512_1_0007399	E0038316
ITKC_MI_0154A	구암집	龜巖集	이정	李楨	1512		1571		泗川	泗川 李	G002+AKS-KHF_12C774C815FFFFB1512X0	PPL_6JOa_A1512_1_0010513	E0045795
ITKC_MI_0155A	유헌집	游軒集	정황	丁熿	1512		1560		昌原	昌原 丁	G002+AKS-KHF_12C815D669FFFFB1512X0	PPL_6JOa_A1512_1_0012489	E0051188
ITKC_MI_0156A	수암유고	守庵遺稿	박지화	朴枝華	1513		1592		旌善	旌善 朴		PPL_6JOb_A1513_1_0004752	E0021220
ITKC_MI_0157A	미암집	眉巖集	유희춘	柳希春	1513		1577		善山	善山 柳	G002+AKS-KHF_13C720D76CCD98B1513X0	PPL_6JOa_A1513_1_0008376	E0042058
ITKC_MI_0158A	국간집	菊磵集	윤현	尹鉉	1514		1578		坡平	坡平 尹	G002+AKS-KHF_12C724D604FFFFB1514X0	PPL_6JOa_A1514_1_0008759	E0042678
ITKC_MI_0159A	소재집	穌齋集	노수신	盧守愼	1515		1590		光州	光州 盧	G002+AKS-KHF_13B178C218C2E0B1515X0	PPL_6JOa_A1515_1_0003417	E0012812
ITKC_MI_0160A	임당유고	林塘遺稿	정유길	鄭惟吉	1515		1588		東萊	東萊 鄭	G002+AKS-KHF_13C815C720AE38B1515X0	PPL_6JOa_A1515_1_0012239	E0050684
ITKC_MI_0161A	치재유고	耻齋遺稿	홍인우	洪仁祐	1515		1554		南陽	南陽 洪	G002+AKS-KHF_13D64DC778C6B0B1515X0	PPL_6JOa_A1515_1_0014902	E0064350
ITKC_MI_0162A	이암유고	頤庵遺稿	송인	宋寅	1517		1584		礪山	礪山 宋		PPL_6JOa_A1517_1_0006061	E0031012
ITKC_MI_0163A	청천당시집	聽天堂詩集	심수경	沈守慶	1516		1599		豐山	豐山 沈	G002+AKS-KHF_13C2ECC218ACBDB1516X0	PPL_6JOb_A1516_1_0006641	E0033834
ITKC_MI_0164A	소고집	嘯皐集	박승임	朴承任	1517		1586		潘南	潘南 朴	G002+AKS-KHF_13BC15C2B9C784B1517X0	PPL_6JOa_A1517_1_0004473	E0020871
ITKC_MI_0165A	봉래시집	蓬萊詩集	양사언	楊士彥	1517		1584		淸州	淸州 楊			
ITKC_MI_0166A	토정유고	土亭遺稿	이지함	李之菡	1517		1578		韓山	韓山 李		PPL_6JOa_A1517_1_0010741	E0046084
ITKC_MI_0167A	첨모당집	瞻慕堂集	임운	林芸	1517		1572		恩津	恩津 林			
ITKC_MI_0168A	초당집	草堂集	허엽	許曄	1517		1580		陽川	陽川 許	G002+AKS-KHF_12D5C8C5FDFFFFB1517X0	PPL_6JOa_A1517_1_0014489	E0063097
ITKC_MI_0169A	금계집	錦溪集	황준량	黃俊良	1517		1563		平海	平海 黃	G002+AKS-KHF_13D669C900B7C9B1517X0	PPL_6JOa_A1517_1_0015127	E0065338
ITKC_MI_0170A	옥계집	玉溪集	노진	盧禛	1518		1578		豐川	豐川 盧	G002+AKS-KHF_12B178C9C4FFFFB1518X0	PPL_6JOa_A1518_1_0003457	E0012909
ITKC_MI_0171A	동원집	東園集	김귀영	金貴榮	1520		1594	1593	尙州	尙州 金	G002+AKS-KHF_13AE40ADC0C601B1520X0	PPL_6JOb_A1520_1_0001291	E0008773
ITKC_MI_0172A	송천유집	松川遺集	양응정	梁應鼎	1519		1581		濟州	濟州 梁	G002+AKS-KHF_13C591C751C815B1519X0	PPL_6JOa_A1519_1_0007069	E0035701
ITKC_MI_0173A	주천유고	舟川遺稿	강유선	康惟善	1520		1549		信川	信川 康	G002+AKS-KHF_13AC15C720C120B1520X0	PPL_6JOa_A1520_1_0000163	E0001328
ITKC_MI_0174A	습재집	習齋集	권벽	權擘	1520		1593		安東	安東 權	G002+AKS-KHF_12AD8CBCBDFFFFB1520X0	PPL_6JOb_A1520_1_0000818	E0006917
ITKC_MI_0175A	덕계집	德溪集	오건	吳健	1521		1574		咸陽	咸陽 吳	G002+AKS-KHF_12C624AC74FFFFB1521X0	PPL_6JOa_A1521_1_0007349	E0038080
ITKC_MI_0176A	개암집	介庵集	강익	姜翼	1523		1567		晉州	晉州 姜		PPL_6JOa_A1523_1_0000182	E0001354
ITKC_MI_0177A	고청유고	孤靑遺稾	서기	徐起	1523		1591		利川	利川 徐		PPL_6JOa_A1523_1_0005382	E0027655
ITKC_MI_0178A	사암집	思菴集	박순	朴淳	1523		1589		忠州	忠州 朴	G002+AKS-KHF_12BC15C21CFFFFB1523X0	PPL_6JOa_A1523_1_0004454	E0020849
ITKC_MI_0179A	월천집	月川集	조목	趙穆	1524		1606		橫城	橫城 趙	G002+AKS-KHF_12C870BAA9FFFFB1524X0	PPL_6JOb_A1524_1_0012645	E0051751
ITKC_MI_0180A	물암집	勿巖集	김륭	金隆	1549		1594	1593	咸昌	咸昌 金		PPL_6JOb_A1549_1_0001526	E0009059
ITKC_MI_0181A	백담집	栢潭集	구봉령	具鳳齡	1526		1586		綾城	綾城 具	G002+AKS-KHF_13AD6CBD09B839B1538X0	PPL_6JOa_A1526_1_0000663	E0005792
ITKC_MI_0182A	옥동집	玉洞集	문익성	文益成	1526		1584		南平	南平 文	G002+AKS-KHF_13BB38C775C131B1526X0	PPL_6JOa_A1526_1_0003909	E0019626
ITKC_MI_0183A	죽천집	竹川集	박광전	朴光前	1526		1597		珍原	珍原 朴		PPL_6JOb_A1526_1_0004221	E0020556
ITKC_MI_0184A	약포집	藥圃集	정탁	鄭琢	1526		1605		淸州	淸州 鄭	G002+AKS-KHF_12C815D0C1FFFFB1526X0	PPL_6JOb_A1526_1_0012417	E0051045
ITKC_MI_0185A	고봉집	高峯集	기대승	奇大升	1527		1572		幸州	幸州 奇	G002+AKS-KHF_13AE30B300C2B9B1527X0	PPL_6JOa_A1527_1_0001060	E0008148
ITKC_MI_0186A	우득록	愚得錄	정개청	鄭介淸	1529		1590		固城	固城 鄭		PPL_6JOa_A1529_1_0011849	E0049907
ITKC_MI_0187A	팔곡집	八谷集	구사맹	具思孟	1531		1604		綾城	綾城 具	G002+AKS-KHF_13AD6CC0ACB9F9B1531X0	PPL_6JOb_A1531_1_0000667	E0005816
ITKC_MI_0188A	설월당집	雪月堂集	김부윤	金富倫	1531		1598		光山	光山 金	G002+AKS-KHF_13AE40BD80B95CB1531X0	PPL_6JOb_A1531_1_0001701	E0009274
ITKC_MI_0189A	송암집	松巖集	권호문	權好文	1532		1587		安東	安東 權		PPL_6JOa_A1532_1_0000993	E0007138
ITKC_MI_0190A	성암유고	省菴遺稿	김효원	金孝元	1542		1590		善山	善山 金	G002+AKS-KHF_13AE40D6A8C6D0B1542X0	PPL_6JOa_A1532_1_0003124	E0011133
ITKC_MI_0191A	백록유고	白麓遺稿	신응시	辛應時	1532		1585		寧越	寧越 辛	G002+AKS-KHF_13C2E0C751C2DCB1532X0	PPL_6JOa_A1532_1_0006437	E0033264
ITKC_MI_0192A	지천집	芝川集	황정욱	黃廷彧	1532		1607		長水	長水 黃	G002+AKS-KHF_13D669C815C6B1B1532X0	PPL_6JOb_A1532_1_0015119	E0065302
ITKC_MI_0193A	오음유고	梧陰遺稿	윤두수	尹斗壽	1533		1601		海平	海平 尹	G002+AKS-KHF_13C724B450C218B1533X0	PPL_6JOb_A1533_1_0008464	E0042299
ITKC_MI_0194A	제봉집	霽峯集	고경명	高敬命	1533		1592		長興	長興 高	G002+AKS-KHF_13ACE0ACBDBA85B1533X0	PPL_6JOb_A1533_1_0000386	E0003297
ITKC_MI_0195A	문봉집	文峯集	정유일	鄭惟一	1533		1576		東萊	東萊 鄭	G002+AKS-KHF_13C815C720C77CB1533X0	PPL_6JOa_A1533_1_0012245	E0050690
ITKC_MI_0196A	초간집	草澗集	권문해	權文海	1534		1591		醴泉	醴泉 權	G002+AKS-KHF_13AD8CBB38D574B1534X0	PPL_6JOa_A1534_1_0000813	E0006910
ITKC_MI_0197A	구봉집	龜峯集	송익필	宋翼弼	1534		1599		礪山	礪山 宋		PPL_6JOb_A1534_1_0006060	E0031011
ITKC_MI_0198A	우계집	牛溪集	성혼	成渾	1535		1598		昌寧	昌寧 成		PPL_6JOb_A1535_1_0005779	E0029706
ITKC_MI_0199A	내암집	來庵集	정인홍	鄭仁弘	1536	1535	1623		瑞山	瑞山 鄭	G002+AKS-KHF_13C815C778D64DB1536X0	PPL_6JOb_A1535_1_0012296	E0050807
ITKC_MI_0200A	청강집	淸江集	이제신	李濟臣	1536		1583	1584	全義	全義 李	G002+AKS-KHF_13C774C81CC2E0B1536X0	PPL_6JOa_A1536_1_0010569	E0045873
ITKC_MI_0201A	율곡전서	栗谷全書	이이	李珥	1536		1584		德水	德水 李	G002+AKS-KHF_12C774C774FFFFB1536X0	PPL_6JOa_A1536_1_0010341	E0045546
ITKC_MI_0202A	약포유고	藥圃遺稿	이해수	李海壽	1536		1599		全義	全義 李	G002+AKS-KHF_13C774D574C218B1536X0	PPL_6JOb_A1536_1_0010980	E0046444
ITKC_MI_0203A	송강집	松江集	정철	鄭澈	1536		1593		延日	延日 鄭	G002+AKS-KHF_12C815CCA0FFFFB1536X0	PPL_6JOb_A1536_1_0012394	E0050998
ITKC_MI_0204A	졸옹집	拙翁集	홍성민	洪聖民	1536		1594		南陽	南陽 洪	G002+AKS-KHF_13D64DC131BBFCB1536X0	PPL_6JOb_A1536_1_0014799	E0064172
ITKC_MI_0205A	건재집	健齋集	김천일	金千鎰	1537		1593		彥陽	彥陽 金		PPL_5COc_A9999_1_0002880	E0010759
ITKC_MI_0206A	옥봉집	玉峯集	백광훈	白光勳	1537		1582		海美	海美 白		PPL_6JOa_A1537_1_0005019	E0022001
ITKC_MI_0207A	월정집	月汀集	윤근수	尹根壽	1537		1616		海平	海平 尹	G002+AKS-KHF_13C724ADFCC218B1537X0	PPL_6JOb_A1537_1_0008423	E0042241
ITKC_MI_0208A	대소헌일고	大笑軒逸稿	조종도	趙宗道	1537		1597		咸安	咸安 趙	G002+AKS-KHF_13C870C885B3C4B1537X0	PPL_6JOb_A1537_1_0012936	E0052609
ITKC_MI_0209A	아계유고	鵝溪遺稿	이산해	李山海	1539		1609		韓山	韓山 李	G002+AKS-KHF_13C774C0B0D574B1539X0	PPL_6JOb_A1539_1_0009633	E0044553
ITKC_MI_0210A	학봉집	鶴峯集	김성일	金誠一	1538		1593		義城	義城 金	G002+AKS-KHF_13AE40C131C77CB1538X0	PPL_6JOb_A1538_1_0001873	E0009485
ITKC_MI_0211A	백곡집	栢谷集	정곤수	鄭崐壽	1538		1602		淸州	淸州 鄭			
ITKC_MI_0212A	각재집	覺齋集	하항	河沆	1538		1590		晉州	晉州 河	G002+AKS-KHF_12D558D56DFFFFB1538X0	PPL_6JOb_A1538_1_0028033	
ITKC_MI_0213A	겸암집	謙菴集	유운룡	柳雲龍	1539		1601		豐山	豐山 柳		PPL_6JOb_A1539_1_0008169	E0041703
ITKC_MI_0214A	파곡유고	坡谷遺稿	이성중	李誠中	1539		1593		全州	全州 李	G002+AKS-KHF_13C774C131C911B1539X0		
ITKC_MI_0215A	간이집	簡易集	최립	崔岦	1539		1612		通川	通川 崔	G002+AKS-KHF_12CD5CB9BDFFFFB1539X0	PPL_6JOb_A1539_1_0013537	E0057278
ITKC_MI_0216A	고죽유고	孤竹遺稿	최경창	崔慶昌	1539		1583		海州	海州 崔	G002+AKS-KHF_13CD5CACBDCC3DB1539X0	PPL_6JOa_A1539_1_0013458	E0057178
ITKC_MI_0217A	백암집	栢巖集	김륵	金玏	1540		1616		禮安	禮安 金	G002+AKS-KHF_12AE40B975FFFFB1540X0	PPL_6JOb_A1540_1_0001527	E0009060
ITKC_MI_0218A	동강집	東岡集	김우옹	金宇顒	1540		1603		義城	義城 金	G002+AKS-KHF_13AE40C6B0C639B1540X0	PPL_6JOb_A1540_1_0002295	E0009997
ITKC_MI_0219A	송애집	松崖集	박여룡	朴汝龍	1541		1611		沔川	沔川 朴	G002+AKS-KHF_13BC15C5ECB8E1B1541X0	PPL_6JOb_A1541_1_0004509	E0020919
ITKC_MI_0220A	간재집	艮齋集	이덕홍	李德弘	1541		1596		永川	永川 李		PPL_6JOb_A1541_1_0009298	E0044019
ITKC_MI_0221A	사류재집	四留齋集	이정암	李廷馣	1541		1600		慶州	慶州 李	G002+AKS-KHF_13C774C815C554B1541X0	PPL_6JOb_A1541_1_0010550	E0045839
ITKC_MI_0222A	만전집	晚全集	홍가신	洪可臣	1541		1615		南陽	南陽 洪		PPL_6JOb_A1541_1_0014669	E0063938
ITKC_MI_0223A	풍애집	楓崖集	안민학	安敏學	1542		1601		廣州	廣州 安		PPL_6JOb_A1542_1_0006813	E0034732
ITKC_MI_0224A	서애집	西厓集	유성룡	柳成龍	1542		1607		豐山	豐山 柳	G002+AKS-KHF_13C720C131B8E1B1542X0	PPL_6JOb_A1542_1_0008069	E0041546
ITKC_MI_0225A	옥산시고	玉山詩稿	이우	李瑀	1542		1609		德水	德水 李		PPL_6JOb_A1542_1_0010147	E0045283
ITKC_MI_0226A	고담일고	孤潭逸稿	이순인	李純仁	1533		1592		全義	全義 李	G002+AKS-KHF_13C774C21CC778B1533X0	PPL_6JOb_A1533_1_0009892	E0044908
ITKC_MI_0227A	한강집	寒岡集	정구	鄭逑	1543		1620		淸州	淸州 鄭		PPL_6JOb_A1543_1_0011892	E0049982
ITKC_MI_0228A	청계집	靑溪集	양대박	梁大樸	1543	1544	1592		南原	南原 梁		PPL_6JOb_A1544_1_0007010	E0035452
ITKC_MI_0229A	송암집	松巖集	이로	李魯	1544		1598		固城	固城 李	G002+AKS-KHF_12C774B85CFFFFB1544X0	PPL_6JOb_A1544_1_0009360	E0044118
ITKC_MI_0230A	중봉집	重峰集	조헌	趙憲	1544		1592		白川	白川 趙	G002+AKS-KHF_12C870D5CCFFFFB1544X0	PPL_6JOb_A1544_1_0013015	E0052754
ITKC_MI_0231A	촌은집	村隱集	유희경	劉希慶	1545		1636		江華	江華 劉		PPL_6JOb_A1545_1_0008369	E0042048
ITKC_MI_0232A	이충무공전서	李忠武公全書	이순신	李舜臣	1545		1598		德水	德水 李	G002+AKS-KHF_13C774C21CC2E0B1545X0	PPL_6JOb_A1545_1_0009888	E0044900
ITKC_MI_0233A	지산집	芝山集	조호익	曺好益	1545		1609		昌寧	昌寧 曺		PPL_6JOb_A1545_1_0013028	E0052769
ITKC_MI_0234A	지헌집	芝軒集	정사성	鄭士誠	1545		1607		淸州	淸州 鄭		PPL_6JOb_A1545_1_0012052	E0050311
ITKC_MI_0235A	부사집	浮査集	성여신	成汝信	1546		1632		昌寧	昌寧 成	G002+AKS-KHF_13C131C5ECC2E0B1546X0	PPL_6JOb_A1546_1_0005713	E0029446
ITKC_MI_0236A	용담집	龍潭集	박이장	朴而章	1547		1622		順天	順天 朴	G002+AKS-KHF_13BC15C774C7A5B1547X0	PPL_6JOb_A1547_1_0004622	E0021054
ITKC_MI_0237A	오리집	梧里集	이원익	李元翼	1547		1634		全州	全州 李	G002+AKS-KHF_13C774C6D0C775B1547X0	PPL_6JOb_A1547_1_0010204	E0045372
ITKC_MI_0238A	사계유고	沙溪遺稿	김장생	金長生	1548		1631		光山	光山 金		PPL_6JOb_A1548_1_0002553	E0010318
ITKC_MI_0239A	일송집	一松集	심희수	沈喜壽	1548		1622		靑松	靑松 沈	G002+AKS-KHF_13C2ECD76CC218B1548X0	PPL_6JOb_A1548_1_0006721	E0033981
ITKC_MI_0240A	악록집	岳麓集	허성	許筬	1548		1612		陽川	陽川 許	G002+AKS-KHF_12D5C8C131FFFFB1548X0	PPL_6JOb_A1548_1_0014481	E0063081
ITKC_MI_0241A	서경집	西坰集	유근	柳根	1549		1627		晉州	晉州 柳	G002+AKS-KHF_12C720ADFCFFFFB1549X0	PPL_6JOb_A1549_1_0007928	E0041297
ITKC_MI_0242A	지퇴당집	知退堂集	이정형	李廷馨	1549		1607		慶州	慶州 李	G002+AKS-KHF_13C774C815D615B1549X0	PPL_6JOb_A1549_1_0010559	E0045857
ITKC_MI_0243A	임백호집	林白湖集	임제	林悌	1549		1587		羅州	羅州 林	G002+AKS-KHF_12C784C81CFFFFB1549X0	PPL_6JOa_A1549_1_0011416	E0047637
ITKC_MI_0244A	천곡집	泉谷集	송상현	宋象賢	1551		1592		礪山	礪山 宋	G002+AKS-KHF_13C1A1C0C1D604B1551X0	PPL_6JOb_A1551_1_0005997	E0030855
ITKC_MI_0245A	하곡집	荷谷集	허봉	許篈	1551		1588		陽川	陽川 許	G002+AKS-KHF_12D5C8BD09FFFFB1551X0	PPL_6JOa_A1551_1_0014472	E0063064
ITKC_MI_0246A	망우집	忘憂集	곽재우	郭再祐	1552		1617		玄風	玄風 郭		PPL_6JOb_A1552_1_0000587	E0004695
ITKC_MI_0247A	태천집	苔泉集	민인백	閔仁伯	1552		1626		驪興	驪興 閔	G002+AKS-KHF_13BBFCC778BC31B1552X0	PPL_6JOb_A1552_1_0004094	E0020237
ITKC_MI_0248A	만취집	晚翠集	오억령	吳億齡	1552		1618		同福	同福 吳	G002+AKS-KHF_13C624C5B5B839B1552X0	PPL_6JOb_A1552_1_0007436	E0038407
ITKC_MI_0249A	구암유고	久菴遺稿	한백겸	韓百謙	1552		1615		淸州	淸州 韓	G002+AKS-KHF_13D55CBC31ACB8B1552X0	PPL_6JOb_A1552_1_0014191	E0061634
ITKC_MI_0250A	태촌집	泰村集	고상안	高尙顏	1553		1623		開城	開城 高			
ITKC_MI_0251A	오봉집	五峯集	이호민	李好閔	1553		1634		延安	延安 李	G002+AKS-KHF_13C774D638BBFCB1553X0	PPL_6JOb_A1553_1_0011052	E0046549
ITKC_MI_0252A	여헌집	旅軒集	장현광	張顯光	1554		1637		仁同	仁同 張		PPL_6JOb_A1554_1_0011714	E0048902
ITKC_MI_0253A	백졸재유고	百拙齋遺稿	한응인	韓應寅	1554		1614		淸州	淸州 韓	G002+AKS-KHF_13D55CC751C778B1554X0	PPL_6JOb_A1554_1_0014285	E0061885
ITKC_MI_0254A	손곡시집	蓀谷詩集	이달	李達	1539		1610	1612	新平	新平 李	G002+AKS-KHF_12C774B2ECFFFFB1566X0	PPL_6JOb_A1539_1_0009241	E0043945
ITKC_MI_0255A	송정집	松亭集	하수일	河受一	1553		1612		晉州	晉州 河	G002+AKS-KHF_13D558C218C77CB1553X0	PPL_6JOb_A1553_1_0014093	E0060641
ITKC_MI_0256A	검간집	黔澗集	조정	趙靖	1555		1636		豐壤	豐壤 趙	G002+AKS-KHF_12C870C815FFFFB1555X0	PPL_6JOb_A1555_1_0012909	E0052568
ITKC_MI_0257A	계은유고	溪隱遺稿	이정립	李廷立	1556		1595		廣州	廣州 李	G002+AKS-KHF_13C774C815B9BDB1556X0	PPL_6JOb_A1556_1_0010536	E0045820
ITKC_MI_0258A	오산집	五山集	차천로	車天輅	1556		1615		延安	延安 車	G002+AKS-KHF_13CC28CC9CB85CB1556X0	PPL_6JOb_A1556_1_0013308	E0055194
ITKC_MI_0259A	금역당집	琴易堂集	배용길	裵龍吉	1556		1609		興海	興海 裵	G002+AKS-KHF_13BC30C6A9AE38B1556X0	PPL_6JOb_A1556_1_0004977	E0021901
ITKC_MI_0260A	백사집	白沙集	이항복	李恒福	1556		1618		慶州	慶州 李	G002+AKS-KHF_13C774D56DBCF5B1556X0	PPL_6JOb_A1556_1_0010972	E0046429
ITKC_MI_0261A	유천유고	柳川遺稿	한준겸	韓浚謙	1557		1627		淸州	淸州 韓	G002+AKS-KHF_13D55CC900ACB8B1557X0	PPL_6JOb_A1557_1_0014311	E0061971
ITKC_MI_0262A	운천집	雲川集	김용	金涌	1557		1620		義城	義城 金	G002+AKS-KHF_12AE40C6A9FFFFB1557X0	PPL_6JOb_A1557_1_0002249	E0009933
ITKC_MI_0263A	약봉유고	藥峯遺稿	서성	徐渻	1558		1631		達成	達成 徐	G002+AKS-KHF_12C11CC131FFFFB1558X0	PPL_6JOb_A1558_1_0005450	E0027872
ITKC_MI_0264A	외재집	畏齋集	이후경	李厚慶	1558		1630		星州	星州 李		PPL_6JOb_A1558_1_0011124	E0046654
ITKC_MI_0265A	어우집	於于集	유몽인	柳夢寅	1559		1623		興陽	興陽 柳	G002+AKS-KHF_13C720BABDC778B1559X0	PPL_6JOb_A1559_1_0007995	E0041421
ITKC_MI_0266A	창랑집	滄浪集	성문준	成文濬	1559		1626		昌寧	昌寧 成		PPL_6JOb_A1559_1_0005686	E0029324
ITKC_MI_0267A	추탄집	楸灘集	오윤겸	吳允謙	1559		1636		海州	海州 吳	G002+AKS-KHF_13C624C724ACB8B1559X0	PPL_6JOb_A1559_1_0007455	E0038455
ITKC_MI_0268A	창석집	蒼石集	이준	李埈	1560		1635		興陽	興陽 李	G002+AKS-KHF_12C774C900FFFFB1560X0	PPL_6JOb_A1560_1_0010656	E0045983
ITKC_MI_0269A	선원유고	仙源遺稿	김상용	金尙容	1561		1637		安東	安東 金	G002+AKS-KHF_13AE40C0C1C6A9B1561X0	PPL_6JOb_A1561_1_0001769	E0009361
ITKC_MI_0270A	노계집	蘆溪集	박인로	朴仁老	1561		1642		密陽	密陽 朴	G002+AKS-KHF_13BC15C778B85CB1561X0	PPL_6JOb_A1561_1_0004632	E0021064
ITKC_MI_0271A	한음문고	漢陰文稿	이덕형	李德馨	1561		1613		廣州	廣州 李	G002+AKS-KHF_13C774B355D615B1561X0	PPL_6JOb_A1561_1_0009296	E0044017
ITKC_MI_0272A	추포집	秋浦集	황신	黃愼	1562		1617		昌原	昌原 黃	G002+AKS-KHF_12D669C2E0FFFFB1562X0	PPL_6JOb_A1562_1_0015081	E0065230
ITKC_MI_0273A	지봉집	芝峯集	이수광	李睟光	1563		1628		全州	全州 李	G002+AKS-KHF_13C774C218AD11B1563X0	PPL_6JOb_A1563_1_0009831	E0044818
ITKC_MI_0274A	체소집	體素集	이춘영	李春英	1563		1606		全州	全州 李	G002+AKS-KHF_13C774CD98C601B1563X0	PPL_5COc_A9999_1_0010867	E0046269
ITKC_MI_0275A	수몽집	守夢集	정엽	鄭曄	1563		1625		草溪	草溪 鄭	G002+AKS-KHF_12C815C5FDFFFFB1563X0	PPL_6JOb_A1563_1_0012189	E0050594
ITKC_MI_0276A	난설헌시집	蘭雪軒詩集	허초희	許楚姬	1563		1589		陽川	陽川 許			
ITKC_MI_0277A	사서집	沙西集	전식	全湜	1563		1642		沃川	沃川 全	G002+AKS-KHF_12C804C2DDFFFFB1563X0	PPL_6JOb_A1563_1_0011787	E0049508
ITKC_MI_0278A	인재집	訒齋集	최현	崔晛	1563		1640		全州	全州 崔	G002+AKS-KHF_12CD5CD604FFFFB1563X0	PPL_6JOb_A1563_1_0013908	E0057755
ITKC_MI_0279A	우복집	愚伏集	정경세	鄭經世	1563		1633		晉州	晉州 鄭	G002+AKS-KHF_13C815ACBDC138B1563X0	PPL_6JOb_A1563_1_0011858	E0049920
ITKC_MI_0280A	수색집	水色集	허적	許𥛚	1563		1640	1641	陽川	陽川 許	G002+AKS-KHF_12D5C8C801FFFFB1563X0	PPL_6JOb_A1563_1_0014515	E0063135
ITKC_MI_0281A	경당집	敬堂集	장흥효	張興孝	1564		1633		安東	安東 張		PPL_6JOb_A1564_1_0011729	E0048954
ITKC_MI_0282A	월사집	月沙集	이정귀	李廷龜	1564		1635		延安	延安 李		PPL_6JOb_A1564_1_0010522	E0045805
ITKC_MI_0283A	취흘집	醉吃集	유숙	柳潚	1564		1636		興陽	興陽 柳	G002+AKS-KHF_12C720C219FFFFB1564X0	PPL_6JOb_A1564_1_0008301	E0041585
ITKC_MI_0284A	농포집	農圃集	정문부	鄭文孚	1565		1624		海州	海州 鄭	G002+AKS-KHF_13C815BB38BD80B1565X0	PPL_6JOb_A1565_1_0012003	E0050206
ITKC_MI_0285A	금계집	錦溪集	노인	魯認	1566		1622		咸平	咸平 魯		PPL_6JOb_A1566_1_0003440	E0012864
ITKC_MI_0286A	상촌고	象村稿	신흠	申欽	1566		1628		平山	平山 申	G002+AKS-KHF_12C2E0D760FFFFB1566X0	PPL_6JOb_A1566_1_0006565	E0033602
ITKC_MI_0287A	수은집	睡隱集	강항	姜沆	1567		1618		晉州	晉州 姜	G002+AKS-KHF_12AC15D56DFFFFB1567X0	PPL_6JOb_A1567_1_0000244	E0001475
ITKC_MI_0288A	현곡집	玄谷集	조위한	趙緯韓	1567		1649		漢陽	漢陽 趙	G002+AKS-KHF_13C870C704D55CB1567X0	PPL_6JOb_A1567_1_0012846	E0052465
ITKC_MI_0289A	석루유고	石樓遺稿	이경전	李慶全	1567		1644		韓山	韓山 李	G002+AKS-KHF_13C774ACBDC804B1567X0	PPL_6JOb_A1567_1_0008961	E0043570
ITKC_MI_0290A	제호집	霽湖集	양경우	梁慶遇	1568		1629		南原	南原 梁	G002+AKS-KHF_13C591ACBDC6B0B1568X0	PPL_6JOb_A1568_1_0016275	
ITKC_MI_0291A	경암집	敬菴集	노경임	盧景任	1569		1620		安康	安康 盧	G002+AKS-KHF_13B178ACBDC784B1569X0	PPL_6JOb_A1569_1_0003384	E0012636
ITKC_MI_0292A	성소부부고	惺所覆瓿藁	허균	許筠	1569		1618		陽川	陽川 許	G002+AKS-KHF_12D5C8ADE0FFFFB1569X0	PPL_6JOb_A1569_1_0014452	E0063030
ITKC_MI_0293A	벽오유고	碧梧遺稿	이시발	李時發	1569		1626		慶州	慶州 李	G002+AKS-KHF_13C774C2DCBC1CB1569X0	PPL_6JOb_A1569_1_0009943	E0044975
ITKC_MI_0294A	석주집	石洲集	권필	權韠	1569		1612		安東	安東 權		PPL_6JOb_A1569_1_0000981	E0007124
ITKC_MI_0295A	동계집	桐溪集	정온	鄭蘊	1569		1641		草溪	草溪 鄭		PPL_6JOb_A1569_1_0012200	E0050610
ITKC_MI_0296A	남파상국집	南坡相國集	심열	沈悅	1569		1646		靑松	靑松 沈	G002+AKS-KHF_12C2ECC5F4FFFFB1569X0	PPL_6JOb_A1569_1_0006655	E0033862
ITKC_MI_0297A	만회집	晚悔集	권득기	權得己	1570		1622		安東	安東 權		PPL_6JOb_A1570_1_0000802	E0006890
ITKC_MI_0298A	경정집	敬亭集	이민성	李民宬	1570		1629		永川	永川 李	G002+AKS-KHF_13C774BBFCC131B1570X0	PPL_6JOb_A1570_1_0009488	E0044315
ITKC_MI_0299A	청음집	淸陰集	김상헌	金尙憲	1570		1652		安東	安東 金	G002+AKS-KHF_13AE40C0C1D5CCB1570X0	PPL_6JOb_A1570_1_0001791	E0009385
ITKC_MI_0300A	동악집	東岳集	이안눌	李安訥	1571		1637		德水	德水 李	G002+AKS-KHF_13C774C548B20CB1571X0	PPL_6JOb_A1571_1_0009984	E0045051
ITKC_MI_0301A	북저집	北渚集	김류	金瑬	1571		1648		順天	順天 金	G002+AKS-KHF_12AE40B958FFFFB1571X0	PPL_6JOb_A1571_1_0001523	E0009056
ITKC_MI_0302A	구원집	九畹集	이춘원	李春元	1571		1634		咸平	咸平 李		PPL_6JOb_A1571_1_0010870	E0046272
ITKC_MI_0303A	현주집	玄洲集	조찬한	趙纘韓	1572		1631		漢陽	漢陽 趙	G002+AKS-KHF_13C870CC2CD55CB1572X0	PPL_6JOb_A1572_1_0012980	E0052672
ITKC_MI_0304A	학곡집	鶴谷集	홍서봉	洪瑞鳳	1572		1645		南陽	南陽 洪	G002+AKS-KHF_13D64DC11CBD09B1572X0	PPL_6JOb_A1572_1_0014782	E0064146
ITKC_MI_0305A	학호집	鶴湖集	김봉조	金奉祖	1572		1630		豐山	豐山 金		PPL_6JOb_A1572_1_0001694	E0009266
ITKC_MI_0306A	잠야집	潛冶集	박지계	朴知誡	1573		1635		咸陽	咸陽 朴		PPL_6JOb_A1573_1_0004744	E0021209
ITKC_MI_0307A	은봉전서	隱峯全書	안방준	安邦俊	1573		1654		竹山	竹山 安		PPL_6JOb_A1573_1_0006816	E0034738
ITKC_MI_0308A	학천집	鶴泉集	성여학	成汝學	1557				昌寧	昌寧 成		PPL_6JOb_A1557_1_0016203	
ITKC_MI_0309A	자암집	紫巖集	이민환	李民寏	1573		1649		永川	永川 李	G002+AKS-KHF_13C774BBFCD658B1573X0	PPL_6JOb_A1573_1_0009495	E0044323
ITKC_MI_0310A	해봉집	海峯集	홍명원	洪命元	1573		1623		南陽	南陽 洪	G002+AKS-KHF_13D64DBA85C6D0B1573X0	PPL_6JOb_A1573_1_0014744	E0064067
ITKC_MI_0311A	신독재유고	愼獨齋遺稿	김집	金集	1574		1656		光山	光山 金		PPL_6JOb_A1574_1_0002824	E0010678
ITKC_MI_0312A	다산집	茶山集	목대흠	睦大欽	1575		1638		泗川	泗川 睦	G002+AKS-KHF_13BAA9B300D760B1575X0	PPL_6JOb_A1575_1_0003787	E0018606
ITKC_MI_0313A	죽음집	竹陰集	조희일	趙希逸	1575		1638		林川	林川 趙	G002+AKS-KHF_13C870D76CC77CB1575X0	PPL_6JOb_A1575_1_0013052	E0052814
ITKC_MI_0314A	만운집	晚雲集	정충신	鄭忠信	1575	1576	1636		光州	光州 鄭		PPL_6JOb_A1576_1_0012406	E0051022
ITKC_MI_0315A	소암집	疎菴集	임숙영	任叔英	1576		1623		豐川	豐川 任		PPL_6JOb_A1576_1_0011356	E0047504
ITKC_MI_0316A	화당집	化堂集	신민일	申敏一	1576		1650		平山	平山 申		PPL_6JOb_A1576_1_0006326	E0032970
ITKC_MI_0317A	청사집	晴沙集	고용후	高用厚	1577		1652		長興	長興 高	G002+AKS-KHF_13ACE0C6A9D6C4B1577X0	PPL_6JOb_A1577_1_0000468	E0003848
ITKC_MI_0318A	계암집	溪巖集	김령	金坽	1577		1641		光山	光山 金		PPL_6JOb_A1577_1_0001518	E0009050
ITKC_MI_0319A	휴옹집	休翁集	심광세	沈光世	1577		1624		靑松	靑松 沈	G002+AKS-KHF_13C2ECAD11C138B1577X0	PPL_6JOb_A1577_1_0006583	E0033734
ITKC_MI_0320A	후천집	朽淺集	황종해	黃宗海	1579		1642		懷德	懷德 黃		PPL_6JOb_A1579_1_0016506	
ITKC_MI_0321A	포저집	浦渚集	조익	趙翼	1579		1655		豐壤	豐壤 趙	G002+AKS-KHF_12C870C775FFFFB1579X0	PPL_6JOb_A1579_1_0012875	E0052512
ITKC_MI_0322A	잠곡유고	潛谷遺稿	김육	金堉	1580		1658		淸風	淸風 金	G002+AKS-KHF_12AE40C721FFFFB1580X0	PPL_6JOb_A1580_1_0002375	E0010098
ITKC_MI_0323A	월당집	月塘集	강석기	姜碩期	1580		1643		衿川	衿川 姜		PPL_6JOb_A1580_1_0000093	E0001213
ITKC_MI_0324A	기암집	畸庵集	정홍명	鄭弘溟	1582	1592	1650		延日	延日 鄭		PPL_6JOb_A1592_1_0012475	E0051168
ITKC_MI_0325A	백강집	白江集	이경여	李敬輿	1585		1657		全州	全州 李	G002+AKS-KHF_13C774ACBDC5ECB1585X0	PPL_6JOb_A1585_1_0008951	E0043557
ITKC_MI_0326A	택당집	澤堂集	이식	李植	1584		1647		德水	德水 李	G002+AKS-KHF_12C774C2DDFFFFB1530X0	PPL_6JOb_A1584_1_0009970	E0045009
ITKC_MI_0327A	간송집	澗松集	조임도	趙任道	1585		1664		咸安	咸安 趙		PPL_6JOb_A1585_1_0012892	E0052543
ITKC_MI_0328A	지천집	遲川集	최명길	崔鳴吉	1586		1647		全州	全州 崔	G002+AKS-KHF_13CD5CBA85AE38B1586X0	PPL_6JOb_A1586_1_0013543	E0057284
ITKC_MI_0329A	용주유고	龍洲遺稿	조경	趙絅	1586		1669		漢陽	漢陽 趙		PPL_6JOb_A1586_1_0012534	E0051549
ITKC_MI_0330A	죽남당고	竹南堂稿	오준	吳竣	1587		1666		同福	同福 吳		PPL_6JOb_A1587_1_0007502	E0038545
ITKC_MI_0331A	학사집	鶴沙集	김응조	金應祖	1587		1667		豐山	豐山 金		PPL_6JOb_A1587_1_0002419	E0010153
ITKC_MI_0332A	고산유고	孤山遺稿	윤선도	尹善道	1587		1671		海南	海南 尹		PPL_6JOb_A1587_1_0008531	E0042393
ITKC_MI_0333A	계곡집	谿谷集	장유	張維	1587		1638		德水	德水 張	G002+AKS-KHF_12C7A5C720FFFFB1587X0	PPL_6JOb_A1587_1_0011639	E0048727
ITKC_MI_0334A	돈암전서	遯菴全書	선우협	鮮于浹	1588		1653		太原	太原 鮮		PPL_6JOb_A1588_1_0005586	E0028828
ITKC_MI_0335A	낙전당집	樂全堂集	신익성	申翊聖	1588		1644		平山	平山 申		PPL_6JOb_A1588_1_0006450	E0033290
ITKC_MI_0336A	현곡집	玄谷集	정백창	鄭百昌	1588		1635		晉州	晉州 鄭	G002+AKS-KHF_13C815BC31CC3DB1588X0	PPL_6JOb_A1588_1_0012021	E0050243
ITKC_MI_0337A	동주집	東州集	이민구	李敏求	1589		1670		全州	全州 李	G002+AKS-KHF_13C774BBFCAD6CB1589X0	PPL_6JOb_A1589_1_0009484	E0044311
ITKC_MI_0338A	행명재시집	涬溟齋詩集	윤순지	尹順之	1591		1666		海平	海平 尹		PPL_6JOb_A1591_1_0008554	E0042422
ITKC_MI_0339A	천파집	天坡集	오숙	吳䎘	1592		1634		海州	海州 吳		PPL_6JOb_A1592_1_0007425	E0038375
ITKC_MI_0340A	동명집	東溟集	김세렴	金世濂	1593		1646		善山	善山 金		PPL_6JOb_A1593_1_0001896	E0009510
ITKC_MI_0341A	백헌집	白軒集	이경석	李景奭	1595		1671		全州	全州 李		PPL_6JOb_A1595_1_0008943	E0043547
ITKC_MI_0342A	겸재집	謙齋集	하홍도	河弘度	1593		1666		晉州	晉州 河		PPL_6JOb_A1593_1_0014116	E0060743
ITKC_MI_0343A	백주집	白洲集	이명한	李明漢	1595		1645		延安	延安 李		PPL_6JOb_A1595_1_0009443	E0044244
ITKC_MI_0344A	기언	記言	허목	許穆	1595		1682		陽川	陽川 許		PPL_6JOb_A1595_1_0014464	E0063049
ITKC_MI_0345A	백원집	百源集	신석번	申碩蕃	1596		1675		平山	平山 申		PPL_6JOb_A1596_1_0006361	E0033070
ITKC_MI_0346A	동토집	童土集	윤순거	尹舜擧	1596		1668		坡平	坡平 尹		PPL_6JOb_A1596_1_0008552	E0042420
ITKC_MI_0347A	송애집	松崖集	김경여	金慶餘	1596		1653		慶州	慶州 金		PPL_6JOb_A1596_1_0001174	E0008638
ITKC_MI_0348A	경와집	敬窩集	김휴	金烋	1597		1638		義城	義城 金		PPL_6JOb_A1597_1_0003138	E0011151
ITKC_MI_0349A	동명집	東溟集	정두경	鄭斗卿	1597		1673		溫陽	溫陽 鄭		PPL_6JOb_A1597_1_0011969	E0050114
ITKC_MI_0350A	가주집	家州集	이상질	李尙質	1597		1635		全州	全州 李		PPL_6JOb_A1597_1_0009683	E0044620
ITKC_MI_0351A	태계집	台溪集	하진	河溍	1597		1658		晉州	晉州 河		PPL_6JOb_A1597_1_0014110	E0060714
ITKC_MI_0352A	현주집	玄洲集	이소한	李昭漢	1598		1645		延安	延安 李		PPL_6JOb_A1598_1_0009816	E0044799
ITKC_MI_0353A	호주집	湖洲集	채유후	蔡裕後	1599		1660		平康	平康 蔡		PPL_6JOb_A1599_1_0013364	E0055637
ITKC_MI_0354A	포옹집	抱翁集	정양	鄭瀁	1600		1668		迎日	迎日 鄭		PPL_6JOb_A1600_1_0012166	E0050554
ITKC_MI_0355A	용서집	龍西集	윤원거	尹元擧	1601		1672		坡平	坡平 尹		PPL_6JOb_A1601_1_0008608	E0042490
ITKC_MI_0356A	학주전집	鶴洲全集	김홍욱	金弘郁	1602		1654		慶州	慶州 金		PPL_6JOb_A1602_1_0003090	E0011092
ITKC_MI_0357A	양파유고	陽坡遺稿	정태화	鄭太和	1602		1673		東萊	東萊 鄭		PPL_6JOb_A1602_1_0012425	E0051056
ITKC_MI_0358A	설봉유고	雪峯遺稿	강백년	姜栢年	1603		1681		晉州	晉州 姜		PPL_6JOb_A1603_1_0000072	E0001157
ITKC_MI_0359A	만랑집	漫浪集	황호	黃㦿	1604		1656		昌原	昌原 黃		PPL_6JOb_A1604_1_0015155	E0065403
ITKC_MI_0360A	백곡집	柏谷集	김득신	金得臣	1604		1684		安東	安東 金		PPL_6JOb_A1604_1_0001506	E0009035
ITKC_MI_0361A	탄옹집	炭翁集	권시	權諰	1604		1672		安東	安東 權		PPL_6JOb_A1604_1_0000866	E0006975
ITKC_MI_0362A	동강유집	東江遺集	신익전	申翊全	1605		1660		平山	平山 申		PPL_6JOb_A1605_1_0006451	E0033291
ITKC_MI_0363A	석호유고	石湖遺稿	윤문거	尹文擧	1606		1672		坡平	坡平 尹		PPL_6JOb_A1606_1_0008478	E0042318
ITKC_MI_0364A	낙정집	樂静集	조석윤	趙錫胤	1606		1655		白川	白川 趙		PPL_6JOb_A1605_1_0012732	E0051897
ITKC_MI_0365A	남파집	南坡集	홍우원	洪宇遠	1605		1687		南陽	南陽 洪		PPL_6JOb_A1605_1_0014862	E0064289
ITKC_MI_0366A	동춘당집	同春堂集	송준길	宋浚吉	1606		1672		恩津	恩津 宋		PPL_6JOb_A1606_1_0006086	E0031064
ITKC_MI_0367A	송자대전	宋子大全	송시열	宋時烈	1607		1689		恩津	恩津 宋		PPL_6JOb_A1607_1_0006022	E0030898
ITKC_MI_0368A	시남집	市南集	유계	兪棨	1607		1664		杞溪	杞溪 兪		PPL_6JOb_A1607_1_0007900	E0041248
ITKC_MI_0369A	초려집	草廬集	이유태	李惟泰	1607		1684		慶州	慶州 李		PPL_6JOb_A1607_1_0010260	E0045439
